listing_id,user_id,title,description,price,category,location,account_age_days,num_ads_last_24h,num_ads_last_7d,is_verified_user,previous_rejected_ads_count,num_images,has_telegram,has_urgency_word,has_external_contact,price_to_category_median_ratio,label
listing_000001,user_01481,Gaming laptop with warranty,"Used carefully, normal sale, local pickup is possible.",951.31,electronics,Novosibirsk,666,1,5,True,1,2,False,False,False,1.057,0
listing_000002,user_01741,Microwave oven,"Used carefully, normal sale, local pickup is possible.",739.3,home_appliances,Sochi,272,0,5,True,1,5,False,False,False,1.1374,0
listing_000003,user_00499,Studio for long term rent,"Prepayment only, contact me in Telegram.",64591.79,real_estate,Moscow,515,1,6,True,0,3,True,True,True,0.8612,0
listing_000004,user_00498,Leather shoes size 42,"Used carefully, normal sale, local pickup is possible.",57.59,fashion,Kazan,704,0,2,True,0,5,False,False,False,0.4799,0
listing_000005,user_00162,Apartment below market prepayment,"Prepayment only, contact me in Telegram.",14473.36,real_estate,Sochi,17,2,16,False,2,1,True,True,True,0.193,1
listing_000006,user_01259,Microwave oven,"Used carefully, normal sale, local pickup is possible.",871.06,home_appliances,Moscow,758,1,3,True,0,3,False,False,False,1.3401,0
listing_000007,user_00889,Luxury jacket original cheap,"Prepayment only, contact me in Telegram.",62.29,fashion,Kazan,1,5,21,False,2,0,True,True,True,0.5191,1
listing_000008,user_00149,Winter jacket lightly used,"Personal item, can meet in person and answer questions.",148.04,fashion,Moscow,1196,2,3,False,0,4,False,False,False,1.2337,0
listing_000009,user_00426,New table prepay reserve,"Delivery after deposit, no calls, messenger only.",239.34,furniture,Kazan,20,2,10,True,1,1,False,True,True,0.5319,0
listing_000010,user_00402,Used iPhone 13 in good condition,"Used carefully, normal sale, local pickup is possible.",742.97,electronics,Moscow,845,2,5,False,0,2,False,False,False,0.8255,0
listing_000011,user_00081,Washing machine works well,Available for inspection before purchase.,567.46,home_appliances,Moscow,792,2,4,False,1,3,False,False,False,0.873,0
listing_000012,user_01555,Used city bike,"Personal item, can meet in person and answer questions.",9358.82,vehicles,Saint Petersburg,486,2,2,True,0,2,False,False,False,1.101,0
listing_000013,user_01513,Winter jacket lightly used,Available for inspection before purchase.,66.72,fashion,Moscow,1081,0,2,True,0,4,False,False,False,0.556,0
listing_000014,user_00522,Used iPhone 13 in good condition,"Personal item, can meet in person and answer questions.",1123.52,electronics,Novosibirsk,236,4,5,True,0,6,False,False,False,1.2484,0
listing_000015,user_01647,One bedroom apartment near metro,"Used carefully, normal sale, local pickup is possible.",55869.33,real_estate,Moscow,580,2,4,False,1,2,False,False,False,0.7449,0
listing_000016,user_01325,Washing machine works well,"Used carefully, normal sale, local pickup is possible.",508.69,home_appliances,Kazan,273,0,1,True,0,2,False,False,False,0.7826,0
listing_000017,user_01664,Washer cheap Telegram,"Urgent sale today, write outside the platform.",146.71,home_appliances,Novosibirsk,17,3,14,False,1,0,True,True,True,0.2257,1
listing_000018,user_00860,Toyota Corolla 2016 clean documents,"Used carefully, normal sale, local pickup is possible.",6936.3,vehicles,Sochi,952,1,5,True,0,3,False,False,False,0.816,0
listing_000019,user_00519,Leather shoes size 42,"Personal item, can meet in person and answer questions.",143.39,fashion,Saint Petersburg,298,0,6,False,0,4,False,False,False,1.1949,0
listing_000020,user_01062,Microwave oven,Available for inspection before purchase.,592.41,home_appliances,Moscow,965,1,6,False,0,6,False,False,False,0.9114,0
listing_000021,user_01394,Gaming laptop with warranty,Available for inspection before purchase.,938.9,electronics,Kazan,1028,2,5,True,0,4,False,False,False,1.0432,0
listing_000022,user_01404,Dining table with chairs,"Used carefully, normal sale, local pickup is possible.",610.82,furniture,Saint Petersburg,812,0,3,True,0,2,False,False,False,1.3574,0
listing_000023,user_01232,Washer cheap Telegram,"Delivery after deposit, no calls, messenger only.",242.75,home_appliances,Sochi,5,4,15,False,1,2,True,True,True,0.3735,1
listing_000024,user_01091,Scooter cheap today only,"Prepayment only, contact me in Telegram.",4512.61,vehicles,Novosibirsk,17,5,14,False,0,0,True,True,True,0.5309,1
listing_000025,user_00917,Car urgent sale no questions,"Prepayment only, contact me in Telegram.",5180.07,vehicles,Sochi,14,5,12,False,2,2,True,True,True,0.6094,1
listing_000026,user_01040,MacBook sealed prepayment only,"Urgent sale today, write outside the platform.",298.78,electronics,Moscow,12,4,19,False,0,0,False,True,True,0.332,1
listing_000027,user_01142,One bedroom apartment near metro,"Used carefully, normal sale, local pickup is possible.",84927.66,real_estate,Kazan,1373,0,1,True,0,5,False,False,False,1.1324,0
listing_000028,user_00484,New table prepay reserve,"Delivery after deposit, no calls, messenger only.",213.21,furniture,Saint Petersburg,6,7,22,False,1,1,False,True,True,0.4738,1
listing_000029,user_01489,Luxury jacket original cheap,"Personal item, can meet in person and answer questions.",100.36,fashion,Saint Petersburg,492,1,3,True,0,3,False,False,False,0.8363,0
listing_000030,user_00945,Winter jacket lightly used,Available for inspection before purchase.,113.27,fashion,Moscow,1012,0,6,True,0,3,False,False,False,0.9439,0
listing_000031,user_00272,Washing machine works well,Available for inspection before purchase.,271.14,home_appliances,Kazan,1208,0,2,True,1,2,False,False,False,0.4171,0
listing_000032,user_00609,Toyota Corolla 2016 clean documents,Available for inspection before purchase.,9640.62,vehicles,Kazan,1093,0,5,True,0,5,False,False,False,1.1342,0
listing_000033,user_00320,Studio for long term rent,"Used carefully, normal sale, local pickup is possible.",50176.56,real_estate,Kazan,478,1,3,True,0,6,False,False,False,0.669,0
listing_000034,user_00792,One bedroom apartment near metro,Available for inspection before purchase.,96125.17,real_estate,Saint Petersburg,862,0,9,False,0,2,False,False,False,1.2817,0
listing_000035,user_00837,Used iPhone 13 in good condition,Available for inspection before purchase.,1127.0,electronics,Saint Petersburg,1456,0,1,True,0,6,False,False,False,1.2522,0
listing_000036,user_01392,Used city bike,"Used carefully, normal sale, local pickup is possible.",9290.05,vehicles,Kazan,421,1,2,True,1,6,False,False,False,1.0929,0
listing_000037,user_00428,Microwave oven,"Personal item, can meet in person and answer questions.",725.32,home_appliances,Saint Petersburg,373,0,2,True,1,5,False,False,False,1.1159,0
listing_000038,user_00534,Leather shoes size 42,"Used carefully, normal sale, local pickup is possible.",174.8,fashion,Kazan,198,1,2,True,0,4,False,False,False,1.4567,0
listing_000039,user_01142,Washing machine works well,Available for inspection before purchase.,691.06,home_appliances,Novosibirsk,118,2,3,True,0,4,False,False,False,1.0632,0
listing_000040,user_00280,Wooden desk in good condition,"Personal item, can meet in person and answer questions.",444.41,furniture,Kazan,539,0,5,True,1,6,False,False,False,0.9876,0
listing_000041,user_00065,Dining table with chairs,"Personal item, can meet in person and answer questions.",182.61,furniture,Novosibirsk,1295,5,7,False,0,5,False,False,False,0.4058,0
listing_000042,user_00544,Microwave oven,Available for inspection before purchase.,267.68,home_appliances,Kazan,1191,0,1,True,0,6,False,False,False,0.4118,0
listing_000043,user_00411,Used iPhone 13 in good condition,"Used carefully, normal sale, local pickup is possible.",475.72,electronics,Moscow,434,0,4,True,0,6,False,False,False,0.5286,0
listing_000044,user_00448,Scooter cheap today only,"Urgent sale today, write outside the platform.",5441.86,vehicles,Moscow,6,2,15,False,2,0,False,True,True,0.6402,1
listing_000045,user_00298,Washer cheap Telegram,"Personal item, can meet in person and answer questions.",535.21,home_appliances,Kazan,698,1,5,True,0,3,True,False,True,0.8234,0
listing_000046,user_00030,Used city bike,Available for inspection before purchase.,6801.99,vehicles,Novosibirsk,212,1,3,True,1,2,False,False,False,0.8002,0
listing_000047,user_00033,Gaming laptop with warranty,"Personal item, can meet in person and answer questions.",1082.17,electronics,Sochi,273,0,1,True,0,3,False,False,False,1.2024,0
listing_000048,user_00170,Dining table with chairs,Available for inspection before purchase.,422.54,furniture,Novosibirsk,802,2,6,False,0,3,False,False,False,0.939,0
listing_000049,user_01762,Apartment below market prepayment,"Prepayment only, contact me in Telegram.",23617.0,real_estate,Sochi,14,9,24,True,3,0,True,True,True,0.3149,1
listing_000050,user_01232,Wooden desk in good condition,"Personal item, can meet in person and answer questions.",357.0,furniture,Saint Petersburg,541,1,5,True,0,5,False,False,False,0.7933,0
listing_000051,user_01726,One bedroom apartment near metro,"Personal item, can meet in person and answer questions.",74830.8,real_estate,Novosibirsk,535,0,2,True,0,2,False,False,False,0.9977,0
listing_000052,user_01110,Used iPhone 13 in good condition,Available for inspection before purchase.,1070.22,electronics,Saint Petersburg,473,4,5,True,1,4,False,False,False,1.1891,0
listing_000053,user_00181,Used iPhone 13 in good condition,Available for inspection before purchase.,1142.88,electronics,Sochi,800,0,4,False,0,4,False,False,False,1.2699,0
listing_000054,user_00671,iPhone 15 Pro very cheap urgent,"Prepayment only, contact me in Telegram.",217.23,electronics,Kazan,18,6,21,False,2,1,True,True,True,0.2414,1
listing_000055,user_01779,New table prepay reserve,"Delivery after deposit, no calls, messenger only.",121.86,furniture,Sochi,4,1,19,False,1,1,False,True,True,0.2708,1
listing_000056,user_01417,Winter jacket lightly used,"Prepayment only, contact me in Telegram.",152.54,fashion,Sochi,851,0,6,True,0,5,True,True,True,1.2712,0
listing_000057,user_00815,Dining table with chairs,"Personal item, can meet in person and answer questions.",610.45,furniture,Kazan,607,0,6,True,0,5,False,False,False,1.3566,0
listing_000058,user_01319,Wooden desk in good condition,"Used carefully, normal sale, local pickup is possible.",458.84,furniture,Novosibirsk,1000,1,7,True,0,3,False,False,False,1.0196,0
listing_000059,user_01384,Wooden desk in good condition,Available for inspection before purchase.,427.39,furniture,Saint Petersburg,59,0,4,True,1,2,False,False,False,0.9498,0
listing_000060,user_01138,Washer cheap Telegram,"Urgent sale today, write outside the platform.",318.72,home_appliances,Kazan,12,5,16,False,3,2,True,True,True,0.4903,1
listing_000061,user_00394,Used city bike,"Personal item, can meet in person and answer questions.",7798.81,vehicles,Sochi,60,2,5,True,0,4,False,False,False,0.9175,0
listing_000062,user_00761,Used iPhone 13 in good condition,"Personal item, can meet in person and answer questions.",705.94,electronics,Saint Petersburg,227,0,2,False,1,3,False,False,False,0.7844,0
listing_000063,user_01785,Microwave oven,"Personal item, can meet in person and answer questions.",769.1,home_appliances,Moscow,396,2,5,True,0,3,False,False,False,1.1832,0
listing_000064,user_01607,Gaming laptop with warranty,"Personal item, can meet in person and answer questions.",888.15,electronics,Sochi,466,1,7,True,0,5,False,False,False,0.9868,0
listing_000065,user_00762,Car urgent sale no questions,"Delivery after deposit, no calls, messenger only.",2095.5,vehicles,Kazan,10,0,11,True,2,0,False,True,True,0.2465,1
listing_000066,user_00717,Apartment below market prepayment,"Prepayment only, contact me in Telegram.",48288.45,real_estate,Kazan,15,6,21,True,0,0,True,True,True,0.6438,1
listing_000067,user_01114,Washer cheap Telegram,"Used carefully, normal sale, local pickup is possible.",363.55,home_appliances,Saint Petersburg,1430,1,3,True,1,2,True,False,True,0.5593,0
listing_000068,user_01511,Toyota Corolla 2016 clean documents,"Personal item, can meet in person and answer questions.",6359.72,vehicles,Saint Petersburg,645,2,4,True,0,5,False,False,False,0.7482,0
listing_000069,user_00325,Washing machine works well,"Personal item, can meet in person and answer questions.",556.5,home_appliances,Moscow,720,1,3,True,0,3,False,False,False,0.8562,0
listing_000070,user_01475,Scooter cheap today only,"Prepayment only, contact me in Telegram.",4051.33,vehicles,Saint Petersburg,7,6,13,False,0,0,True,True,True,0.4766,1
listing_000071,user_00348,One bedroom apartment near metro,"Personal item, can meet in person and answer questions.",69100.19,real_estate,Sochi,1376,0,5,True,1,4,False,False,False,0.9213,0
listing_000072,user_00622,Leather shoes size 42,Available for inspection before purchase.,117.13,fashion,Kazan,1206,2,5,True,0,3,False,False,False,0.9761,0
listing_000073,user_01338,New fridge half price urgent,"Delivery after deposit, no calls, messenger only.",131.2,home_appliances,Saint Petersburg,16,6,25,False,1,1,False,True,True,0.2018,1
listing_000074,user_00440,Scooter cheap today only,"Delivery after deposit, no calls, messenger only.",4396.39,vehicles,Kazan,11,5,20,False,3,2,False,True,True,0.5172,1
listing_000075,user_00937,New table prepay reserve,"Personal item, can meet in person and answer questions.",426.89,furniture,Novosibirsk,1473,1,2,False,0,6,False,False,False,0.9486,0
listing_000076,user_01705,Wooden desk in good condition,"Used carefully, normal sale, local pickup is possible.",339.24,furniture,Moscow,196,1,4,True,0,4,False,False,False,0.7539,0
listing_000077,user_00073,Dining table with chairs,"Used carefully, normal sale, local pickup is possible.",552.95,furniture,Novosibirsk,1329,1,1,True,0,3,False,False,False,1.2288,0
listing_000078,user_01743,Toyota Corolla 2016 clean documents,"Personal item, can meet in person and answer questions.",7194.48,vehicles,Sochi,1370,0,4,True,0,5,False,False,False,0.8464,0
listing_000079,user_01503,Toyota Corolla 2016 clean documents,"Prepayment only, contact me in Telegram.",8948.57,vehicles,Moscow,217,4,11,True,0,3,True,True,True,1.0528,0
listing_000080,user_00967,New table prepay reserve,"Prepayment only, contact me in Telegram.",320.98,furniture,Moscow,0,6,10,True,0,0,True,True,True,0.7133,1
listing_000081,user_00578,Dining table with chairs,"Used carefully, normal sale, local pickup is possible.",370.06,furniture,Sochi,217,0,3,True,0,2,False,False,False,0.8224,0
listing_000082,user_01076,Sneakers limited urgent,"Prepayment only, contact me in Telegram.",46.82,fashion,Novosibirsk,15,3,15,False,1,2,True,True,True,0.3902,1
listing_000083,user_00882,Microwave oven,"Used carefully, normal sale, local pickup is possible.",894.76,home_appliances,Moscow,719,1,8,True,1,5,False,False,False,1.3766,0
listing_000084,user_00305,One bedroom apartment near metro,"Personal item, can meet in person and answer questions.",65833.64,real_estate,Kazan,346,0,4,True,0,6,False,False,False,0.8778,0
listing_000085,user_00791,Winter jacket lightly used,"Used carefully, normal sale, local pickup is possible.",94.25,fashion,Sochi,287,1,3,True,1,5,False,False,False,0.7854,0
listing_000086,user_00971,Winter jacket lightly used,"Personal item, can meet in person and answer questions.",105.01,fashion,Saint Petersburg,383,0,2,True,0,3,False,False,False,0.8751,0
listing_000087,user_01283,Winter jacket lightly used,"Used carefully, normal sale, local pickup is possible.",117.73,fashion,Moscow,1397,3,7,True,0,4,False,False,False,0.9811,0
listing_000088,user_01708,Toyota Corolla 2016 clean documents,"Urgent sale today, write outside the platform.",7451.06,vehicles,Moscow,1195,3,7,True,0,3,False,True,True,0.8766,0
listing_000089,user_01589,Sneakers limited urgent,"Urgent sale today, write outside the platform.",71.21,fashion,Moscow,4,5,14,False,1,2,False,True,True,0.5934,1
listing_000090,user_01175,Gaming laptop with warranty,Available for inspection before purchase.,920.71,electronics,Saint Petersburg,335,1,4,True,0,4,False,False,False,1.023,0
listing_000091,user_00243,Apartment below market prepayment,"Prepayment only, contact me in Telegram.",25742.47,real_estate,Saint Petersburg,19,4,12,False,3,1,True,True,True,0.3432,1
listing_000092,user_01772,Designer sofa very cheap urgent,"Delivery after deposit, no calls, messenger only.",282.52,furniture,Saint Petersburg,1,7,23,False,1,0,False,True,True,0.6278,1
listing_000093,user_00521,Leather shoes size 42,"Used carefully, normal sale, local pickup is possible.",136.94,fashion,Moscow,1236,0,1,True,0,4,False,False,False,1.1412,0
listing_000094,user_01091,Sneakers limited urgent,"Prepayment only, contact me in Telegram.",52.98,fashion,Saint Petersburg,10,9,20,False,4,0,True,True,True,0.4415,1
listing_000095,user_01349,Used city bike,"Used carefully, normal sale, local pickup is possible.",7043.92,vehicles,Kazan,727,0,1,True,0,4,False,False,False,0.8287,0
listing_000096,user_01339,Used city bike,"Used carefully, normal sale, local pickup is possible.",9832.44,vehicles,Saint Petersburg,632,0,1,False,1,4,False,False,False,1.1568,0
listing_000097,user_00950,Toyota Corolla 2016 clean documents,"Prepayment only, contact me in Telegram.",6432.21,vehicles,Saint Petersburg,1260,0,5,True,1,3,True,True,True,0.7567,0
listing_000098,user_01162,Winter jacket lightly used,"Personal item, can meet in person and answer questions.",112.01,fashion,Novosibirsk,882,2,6,True,0,5,False,False,False,0.9334,0
listing_000099,user_01111,Washing machine works well,"Used carefully, normal sale, local pickup is possible.",725.46,home_appliances,Sochi,144,0,3,True,0,3,False,False,False,1.1161,0
listing_000100,user_01670,Luxury jacket original cheap,"Delivery after deposit, no calls, messenger only.",66.42,fashion,Kazan,14,3,14,False,3,1,False,True,True,0.5535,1
listing_000101,user_00190,MacBook sealed prepayment only,"Used carefully, normal sale, local pickup is possible.",858.01,electronics,Moscow,1012,2,5,True,0,4,False,True,False,0.9533,0
listing_000102,user_01228,Washing machine works well,Available for inspection before purchase.,751.14,home_appliances,Sochi,276,0,3,False,1,4,False,False,False,1.1556,0
listing_000103,user_00145,Used city bike,Available for inspection before purchase.,11484.97,vehicles,Novosibirsk,886,2,7,True,0,6,False,False,False,1.3512,0
listing_000104,user_00460,Wooden desk in good condition,"Personal item, can meet in person and answer questions.",196.61,furniture,Moscow,773,1,3,True,0,6,False,False,False,0.4369,0
listing_000105,user_01227,Designer sofa very cheap urgent,"Delivery after deposit, no calls, messenger only.",289.18,furniture,Sochi,5,2,18,False,1,1,False,True,True,0.6426,1
listing_000106,user_00940,Used iPhone 13 in good condition,"Personal item, can meet in person and answer questions.",1106.04,electronics,Sochi,328,3,6,True,0,3,False,False,False,1.2289,0
listing_000107,user_00917,Luxury jacket original cheap,"Urgent sale today, write outside the platform.",91.06,fashion,Saint Petersburg,14,3,12,False,0,0,False,True,True,0.7588,0
listing_000108,user_00235,Used iPhone 13 in good condition,Available for inspection before purchase.,1149.38,electronics,Sochi,1151,3,8,True,0,2,False,False,False,1.2771,0
listing_000109,user_00271,Sneakers limited urgent,"Urgent sale today, write outside the platform.",83.02,fashion,Moscow,7,6,22,False,1,0,False,True,True,0.6918,1
listing_000110,user_00378,Apartment below market prepayment,"Personal item, can meet in person and answer questions.",59014.5,real_estate,Kazan,236,0,6,False,0,5,False,False,False,0.7869,0
listing_000111,user_00447,Studio for long term rent,"Urgent sale today, write outside the platform.",89808.0,real_estate,Novosibirsk,639,0,0,True,0,3,False,True,True,1.1974,0
listing_000112,user_01082,Gaming laptop with warranty,Available for inspection before purchase.,701.57,electronics,Saint Petersburg,331,0,3,False,0,6,False,False,False,0.7795,0
listing_000113,user_01516,Toyota Corolla 2016 clean documents,"Personal item, can meet in person and answer questions.",8647.89,vehicles,Sochi,1113,1,2,False,0,2,False,False,False,1.0174,0
listing_000114,user_01641,iPhone 15 Pro very cheap urgent,"Urgent sale today, write outside the platform.",605.9,electronics,Moscow,15,3,21,False,1,2,False,True,True,0.6732,0
listing_000115,user_00101,Washing machine works well,"Used carefully, normal sale, local pickup is possible.",661.36,home_appliances,Saint Petersburg,304,0,3,True,0,3,False,False,False,1.0175,0
listing_000116,user_00272,Dining table with chairs,Available for inspection before purchase.,408.74,furniture,Saint Petersburg,344,0,0,True,0,2,False,False,False,0.9083,0
listing_000117,user_00195,Sneakers limited urgent,Available for inspection before purchase.,87.72,fashion,Kazan,1078,0,2,True,0,5,False,True,False,0.731,0
listing_000118,user_01376,Sneakers limited urgent,"Delivery after deposit, no calls, messenger only.",77.53,fashion,Moscow,5,4,22,False,1,0,False,True,True,0.6461,1
listing_000119,user_00478,Car urgent sale no questions,"Urgent sale today, write outside the platform.",3565.59,vehicles,Moscow,19,4,17,True,1,2,False,True,True,0.4195,1
listing_000120,user_01483,Microwave oven,"Used carefully, normal sale, local pickup is possible.",697.26,home_appliances,Sochi,1142,1,3,True,0,5,False,False,False,1.0727,0
listing_000121,user_00466,Designer sofa very cheap urgent,"Prepayment only, contact me in Telegram.",225.8,furniture,Sochi,19,5,18,True,2,1,True,True,True,0.5018,1
listing_000122,user_01178,Toyota Corolla 2016 clean documents,"Used carefully, normal sale, local pickup is possible.",11569.03,vehicles,Saint Petersburg,505,1,2,False,1,4,False,False,False,1.3611,0
listing_000123,user_01599,Washing machine works well,"Used carefully, normal sale, local pickup is possible.",538.79,home_appliances,Saint Petersburg,492,1,3,True,0,2,False,False,False,0.8289,0
listing_000124,user_00699,Luxury jacket original cheap,"Prepayment only, contact me in Telegram.",63.23,fashion,Kazan,18,4,15,False,0,1,True,True,True,0.5269,1
listing_000125,user_00914,Toyota Corolla 2016 clean documents,"Personal item, can meet in person and answer questions.",10391.39,vehicles,Kazan,470,2,6,True,0,2,False,False,False,1.2225,0
listing_000126,user_00368,One bedroom apartment near metro,"Personal item, can meet in person and answer questions.",83696.95,real_estate,Novosibirsk,801,0,4,True,1,6,False,False,False,1.116,0
listing_000127,user_01313,Toyota Corolla 2016 clean documents,Available for inspection before purchase.,6385.48,vehicles,Saint Petersburg,272,1,2,True,0,5,False,False,False,0.7512,0
listing_000128,user_00314,Washing machine works well,"Personal item, can meet in person and answer questions.",554.77,home_appliances,Kazan,1186,1,4,True,0,5,False,False,False,0.8535,0
listing_000129,user_00678,Washing machine works well,"Personal item, can meet in person and answer questions.",735.55,home_appliances,Moscow,1126,0,2,True,0,4,False,False,False,1.1316,0
listing_000130,user_00120,Toyota Corolla 2016 clean documents,"Personal item, can meet in person and answer questions.",9299.07,vehicles,Sochi,846,0,1,True,0,6,False,False,False,1.094,0
listing_000131,user_01595,Washing machine works well,"Personal item, can meet in person and answer questions.",665.0,home_appliances,Moscow,1110,1,5,False,0,6,False,False,False,1.0231,0
listing_000132,user_00241,Gaming laptop with warranty,"Used carefully, normal sale, local pickup is possible.",944.23,electronics,Saint Petersburg,419,0,2,True,0,6,False,False,False,1.0491,0
listing_000133,user_01101,Designer sofa very cheap urgent,"Delivery after deposit, no calls, messenger only.",235.73,furniture,Moscow,6,3,16,False,0,2,False,True,True,0.5238,1
listing_000134,user_01531,Dining table with chairs,"Used carefully, normal sale, local pickup is possible.",449.2,furniture,Saint Petersburg,1194,2,6,False,0,4,False,False,False,0.9982,0
listing_000135,user_01057,Washer cheap Telegram,"Prepayment only, contact me in Telegram.",509.11,home_appliances,Novosibirsk,2,4,18,False,3,2,True,True,True,0.7832,1
listing_000136,user_00999,Apartment below market prepayment,"Urgent sale today, write outside the platform.",38655.41,real_estate,Moscow,14,3,16,False,3,1,False,True,True,0.5154,1
listing_000137,user_00258,Winter jacket lightly used,"Delivery after deposit, no calls, messenger only.",136.48,fashion,Saint Petersburg,162,0,5,False,0,5,False,True,True,1.1373,0
listing_000138,user_01229,Rent urgent contact Telegram,"Delivery after deposit, no calls, messenger only.",23739.61,real_estate,Kazan,19,6,26,True,3,0,True,True,True,0.3165,1
listing_000139,user_00525,Sneakers limited urgent,"Prepayment only, contact me in Telegram.",60.32,fashion,Saint Petersburg,12,6,15,True,0,2,True,True,True,0.5027,1
listing_000140,user_00918,Washing machine works well,"Delivery after deposit, no calls, messenger only.",771.95,home_appliances,Kazan,251,3,5,False,1,4,False,True,True,1.1876,0
listing_000141,user_01468,Leather shoes size 42,"Delivery after deposit, no calls, messenger only.",102.24,fashion,Saint Petersburg,1334,1,4,True,0,5,False,True,True,0.852,0
listing_000142,user_00286,Wooden desk in good condition,"Personal item, can meet in person and answer questions.",610.69,furniture,Novosibirsk,1027,1,2,True,0,5,False,False,False,1.3571,0
listing_000143,user_00157,Wooden desk in good condition,"Personal item, can meet in person and answer questions.",387.0,furniture,Saint Petersburg,1054,0,1,False,0,2,False,False,False,0.86,0
listing_000144,user_00184,One bedroom apartment near metro,"Used carefully, normal sale, local pickup is possible.",91607.92,real_estate,Sochi,1158,1,3,True,1,6,False,False,False,1.2214,0
listing_000145,user_00520,MacBook sealed prepayment only,"Prepayment only, contact me in Telegram.",358.71,electronics,Kazan,12,8,29,False,1,1,True,True,True,0.3986,1
listing_000146,user_01437,Dining table with chairs,Available for inspection before purchase.,527.61,furniture,Novosibirsk,301,1,6,True,0,6,False,False,False,1.1725,0
listing_000147,user_00443,Toyota Corolla 2016 clean documents,"Used carefully, normal sale, local pickup is possible.",7808.11,vehicles,Sochi,128,1,3,False,0,5,False,False,False,0.9186,0
listing_000148,user_00277,Leather shoes size 42,"Personal item, can meet in person and answer questions.",145.13,fashion,Kazan,473,1,6,True,0,5,False,False,False,1.2094,0
listing_000149,user_01005,Sneakers limited urgent,"Delivery after deposit, no calls, messenger only.",73.09,fashion,Novosibirsk,10,7,18,False,1,1,False,True,True,0.6091,1
listing_000150,user_01412,Designer sofa very cheap urgent,"Delivery after deposit, no calls, messenger only.",249.45,furniture,Sochi,20,4,17,False,1,1,False,True,True,0.5543,1
listing_000151,user_01520,Leather shoes size 42,"Personal item, can meet in person and answer questions.",101.08,fashion,Saint Petersburg,79,0,2,True,0,2,False,False,False,0.8423,0
listing_000152,user_00910,Scooter cheap today only,"Delivery after deposit, no calls, messenger only.",5026.73,vehicles,Saint Petersburg,16,2,18,False,4,1,False,True,True,0.5914,1
listing_000153,user_00167,Studio for long term rent,"Used carefully, normal sale, local pickup is possible.",80014.32,real_estate,Moscow,1022,1,3,True,0,3,False,False,False,1.0669,0
listing_000154,user_01152,New table prepay reserve,"Urgent sale today, write outside the platform.",323.28,furniture,Saint Petersburg,7,6,22,False,1,2,False,True,True,0.7184,1
listing_000155,user_01662,Scooter cheap today only,"Prepayment only, contact me in Telegram.",3900.83,vehicles,Kazan,15,2,16,True,1,2,True,True,True,0.4589,1
listing_000156,user_01170,Microwave oven,Available for inspection before purchase.,402.17,home_appliances,Sochi,113,0,4,False,0,5,False,False,False,0.6187,0
listing_000157,user_01231,Designer sofa very cheap urgent,"Urgent sale today, write outside the platform.",317.58,furniture,Kazan,15,3,14,False,2,0,False,True,True,0.7057,0
listing_000158,user_00567,Designer sofa very cheap urgent,"Prepayment only, contact me in Telegram.",141.58,furniture,Saint Petersburg,6,5,18,True,1,2,True,True,True,0.3146,1
listing_000159,user_01319,Wooden desk in good condition,"Personal item, can meet in person and answer questions.",400.7,furniture,Saint Petersburg,513,0,0,False,0,2,False,False,False,0.8904,0
listing_000160,user_01572,iPhone 15 Pro very cheap urgent,"Delivery after deposit, no calls, messenger only.",264.6,electronics,Saint Petersburg,20,6,19,True,2,1,False,True,True,0.294,1
listing_000161,user_01775,iPhone 15 Pro very cheap urgent,"Prepayment only, contact me in Telegram.",161.93,electronics,Moscow,14,7,24,False,1,2,True,True,True,0.1799,1
listing_000162,user_01645,Winter jacket lightly used,Available for inspection before purchase.,109.44,fashion,Kazan,821,2,6,True,1,4,False,False,False,0.912,0
listing_000163,user_00910,Used iPhone 13 in good condition,Available for inspection before purchase.,1218.24,electronics,Saint Petersburg,527,0,2,True,0,3,False,False,False,1.3536,0
listing_000164,user_00289,Wooden desk in good condition,Available for inspection before purchase.,470.9,furniture,Sochi,1249,0,1,True,0,4,False,False,False,1.0464,0
listing_000165,user_01394,Microwave oven,"Used carefully, normal sale, local pickup is possible.",541.34,home_appliances,Kazan,103,1,4,True,0,3,False,False,False,0.8328,0
listing_000166,user_00854,Toyota Corolla 2016 clean documents,"Used carefully, normal sale, local pickup is possible.",9781.99,vehicles,Saint Petersburg,748,1,4,True,1,3,False,False,False,1.1508,0
listing_000167,user_01144,Washing machine works well,"Used carefully, normal sale, local pickup is possible.",554.67,home_appliances,Sochi,971,1,4,True,0,6,False,False,False,0.8533,0
listing_000168,user_00273,One bedroom apartment near metro,"Personal item, can meet in person and answer questions.",83249.49,real_estate,Novosibirsk,288,2,5,True,0,6,False,False,False,1.11,0
listing_000169,user_01564,Gaming laptop with warranty,"Personal item, can meet in person and answer questions.",1084.28,electronics,Saint Petersburg,499,1,4,False,0,2,False,False,False,1.2048,0
listing_000170,user_01271,Sneakers limited urgent,"Prepayment only, contact me in Telegram.",51.84,fashion,Saint Petersburg,4,6,27,True,0,0,True,True,True,0.432,1
listing_000171,user_01795,Winter jacket lightly used,"Used carefully, normal sale, local pickup is possible.",132.23,fashion,Saint Petersburg,972,0,3,True,0,5,False,False,False,1.1019,0
listing_000172,user_00494,Used city bike,Available for inspection before purchase.,9165.27,vehicles,Novosibirsk,268,0,2,True,0,2,False,False,False,1.0783,0
listing_000173,user_00606,Winter jacket lightly used,"Used carefully, normal sale, local pickup is possible.",141.98,fashion,Kazan,1148,0,3,False,0,2,False,False,False,1.1832,0
listing_000174,user_00117,Gaming laptop with warranty,Available for inspection before purchase.,857.14,electronics,Moscow,909,0,2,True,1,6,False,False,False,0.9524,0
listing_000175,user_00104,Luxury jacket original cheap,"Prepayment only, contact me in Telegram.",31.58,fashion,Saint Petersburg,2,7,23,True,2,2,True,True,True,0.2632,1
listing_000176,user_01755,Designer sofa very cheap urgent,"Prepayment only, contact me in Telegram.",101.56,furniture,Saint Petersburg,12,5,23,False,1,0,True,True,True,0.2257,1
listing_000177,user_01766,Dining table with chairs,Available for inspection before purchase.,431.82,furniture,Novosibirsk,245,0,0,True,0,3,False,False,False,0.9596,0
listing_000178,user_01284,Winter jacket lightly used,"Personal item, can meet in person and answer questions.",160.29,fashion,Kazan,316,1,3,True,0,2,False,False,False,1.3357,0
listing_000179,user_00130,New fridge half price urgent,"Prepayment only, contact me in Telegram.",356.24,home_appliances,Novosibirsk,6,8,15,False,0,0,True,True,True,0.5481,1
listing_000180,user_00496,Microwave oven,"Personal item, can meet in person and answer questions.",510.9,home_appliances,Novosibirsk,507,2,7,True,0,5,False,False,False,0.786,0
listing_000181,user_00955,iPhone 15 Pro very cheap urgent,"Prepayment only, contact me in Telegram.",207.29,electronics,Kazan,2,8,18,False,1,1,True,True,True,0.2303,1
listing_000182,user_00167,Dining table with chairs,Available for inspection before purchase.,447.89,furniture,Novosibirsk,936,0,2,True,0,2,False,False,False,0.9953,0
listing_000183,user_00284,New fridge half price urgent,"Urgent sale today, write outside the platform.",441.4,home_appliances,Sochi,10,3,14,False,2,0,False,True,True,0.6791,0
listing_000184,user_01009,Used iPhone 13 in good condition,"Used carefully, normal sale, local pickup is possible.",842.16,electronics,Kazan,514,0,1,True,0,3,False,False,False,0.9357,0
listing_000185,user_01539,Used city bike,Available for inspection before purchase.,6045.98,vehicles,Saint Petersburg,1299,0,3,True,0,2,False,False,False,0.7113,0
listing_000186,user_00249,Wooden desk in good condition,Available for inspection before purchase.,292.84,furniture,Sochi,466,0,5,False,1,4,False,False,False,0.6508,0
listing_000187,user_01288,Washer cheap Telegram,"Prepayment only, contact me in Telegram.",320.45,home_appliances,Moscow,1,7,16,True,1,1,True,True,True,0.493,1
listing_000188,user_00807,Gaming laptop with warranty,Available for inspection before purchase.,1238.49,electronics,Moscow,1279,0,2,True,0,2,False,False,False,1.3761,0
listing_000189,user_01259,Toyota Corolla 2016 clean documents,"Personal item, can meet in person and answer questions.",7543.19,vehicles,Novosibirsk,141,0,1,True,0,3,False,False,False,0.8874,0
listing_000190,user_01425,Winter jacket lightly used,"Prepayment only, contact me in Telegram.",145.07,fashion,Saint Petersburg,512,2,2,False,0,5,True,True,True,1.2089,0
listing_000191,user_01488,Studio for long term rent,Available for inspection before purchase.,75004.35,real_estate,Saint Petersburg,165,1,5,True,1,3,False,False,False,1.0001,0
listing_000192,user_00233,Studio for long term rent,"Used carefully, normal sale, local pickup is possible.",82255.32,real_estate,Novosibirsk,1358,2,5,True,0,6,False,False,False,1.0967,0
listing_000193,user_01748,Studio for long term rent,"Personal item, can meet in person and answer questions.",95424.89,real_estate,Sochi,1455,0,6,False,0,5,False,False,False,1.2723,0
listing_000194,user_00537,Gaming laptop with warranty,"Prepayment only, contact me in Telegram.",967.31,electronics,Kazan,806,1,4,True,0,3,True,True,True,1.0748,0
listing_000195,user_00507,Leather shoes size 42,Available for inspection before purchase.,125.63,fashion,Novosibirsk,365,0,4,True,0,4,False,False,False,1.0469,0
listing_000196,user_00420,One bedroom apartment near metro,"Used carefully, normal sale, local pickup is possible.",89518.82,real_estate,Moscow,793,3,7,False,0,6,False,False,False,1.1936,0
listing_000197,user_01342,Used city bike,Available for inspection before purchase.,8402.39,vehicles,Sochi,685,1,3,True,0,5,False,False,False,0.9885,0
listing_000198,user_01776,Winter jacket lightly used,Available for inspection before purchase.,153.59,fashion,Saint Petersburg,460,0,2,False,0,6,False,False,False,1.2799,0
listing_000199,user_01735,Car urgent sale no questions,"Prepayment only, contact me in Telegram.",3248.74,vehicles,Kazan,19,3,17,False,3,1,True,True,True,0.3822,1
listing_000200,user_00390,One bedroom apartment near metro,"Personal item, can meet in person and answer questions.",86236.78,real_estate,Novosibirsk,1170,2,5,True,1,3,False,False,False,1.1498,0
listing_000201,user_00383,iPhone 15 Pro very cheap urgent,"Urgent sale today, write outside the platform.",258.51,electronics,Sochi,9,5,14,False,1,0,False,True,True,0.2872,1
listing_000202,user_01328,Car urgent sale no questions,"Urgent sale today, write outside the platform.",3053.52,vehicles,Novosibirsk,5,3,13,False,2,1,False,True,True,0.3592,1
listing_000203,user_01776,Luxury jacket original cheap,"Prepayment only, contact me in Telegram.",25.14,fashion,Kazan,15,4,17,False,2,0,True,True,True,0.2095,1
listing_000204,user_01685,Sneakers limited urgent,"Urgent sale today, write outside the platform.",69.47,fashion,Kazan,1,13,26,False,4,1,False,True,True,0.5789,1
listing_000205,user_00426,Sneakers limited urgent,"Urgent sale today, write outside the platform.",77.99,fashion,Sochi,9,5,15,True,1,1,False,True,True,0.6499,1
listing_000206,user_01191,Used iPhone 13 in good condition,"Used carefully, normal sale, local pickup is possible.",881.75,electronics,Moscow,1482,0,1,False,1,4,False,False,False,0.9797,0
listing_000207,user_01235,Winter jacket lightly used,Available for inspection before purchase.,149.82,fashion,Kazan,1194,1,5,True,0,4,False,False,False,1.2485,0
listing_000208,user_01133,Car urgent sale no questions,"Delivery after deposit, no calls, messenger only.",4481.37,vehicles,Moscow,0,6,15,True,0,0,False,True,True,0.5272,1
listing_000209,user_01282,New fridge half price urgent,"Urgent sale today, write outside the platform.",290.5,home_appliances,Kazan,15,8,22,False,2,1,False,True,True,0.4469,1
listing_000210,user_00683,Leather shoes size 42,"Personal item, can meet in person and answer questions.",115.13,fashion,Sochi,88,0,7,True,0,3,False,False,False,0.9594,0
listing_000211,user_00252,Leather shoes size 42,"Personal item, can meet in person and answer questions.",157.51,fashion,Moscow,673,0,1,True,0,3,False,False,False,1.3126,0
listing_000212,user_01776,Rent urgent contact Telegram,"Urgent sale today, write outside the platform.",14312.45,real_estate,Sochi,4,3,23,False,3,1,True,True,True,0.1908,1
listing_000213,user_00955,Microwave oven,"Personal item, can meet in person and answer questions.",808.91,home_appliances,Novosibirsk,1076,2,4,True,0,5,False,False,False,1.2445,0
listing_000214,user_01560,Wooden desk in good condition,Available for inspection before purchase.,400.12,furniture,Kazan,261,2,5,True,0,5,False,False,False,0.8892,0
listing_000215,user_01168,Toyota Corolla 2016 clean documents,"Personal item, can meet in person and answer questions.",7714.18,vehicles,Kazan,175,2,3,True,0,2,False,False,False,0.9076,0
listing_000216,user_01202,Leather shoes size 42,"Delivery after deposit, no calls, messenger only.",169.29,fashion,Moscow,1252,1,3,True,0,3,False,True,True,1.4107,0
listing_000217,user_01041,Used iPhone 13 in good condition,"Personal item, can meet in person and answer questions.",864.29,electronics,Moscow,612,0,3,True,0,2,False,False,False,0.9603,0
listing_000218,user_01782,iPhone 15 Pro very cheap urgent,"Prepayment only, contact me in Telegram.",374.51,electronics,Novosibirsk,4,3,14,False,1,1,True,True,True,0.4161,1
listing_000219,user_00515,Washer cheap Telegram,"Prepayment only, contact me in Telegram.",322.16,home_appliances,Saint Petersburg,5,3,17,False,0,0,True,True,True,0.4956,1
listing_000220,user_00784,Used city bike,"Personal item, can meet in person and answer questions.",8042.33,vehicles,Sochi,283,0,3,True,0,5,False,False,False,0.9462,0
listing_000221,user_01210,Dining table with chairs,"Used carefully, normal sale, local pickup is possible.",533.11,furniture,Novosibirsk,1004,2,4,True,0,3,False,False,False,1.1847,0
listing_000222,user_01266,Washer cheap Telegram,"Delivery after deposit, no calls, messenger only.",497.19,home_appliances,Novosibirsk,10,6,17,False,2,1,True,True,True,0.7649,1
listing_000223,user_01033,Wooden desk in good condition,"Used carefully, normal sale, local pickup is possible.",494.26,furniture,Saint Petersburg,1230,0,3,True,1,6,False,False,False,1.0984,0
listing_000224,user_00336,Used city bike,"Used carefully, normal sale, local pickup is possible.",10845.51,vehicles,Novosibirsk,717,2,3,True,0,5,False,False,False,1.2759,0
listing_000225,user_01490,Studio for long term rent,"Used carefully, normal sale, local pickup is possible.",68096.36,real_estate,Novosibirsk,676,2,5,False,0,4,False,False,False,0.908,0
listing_000226,user_01316,Microwave oven,"Used carefully, normal sale, local pickup is possible.",843.11,home_appliances,Kazan,1445,2,6,True,0,4,False,False,False,1.2971,0
listing_000227,user_00057,One bedroom apartment near metro,"Personal item, can meet in person and answer questions.",65024.88,real_estate,Moscow,145,2,3,True,1,4,False,False,False,0.867,0
listing_000228,user_01548,Studio for long term rent,"Used carefully, normal sale, local pickup is possible.",63565.34,real_estate,Kazan,723,1,3,True,0,5,False,False,False,0.8475,0
listing_000229,user_01452,Washing machine works well,Available for inspection before purchase.,844.92,home_appliances,Kazan,969,3,10,True,0,3,False,False,False,1.2999,0
listing_000230,user_00191,Toyota Corolla 2016 clean documents,Available for inspection before purchase.,9966.74,vehicles,Moscow,1492,1,4,True,0,5,False,False,False,1.1726,0
listing_000231,user_01756,Leather shoes size 42,"Personal item, can meet in person and answer questions.",52.93,fashion,Moscow,1124,1,3,True,0,2,False,False,False,0.4411,0
listing_000232,user_00310,Leather shoes size 42,"Used carefully, normal sale, local pickup is possible.",97.19,fashion,Saint Petersburg,1078,0,3,True,0,3,False,False,False,0.8099,0
listing_000233,user_00270,Dining table with chairs,"Personal item, can meet in person and answer questions.",399.87,furniture,Novosibirsk,228,1,3,True,0,5,False,False,False,0.8886,0
listing_000234,user_01796,Microwave oven,"Used carefully, normal sale, local pickup is possible.",746.59,home_appliances,Moscow,768,0,6,False,1,4,False,False,False,1.1486,0
listing_000235,user_01613,Microwave oven,"Personal item, can meet in person and answer questions.",580.66,home_appliances,Moscow,1410,0,1,True,1,2,False,False,False,0.8933,0
listing_000236,user_00047,New fridge half price urgent,"Prepayment only, contact me in Telegram.",124.0,home_appliances,Novosibirsk,5,4,17,False,3,0,True,True,True,0.1908,1
listing_000237,user_00106,Designer sofa very cheap urgent,"Prepayment only, contact me in Telegram.",208.16,furniture,Sochi,16,1,12,False,1,2,True,True,True,0.4626,1
listing_000238,user_01003,Designer sofa very cheap urgent,"Delivery after deposit, no calls, messenger only.",282.57,furniture,Sochi,18,2,18,True,1,1,False,True,True,0.6279,0
listing_000239,user_01288,Used city bike,Available for inspection before purchase.,10724.23,vehicles,Sochi,130,0,6,True,1,5,False,False,False,1.2617,0
listing_000240,user_01048,Apartment below market prepayment,"Prepayment only, contact me in Telegram.",45372.93,real_estate,Moscow,5,4,14,False,2,1,True,True,True,0.605,1
listing_000241,user_01654,Used iPhone 13 in good condition,"Used carefully, normal sale, local pickup is possible.",976.07,electronics,Saint Petersburg,930,1,4,True,0,5,False,False,False,1.0845,0
listing_000242,user_00325,Dining table with chairs,"Used carefully, normal sale, local pickup is possible.",411.73,furniture,Moscow,363,0,2,True,0,5,False,False,False,0.915,0
listing_000243,user_00567,Designer sofa very cheap urgent,"Prepayment only, contact me in Telegram.",147.22,furniture,Moscow,2,4,17,False,0,0,True,True,True,0.3272,1
listing_000244,user_00758,Washing machine works well,Available for inspection before purchase.,766.97,home_appliances,Kazan,756,1,7,True,0,3,False,False,False,1.18,0
listing_000245,user_00718,New fridge half price urgent,"Delivery after deposit, no calls, messenger only.",406.42,home_appliances,Moscow,7,5,17,False,0,1,False,True,True,0.6253,1
listing_000246,user_01417,Washing machine works well,"Used carefully, normal sale, local pickup is possible.",337.27,home_appliances,Novosibirsk,441,0,5,True,0,3,False,False,False,0.5189,0
listing_000247,user_01725,Studio for long term rent,"Personal item, can meet in person and answer questions.",74611.24,real_estate,Moscow,222,1,6,True,0,3,False,False,False,0.9948,0
listing_000248,user_01657,Winter jacket lightly used,"Personal item, can meet in person and answer questions.",123.52,fashion,Sochi,1280,2,5,True,1,4,False,False,False,1.0293,0
listing_000249,user_00933,Used iPhone 13 in good condition,"Personal item, can meet in person and answer questions.",1089.03,electronics,Moscow,73,1,4,True,0,2,False,False,False,1.21,0
listing_000250,user_01267,Leather shoes size 42,"Used carefully, normal sale, local pickup is possible.",87.67,fashion,Saint Petersburg,65,1,3,True,1,5,False,False,False,0.7306,0
listing_000251,user_00424,Rent urgent contact Telegram,"Delivery after deposit, no calls, messenger only.",48903.8,real_estate,Kazan,17,3,17,False,4,0,True,True,True,0.6521,1
listing_000252,user_01751,Used iPhone 13 in good condition,"Personal item, can meet in person and answer questions.",728.58,electronics,Sochi,346,0,6,False,0,6,False,False,False,0.8095,0
listing_000253,user_00352,Leather shoes size 42,"Used carefully, normal sale, local pickup is possible.",110.66,fashion,Saint Petersburg,885,1,6,True,0,3,False,False,False,0.9222,0
listing_000254,user_00071,Wooden desk in good condition,"Used carefully, normal sale, local pickup is possible.",444.2,furniture,Saint Petersburg,1441,0,2,True,0,2,False,False,False,0.9871,0
listing_000255,user_00281,Winter jacket lightly used,"Used carefully, normal sale, local pickup is possible.",122.59,fashion,Saint Petersburg,325,1,3,False,1,2,False,False,False,1.0216,0
listing_000256,user_01188,One bedroom apartment near metro,"Personal item, can meet in person and answer questions.",64248.59,real_estate,Kazan,973,0,2,True,1,6,False,False,False,0.8566,0
listing_000257,user_00720,Leather shoes size 42,"Used carefully, normal sale, local pickup is possible.",152.13,fashion,Sochi,1410,3,7,True,0,4,False,False,False,1.2677,0
listing_000258,user_00624,Washing machine works well,"Personal item, can meet in person and answer questions.",588.25,home_appliances,Novosibirsk,1470,0,2,True,0,4,False,False,False,0.905,0
listing_000259,user_01592,Rent urgent contact Telegram,"Urgent sale today, write outside the platform.",37712.52,real_estate,Kazan,17,5,18,False,1,1,True,True,True,0.5028,1
listing_000260,user_00798,Microwave oven,"Urgent sale today, write outside the platform.",561.71,home_appliances,Saint Petersburg,1126,0,2,True,0,5,False,True,True,0.8642,0
listing_000261,user_01659,Microwave oven,"Used carefully, normal sale, local pickup is possible.",701.34,home_appliances,Moscow,73,2,4,False,0,3,False,False,False,1.079,0
listing_000262,user_00716,MacBook sealed prepayment only,"Urgent sale today, write outside the platform.",307.56,electronics,Kazan,11,2,13,True,1,1,False,True,True,0.3417,1
listing_000263,user_01020,Washing machine works well,"Personal item, can meet in person and answer questions.",635.88,home_appliances,Sochi,1305,1,3,True,1,6,False,False,False,0.9783,0
listing_000264,user_01197,Rent urgent contact Telegram,"Urgent sale today, write outside the platform.",23944.52,real_estate,Moscow,4,8,19,False,2,1,True,True,True,0.3193,1
listing_000265,user_01582,Washing machine works well,"Personal item, can meet in person and answer questions.",539.12,home_appliances,Kazan,1181,1,5,True,1,6,False,False,False,0.8294,0
listing_000266,user_00717,iPhone 15 Pro very cheap urgent,"Prepayment only, contact me in Telegram.",596.24,electronics,Saint Petersburg,2,5,17,True,1,1,True,True,True,0.6625,1
listing_000267,user_00230,Used city bike,"Personal item, can meet in person and answer questions.",8702.46,vehicles,Saint Petersburg,680,1,5,True,0,3,False,False,False,1.0238,0
listing_000268,user_01602,Microwave oven,"Used carefully, normal sale, local pickup is possible.",554.23,home_appliances,Sochi,190,2,4,True,0,4,False,False,False,0.8527,0
listing_000269,user_00184,Used city bike,"Personal item, can meet in person and answer questions.",11926.66,vehicles,Sochi,1321,2,4,True,0,3,False,False,False,1.4031,0
listing_000270,user_00655,Rent urgent contact Telegram,"Delivery after deposit, no calls, messenger only.",21223.02,real_estate,Sochi,8,5,19,False,2,1,True,True,True,0.283,1
listing_000271,user_01545,One bedroom apartment near metro,"Used carefully, normal sale, local pickup is possible.",63247.98,real_estate,Moscow,954,2,7,False,1,5,False,False,False,0.8433,0
listing_000272,user_01118,Winter jacket lightly used,"Used carefully, normal sale, local pickup is possible.",97.75,fashion,Moscow,869,0,0,True,0,2,False,False,False,0.8146,0
listing_000273,user_01139,Washing machine works well,"Used carefully, normal sale, local pickup is possible.",568.59,home_appliances,Kazan,117,0,4,True,0,3,False,False,False,0.8748,0
listing_000274,user_01237,Rent urgent contact Telegram,"Personal item, can meet in person and answer questions.",89855.9,real_estate,Sochi,750,1,3,True,0,3,True,True,True,1.1981,0
listing_000275,user_00842,Wooden desk in good condition,"Used carefully, normal sale, local pickup is possible.",497.35,furniture,Sochi,1061,0,3,True,1,4,False,False,False,1.1052,0
listing_000276,user_01011,Dining table with chairs,"Used carefully, normal sale, local pickup is possible.",332.68,furniture,Saint Petersburg,963,1,2,True,1,6,False,False,False,0.7393,0
listing_000277,user_00217,New fridge half price urgent,"Delivery after deposit, no calls, messenger only.",326.52,home_appliances,Sochi,16,3,19,False,0,2,False,True,True,0.5023,1
listing_000278,user_00717,New fridge half price urgent,"Urgent sale today, write outside the platform.",216.04,home_appliances,Novosibirsk,11,3,15,False,1,0,False,True,True,0.3324,1
listing_000279,user_01503,Studio for long term rent,"Used carefully, normal sale, local pickup is possible.",95317.57,real_estate,Kazan,249,1,3,False,0,4,False,False,False,1.2709,0
listing_000280,user_00761,Studio for long term rent,"Personal item, can meet in person and answer questions.",72505.27,real_estate,Kazan,565,2,6,True,0,6,False,False,False,0.9667,0
listing_000281,user_01405,Wooden desk in good condition,"Used carefully, normal sale, local pickup is possible.",216.34,furniture,Novosibirsk,1137,0,3,True,0,5,False,False,False,0.4808,0
listing_000282,user_00467,Washing machine works well,Available for inspection before purchase.,615.77,home_appliances,Kazan,1465,0,3,True,0,2,False,False,False,0.9473,0
listing_000283,user_00874,Toyota Corolla 2016 clean documents,"Personal item, can meet in person and answer questions.",6896.52,vehicles,Saint Petersburg,1257,2,4,True,0,2,False,False,False,0.8114,0
listing_000284,user_00346,New fridge half price urgent,"Personal item, can meet in person and answer questions.",343.76,home_appliances,Kazan,214,2,4,True,1,5,False,True,False,0.5289,0
listing_000285,user_01095,Studio for long term rent,Available for inspection before purchase.,87003.02,real_estate,Novosibirsk,895,1,2,True,0,4,False,False,False,1.16,0
listing_000286,user_00094,Used iPhone 13 in good condition,Available for inspection before purchase.,680.29,electronics,Sochi,424,2,3,True,0,3,False,False,False,0.7559,0
listing_000287,user_01009,Washing machine works well,"Used carefully, normal sale, local pickup is possible.",522.55,home_appliances,Saint Petersburg,1150,1,2,True,1,2,False,False,False,0.8039,0
listing_000288,user_00751,New fridge half price urgent,"Prepayment only, contact me in Telegram.",226.0,home_appliances,Moscow,7,7,14,False,0,0,True,True,True,0.3477,1
listing_000289,user_01317,Toyota Corolla 2016 clean documents,"Used carefully, normal sale, local pickup is possible.",8995.7,vehicles,Kazan,181,1,6,True,0,2,False,False,False,1.0583,0
listing_000290,user_01093,Used city bike,Available for inspection before purchase.,8279.62,vehicles,Sochi,1308,3,8,True,1,6,False,False,False,0.9741,0
listing_000291,user_01055,Wooden desk in good condition,"Used carefully, normal sale, local pickup is possible.",277.59,furniture,Sochi,481,0,6,True,1,2,False,False,False,0.6169,0
listing_000292,user_00624,Used city bike,"Personal item, can meet in person and answer questions.",7829.75,vehicles,Sochi,300,1,4,True,0,6,False,False,False,0.9211,0
listing_000293,user_01106,Gaming laptop with warranty,"Used carefully, normal sale, local pickup is possible.",973.42,electronics,Kazan,245,2,5,True,0,5,False,False,False,1.0816,0
listing_000294,user_00057,Microwave oven,"Used carefully, normal sale, local pickup is possible.",869.2,home_appliances,Novosibirsk,886,0,6,True,1,6,False,False,False,1.3372,0
listing_000295,user_01055,Used iPhone 13 in good condition,"Used carefully, normal sale, local pickup is possible.",952.3,electronics,Sochi,239,2,5,False,1,2,False,False,False,1.0581,0
listing_000296,user_01111,Winter jacket lightly used,"Used carefully, normal sale, local pickup is possible.",155.31,fashion,Saint Petersburg,352,1,3,True,0,4,False,False,False,1.2943,0
listing_000297,user_01237,One bedroom apartment near metro,"Personal item, can meet in person and answer questions.",75383.28,real_estate,Saint Petersburg,488,1,4,True,0,5,False,False,False,1.0051,0
listing_000298,user_00264,Used city bike,Available for inspection before purchase.,6844.58,vehicles,Kazan,307,1,4,True,1,5,False,False,False,0.8052,0
listing_000299,user_00438,Wooden desk in good condition,Available for inspection before purchase.,358.7,furniture,Moscow,555,1,4,False,1,2,False,False,False,0.7971,0
listing_000300,user_00531,Winter jacket lightly used,"Personal item, can meet in person and answer questions.",107.8,fashion,Kazan,547,1,5,True,0,5,False,False,False,0.8983,0
listing_000301,user_01186,Gaming laptop with warranty,Available for inspection before purchase.,796.38,electronics,Saint Petersburg,1220,0,2,True,0,6,False,False,False,0.8849,0
listing_000302,user_00451,New fridge half price urgent,"Urgent sale today, write outside the platform.",270.47,home_appliances,Novosibirsk,0,6,21,False,0,2,False,True,True,0.4161,1
listing_000303,user_00515,New table prepay reserve,"Prepayment only, contact me in Telegram.",329.66,furniture,Kazan,9,6,18,False,0,1,True,True,True,0.7326,1
listing_000304,user_00863,Used city bike,"Used carefully, normal sale, local pickup is possible.",9174.93,vehicles,Saint Petersburg,661,0,4,True,0,6,False,False,False,1.0794,0
listing_000305,user_01008,One bedroom apartment near metro,"Used carefully, normal sale, local pickup is possible.",57279.11,real_estate,Novosibirsk,31,1,6,True,1,3,False,False,False,0.7637,0
listing_000306,user_00008,Car urgent sale no questions,"Prepayment only, contact me in Telegram.",5628.71,vehicles,Saint Petersburg,14,3,21,False,0,1,True,True,True,0.6622,1
listing_000307,user_01026,MacBook sealed prepayment only,Available for inspection before purchase.,965.59,electronics,Moscow,1473,3,8,True,1,5,False,True,False,1.0729,0
listing_000308,user_00085,Used iPhone 13 in good condition,"Used carefully, normal sale, local pickup is possible.",1079.4,electronics,Kazan,767,1,5,True,0,4,False,False,False,1.1993,0
listing_000309,user_00107,Microwave oven,"Personal item, can meet in person and answer questions.",777.32,home_appliances,Saint Petersburg,153,1,5,True,1,3,False,False,False,1.1959,0
listing_000310,user_00237,MacBook sealed prepayment only,"Urgent sale today, write outside the platform.",295.83,electronics,Moscow,8,3,14,False,1,1,False,True,True,0.3287,1
listing_000311,user_01078,One bedroom apartment near metro,"Used carefully, normal sale, local pickup is possible.",54730.21,real_estate,Novosibirsk,898,0,3,True,0,4,False,False,False,0.7297,0
listing_000312,user_01497,Microwave oven,Available for inspection before purchase.,623.79,home_appliances,Saint Petersburg,996,2,5,True,0,5,False,False,False,0.9597,0
listing_000313,user_00965,iPhone 15 Pro very cheap urgent,"Urgent sale today, write outside the platform.",512.15,electronics,Novosibirsk,1,7,23,False,0,2,False,True,True,0.5691,1
listing_000314,user_00124,Dining table with chairs,"Personal item, can meet in person and answer questions.",363.42,furniture,Novosibirsk,1337,2,5,True,0,5,False,False,False,0.8076,0
listing_000315,user_01295,Microwave oven,"Personal item, can meet in person and answer questions.",654.32,home_appliances,Saint Petersburg,487,0,5,True,0,2,False,False,False,1.0066,0
listing_000316,user_01232,New table prepay reserve,"Prepayment only, contact me in Telegram.",94.18,furniture,Moscow,19,6,19,False,0,2,True,True,True,0.2093,1
listing_000317,user_00235,One bedroom apartment near metro,Available for inspection before purchase.,80500.81,real_estate,Sochi,556,0,5,True,0,5,False,False,False,1.0733,0
listing_000318,user_01233,Microwave oven,Available for inspection before purchase.,701.68,home_appliances,Kazan,388,3,6,True,0,5,False,False,False,1.0795,0
listing_000319,user_00909,Leather shoes size 42,Available for inspection before purchase.,125.86,fashion,Novosibirsk,859,3,5,True,0,5,False,False,False,1.0488,0
listing_000320,user_00416,Winter jacket lightly used,Available for inspection before purchase.,148.18,fashion,Saint Petersburg,1272,0,2,True,0,4,False,False,False,1.2348,0
listing_000321,user_01524,Gaming laptop with warranty,Available for inspection before purchase.,1246.63,electronics,Sochi,1314,1,3,True,0,4,False,False,False,1.3851,0
listing_000322,user_00231,Washer cheap Telegram,"Prepayment only, contact me in Telegram.",358.84,home_appliances,Moscow,0,4,13,True,3,1,True,True,True,0.5521,1
listing_000323,user_00579,Apartment below market prepayment,"Prepayment only, contact me in Telegram.",24988.29,real_estate,Moscow,2,4,13,False,1,1,True,True,True,0.3332,1
listing_000324,user_00241,New table prepay reserve,"Delivery after deposit, no calls, messenger only.",150.28,furniture,Kazan,17,4,20,True,3,0,False,True,True,0.334,1
listing_000325,user_00305,Wooden desk in good condition,"Used carefully, normal sale, local pickup is possible.",453.57,furniture,Saint Petersburg,979,2,3,True,1,6,False,False,False,1.0079,0
listing_000326,user_00430,iPhone 15 Pro very cheap urgent,"Prepayment only, contact me in Telegram.",290.25,electronics,Sochi,17,4,18,True,1,1,True,True,True,0.3225,1
listing_000327,user_01117,Rent urgent contact Telegram,"Urgent sale today, write outside the platform.",43500.27,real_estate,Kazan,9,5,17,False,0,0,True,True,True,0.58,1
listing_000328,user_01376,Car urgent sale no questions,"Delivery after deposit, no calls, messenger only.",2013.71,vehicles,Sochi,14,6,20,True,2,2,False,True,True,0.2369,1
listing_000329,user_00307,Wooden desk in good condition,Available for inspection before purchase.,523.59,furniture,Sochi,1229,2,4,True,0,5,False,False,False,1.1635,0
listing_000330,user_01578,Designer sofa very cheap urgent,"Urgent sale today, write outside the platform.",332.0,furniture,Kazan,2,10,18,False,0,1,False,True,True,0.7378,1
listing_000331,user_01332,Apartment below market prepayment,"Prepayment only, contact me in Telegram.",15591.34,real_estate,Kazan,15,5,17,False,1,2,True,True,True,0.2079,1
listing_000332,user_01236,Designer sofa very cheap urgent,"Prepayment only, contact me in Telegram.",281.16,furniture,Sochi,8,5,9,False,3,2,True,True,True,0.6248,1
listing_000333,user_00252,Sneakers limited urgent,"Urgent sale today, write outside the platform.",68.76,fashion,Kazan,10,3,16,False,1,0,False,True,True,0.573,1
listing_000334,user_00741,Winter jacket lightly used,"Used carefully, normal sale, local pickup is possible.",167.76,fashion,Kazan,378,0,2,True,1,4,False,False,False,1.398,0
listing_000335,user_00492,Apartment below market prepayment,"Urgent sale today, write outside the platform.",24746.09,real_estate,Moscow,10,3,12,False,0,1,False,True,True,0.3299,1
listing_000336,user_01298,Washer cheap Telegram,"Prepayment only, contact me in Telegram.",388.38,home_appliances,Novosibirsk,4,3,16,False,2,2,True,True,True,0.5975,1
listing_000337,user_00950,New table prepay reserve,"Delivery after deposit, no calls, messenger only.",167.78,furniture,Kazan,5,9,20,False,3,0,False,True,True,0.3728,1
listing_000338,user_01419,Used iPhone 13 in good condition,"Used carefully, normal sale, local pickup is possible.",900.27,electronics,Novosibirsk,221,2,3,True,0,5,False,False,False,1.0003,0
listing_000339,user_00688,One bedroom apartment near metro,"Used carefully, normal sale, local pickup is possible.",90480.02,real_estate,Kazan,753,0,3,False,0,4,False,False,False,1.2064,0
listing_000340,user_01120,Rent urgent contact Telegram,"Urgent sale today, write outside the platform.",48757.53,real_estate,Novosibirsk,11,4,11,False,1,1,True,True,True,0.6501,1
listing_000341,user_00332,One bedroom apartment near metro,Available for inspection before purchase.,63570.53,real_estate,Sochi,1012,1,2,False,0,2,False,False,False,0.8476,0
listing_000342,user_01110,Scooter cheap today only,"Prepayment only, contact me in Telegram.",4153.55,vehicles,Kazan,661,3,6,True,0,5,True,True,True,0.4887,1
listing_000343,user_00908,New table prepay reserve,"Delivery after deposit, no calls, messenger only.",232.73,furniture,Sochi,0,4,19,False,0,2,False,True,True,0.5172,1
listing_000344,user_01300,Microwave oven,"Used carefully, normal sale, local pickup is possible.",537.35,home_appliances,Sochi,1423,0,5,True,1,6,False,False,False,0.8267,0
listing_000345,user_00811,iPhone 15 Pro very cheap urgent,"Prepayment only, contact me in Telegram.",449.8,electronics,Novosibirsk,6,7,16,False,0,2,True,True,True,0.4998,1
listing_000346,user_00756,One bedroom apartment near metro,Available for inspection before purchase.,104058.81,real_estate,Moscow,1437,1,4,True,0,6,False,False,False,1.3875,0
listing_000347,user_01623,Leather shoes size 42,"Used carefully, normal sale, local pickup is possible.",131.31,fashion,Kazan,757,3,5,False,0,4,False,False,False,1.0942,0
listing_000348,user_01185,Rent urgent contact Telegram,"Urgent sale today, write outside the platform.",48955.42,real_estate,Novosibirsk,9,6,15,False,1,1,True,True,True,0.6527,1
listing_000349,user_00280,Gaming laptop with warranty,"Used carefully, normal sale, local pickup is possible.",1051.72,electronics,Moscow,608,0,2,True,0,2,False,False,False,1.1686,0
listing_000350,user_00962,Used iPhone 13 in good condition,"Used carefully, normal sale, local pickup is possible.",1258.02,electronics,Moscow,253,2,4,True,0,4,False,False,False,1.3978,0
listing_000351,user_00246,Wooden desk in good condition,Available for inspection before purchase.,494.41,furniture,Novosibirsk,942,2,2,True,0,3,False,False,False,1.0987,0
listing_000352,user_01230,Dining table with chairs,"Personal item, can meet in person and answer questions.",463.35,furniture,Kazan,207,0,6,True,0,3,False,False,False,1.0297,0
listing_000353,user_00449,Studio for long term rent,"Used carefully, normal sale, local pickup is possible.",93246.24,real_estate,Saint Petersburg,1478,1,5,True,0,2,False,False,False,1.2433,0
listing_000354,user_00626,Used iPhone 13 in good condition,"Used carefully, normal sale, local pickup is possible.",838.66,electronics,Novosibirsk,1031,0,0,False,0,3,False,False,False,0.9318,0
listing_000355,user_00850,Used iPhone 13 in good condition,"Personal item, can meet in person and answer questions.",888.38,electronics,Sochi,1366,1,5,False,0,2,False,False,False,0.9871,0
listing_000356,user_00268,Used city bike,"Personal item, can meet in person and answer questions.",10334.82,vehicles,Kazan,1380,0,1,True,1,6,False,False,False,1.2159,0
listing_000357,user_00763,Wooden desk in good condition,"Prepayment only, contact me in Telegram.",585.41,furniture,Novosibirsk,1141,0,2,True,0,2,True,True,True,1.3009,0
listing_000358,user_00530,Washer cheap Telegram,"Delivery after deposit, no calls, messenger only.",205.4,home_appliances,Saint Petersburg,14,3,15,False,1,1,True,True,True,0.316,1
listing_000359,user_01292,Washing machine works well,"Used carefully, normal sale, local pickup is possible.",684.2,home_appliances,Saint Petersburg,383,0,3,False,0,3,False,False,False,1.0526,0
listing_000360,user_01337,Wooden desk in good condition,Available for inspection before purchase.,594.66,furniture,Novosibirsk,767,2,6,True,0,6,False,False,False,1.3215,0
listing_000361,user_00142,Used city bike,"Personal item, can meet in person and answer questions.",8696.09,vehicles,Kazan,35,2,7,True,0,2,False,False,False,1.0231,0
listing_000362,user_00742,MacBook sealed prepayment only,"Prepayment only, contact me in Telegram.",237.49,electronics,Novosibirsk,18,1,15,False,0,0,True,True,True,0.2639,1
listing_000363,user_00588,Rent urgent contact Telegram,"Urgent sale today, write outside the platform.",52813.24,real_estate,Saint Petersburg,0,3,11,False,0,1,True,True,True,0.7042,1
listing_000364,user_00945,Sneakers limited urgent,"Urgent sale today, write outside the platform.",72.34,fashion,Moscow,8,4,10,False,1,1,False,True,True,0.6028,0
listing_000365,user_00918,Wooden desk in good condition,"Used carefully, normal sale, local pickup is possible.",419.72,furniture,Novosibirsk,645,1,6,False,0,2,False,False,False,0.9327,0
listing_000366,user_00864,New fridge half price urgent,"Prepayment only, contact me in Telegram.",248.86,home_appliances,Sochi,2,9,20,False,2,1,True,True,True,0.3829,1
listing_000367,user_00649,Washing machine works well,"Used carefully, normal sale, local pickup is possible.",748.02,home_appliances,Moscow,209,1,4,False,1,3,False,False,False,1.1508,0
listing_000368,user_01102,Studio for long term rent,Available for inspection before purchase.,76970.49,real_estate,Sochi,608,1,3,True,0,5,False,False,False,1.0263,0
listing_000369,user_00786,Washing machine works well,"Used carefully, normal sale, local pickup is possible.",485.23,home_appliances,Moscow,51,1,3,True,1,2,False,False,False,0.7465,0
listing_000370,user_00482,Used city bike,"Personal item, can meet in person and answer questions.",10335.24,vehicles,Moscow,1172,1,5,True,0,6,False,False,False,1.2159,0
listing_000371,user_01179,Studio for long term rent,"Urgent sale today, write outside the platform.",76116.19,real_estate,Moscow,542,2,5,True,0,3,False,True,True,1.0149,0
listing_000372,user_01195,Winter jacket lightly used,"Personal item, can meet in person and answer questions.",124.53,fashion,Novosibirsk,544,0,5,True,0,6,False,False,False,1.0377,0
listing_000373,user_00342,Winter jacket lightly used,"Used carefully, normal sale, local pickup is possible.",145.13,fashion,Kazan,1030,1,3,True,0,3,False,False,False,1.2094,0
listing_000374,user_00917,Car urgent sale no questions,"Prepayment only, contact me in Telegram.",2391.38,vehicles,Kazan,16,3,18,False,2,1,True,True,True,0.2813,1
listing_000375,user_00324,Microwave oven,Available for inspection before purchase.,605.2,home_appliances,Moscow,1092,1,3,False,0,6,False,False,False,0.9311,0
listing_000376,user_01226,Scooter cheap today only,"Urgent sale today, write outside the platform.",4073.59,vehicles,Kazan,4,3,15,False,0,1,False,True,True,0.4792,1
listing_000377,user_00401,Apartment below market prepayment,"Urgent sale today, write outside the platform.",37684.62,real_estate,Kazan,18,2,16,False,3,1,False,True,True,0.5025,1
listing_000378,user_01031,Gaming laptop with warranty,Available for inspection before purchase.,1095.21,electronics,Moscow,212,0,5,True,0,6,False,False,False,1.2169,0
listing_000379,user_00746,Wooden desk in good condition,"Personal item, can meet in person and answer questions.",367.29,furniture,Kazan,1117,1,6,True,0,3,False,False,False,0.8162,0
listing_000380,user_01757,Winter jacket lightly used,"Used carefully, normal sale, local pickup is possible.",133.94,fashion,Sochi,873,3,4,True,1,4,False,False,False,1.1162,0
listing_000381,user_00410,Winter jacket lightly used,"Personal item, can meet in person and answer questions.",116.89,fashion,Sochi,1338,1,5,True,0,6,False,False,False,0.9741,0
listing_000382,user_01792,Wooden desk in good condition,Available for inspection before purchase.,573.17,furniture,Sochi,284,2,5,False,1,2,False,False,False,1.2737,0
listing_000383,user_00949,Used city bike,Available for inspection before purchase.,7978.07,vehicles,Sochi,954,0,0,True,1,2,False,False,False,0.9386,0
listing_000384,user_01292,Studio for long term rent,"Urgent sale today, write outside the platform.",58433.63,real_estate,Sochi,1299,3,6,True,0,4,False,True,True,0.7791,0
listing_000385,user_01451,Designer sofa very cheap urgent,"Prepayment only, contact me in Telegram.",130.84,furniture,Moscow,0,6,15,False,0,1,True,True,True,0.2908,1
listing_000386,user_00959,Winter jacket lightly used,"Personal item, can meet in person and answer questions.",112.26,fashion,Saint Petersburg,1333,1,2,False,1,6,False,False,False,0.9355,0
listing_000387,user_00547,Rent urgent contact Telegram,"Urgent sale today, write outside the platform.",21786.46,real_estate,Sochi,9,5,10,False,3,0,True,True,True,0.2905,1
listing_000388,user_00611,Rent urgent contact Telegram,"Urgent sale today, write outside the platform.",34362.97,real_estate,Sochi,5,8,18,False,3,2,True,True,True,0.4582,1
listing_000389,user_01519,Washer cheap Telegram,"Delivery after deposit, no calls, messenger only.",467.92,home_appliances,Moscow,7,7,18,False,2,0,True,True,True,0.7199,1
listing_000390,user_01013,Microwave oven,"Used carefully, normal sale, local pickup is possible.",579.31,home_appliances,Kazan,477,1,4,True,0,5,False,False,False,0.8912,0
listing_000391,user_01185,Winter jacket lightly used,"Used carefully, normal sale, local pickup is possible.",126.62,fashion,Moscow,528,2,9,True,1,4,False,False,False,1.0552,0
listing_000392,user_00469,Car urgent sale no questions,"Delivery after deposit, no calls, messenger only.",3496.38,vehicles,Kazan,11,5,23,False,2,0,False,True,True,0.4113,1
listing_000393,user_01762,Studio for long term rent,"Urgent sale today, write outside the platform.",74524.46,real_estate,Saint Petersburg,126,2,7,False,0,6,False,True,True,0.9937,0
listing_000394,user_01408,Leather shoes size 42,"Personal item, can meet in person and answer questions.",52.68,fashion,Sochi,998,1,4,True,0,2,False,False,False,0.439,0
listing_000395,user_01082,New fridge half price urgent,"Delivery after deposit, no calls, messenger only.",415.74,home_appliances,Sochi,6,6,22,False,4,0,False,True,True,0.6396,1
listing_000396,user_00431,Sneakers limited urgent,"Delivery after deposit, no calls, messenger only.",79.04,fashion,Kazan,6,6,19,False,2,1,False,True,True,0.6587,1
listing_000397,user_00210,Studio for long term rent,Available for inspection before purchase.,88700.16,real_estate,Novosibirsk,730,1,2,False,0,2,False,False,False,1.1827,0
listing_000398,user_01051,iPhone 15 Pro very cheap urgent,"Urgent sale today, write outside the platform.",353.42,electronics,Sochi,11,8,20,True,1,1,False,True,True,0.3927,1
listing_000399,user_01142,Used city bike,Available for inspection before purchase.,10722.13,vehicles,Sochi,1307,1,1,True,0,3,False,False,False,1.2614,0
listing_000400,user_00566,Studio for long term rent,"Urgent sale today, write outside the platform.",68820.24,real_estate,Kazan,340,0,5,False,0,4,False,True,True,0.9176,0
listing_000401,user_00079,New table prepay reserve,"Prepayment only, contact me in Telegram.",101.09,furniture,Saint Petersburg,1,6,15,False,3,0,True,True,True,0.2246,1
listing_000402,user_00215,Microwave oven,"Urgent sale today, write outside the platform.",597.53,home_appliances,Sochi,818,1,3,True,0,3,False,True,True,0.9193,0
listing_000403,user_01726,Apartment below market prepayment,"Urgent sale today, write outside the platform.",27624.34,real_estate,Moscow,19,1,18,False,3,1,False,True,True,0.3683,1
listing_000404,user_00509,Wooden desk in good condition,"Personal item, can meet in person and answer questions.",421.72,furniture,Saint Petersburg,464,0,5,True,0,2,False,False,False,0.9372,0
listing_000405,user_00403,Wooden desk in good condition,"Personal item, can meet in person and answer questions.",448.95,furniture,Moscow,1499,3,3,True,1,6,False,False,False,0.9977,0
listing_000406,user_01631,Sneakers limited urgent,"Urgent sale today, write outside the platform.",61.01,fashion,Moscow,15,5,16,False,3,1,False,True,True,0.5084,1
listing_000407,user_01519,Luxury jacket original cheap,"Urgent sale today, write outside the platform.",81.1,fashion,Saint Petersburg,19,5,17,False,2,2,False,True,True,0.6758,1
listing_000408,user_00086,MacBook sealed prepayment only,"Urgent sale today, write outside the platform.",472.38,electronics,Kazan,3,8,22,False,4,0,False,True,True,0.5249,1
listing_000409,user_01259,Washing machine works well,"Personal item, can meet in person and answer questions.",531.91,home_appliances,Kazan,1018,0,1,True,1,2,False,False,False,0.8183,0
listing_000410,user_00488,Used iPhone 13 in good condition,"Used carefully, normal sale, local pickup is possible.",886.63,electronics,Novosibirsk,158,0,4,True,0,6,False,False,False,0.9851,0
listing_000411,user_01141,MacBook sealed prepayment only,"Urgent sale today, write outside the platform.",193.81,electronics,Saint Petersburg,2,7,25,True,1,2,False,True,True,0.2153,1
listing_000412,user_00289,Wooden desk in good condition,"Used carefully, normal sale, local pickup is possible.",534.08,furniture,Moscow,48,2,2,True,0,2,False,False,False,1.1868,0
listing_000413,user_00923,Dining table with chairs,"Personal item, can meet in person and answer questions.",630.22,furniture,Sochi,504,1,7,True,0,2,False,False,False,1.4005,0
listing_000414,user_00192,Used iPhone 13 in good condition,"Used carefully, normal sale, local pickup is possible.",1152.67,electronics,Moscow,1180,3,7,False,1,4,False,False,False,1.2807,0
listing_000415,user_00693,Designer sofa very cheap urgent,"Urgent sale today, write outside the platform.",272.33,furniture,Sochi,7,5,18,True,2,2,False,True,True,0.6052,1
listing_000416,user_01683,Microwave oven,Available for inspection before purchase.,726.89,home_appliances,Saint Petersburg,1465,0,4,True,0,2,False,False,False,1.1183,0
listing_000417,user_01794,Studio for long term rent,"Used carefully, normal sale, local pickup is possible.",92409.27,real_estate,Novosibirsk,811,0,4,False,1,3,False,False,False,1.2321,0
listing_000418,user_00445,Winter jacket lightly used,"Used carefully, normal sale, local pickup is possible.",99.58,fashion,Sochi,523,1,1,True,0,4,False,False,False,0.8298,0
listing_000419,user_00766,Scooter cheap today only,"Prepayment only, contact me in Telegram.",2827.59,vehicles,Kazan,0,5,16,False,2,1,True,True,True,0.3327,1
listing_000420,user_00714,Car urgent sale no questions,"Urgent sale today, write outside the platform.",5466.5,vehicles,Kazan,18,4,17,False,1,1,False,True,True,0.6431,1
listing_000421,user_01511,New table prepay reserve,"Personal item, can meet in person and answer questions.",456.84,furniture,Kazan,897,3,7,False,1,4,False,False,False,1.0152,0
listing_000422,user_01714,Apartment below market prepayment,"Delivery after deposit, no calls, messenger only.",18301.58,real_estate,Novosibirsk,19,2,16,False,1,0,False,True,True,0.244,1
listing_000423,user_00973,Dining table with chairs,Available for inspection before purchase.,536.82,furniture,Saint Petersburg,143,0,2,False,1,4,False,False,False,1.1929,0
listing_000424,user_00401,Winter jacket lightly used,"Personal item, can meet in person and answer questions.",133.69,fashion,Kazan,261,0,3,False,0,6,False,False,False,1.1141,0
listing_000425,user_00649,New fridge half price urgent,"Prepayment only, contact me in Telegram.",421.99,home_appliances,Moscow,18,7,21,False,2,1,True,True,True,0.6492,1
listing_000426,user_00817,Used iPhone 13 in good condition,"Used carefully, normal sale, local pickup is possible.",688.36,electronics,Kazan,1048,0,3,False,0,3,False,False,False,0.7648,0
listing_000427,user_00229,Used city bike,"Delivery after deposit, no calls, messenger only.",10096.75,vehicles,Moscow,1063,2,4,True,0,6,False,True,True,1.1879,0
listing_000428,user_00186,Car urgent sale no questions,"Delivery after deposit, no calls, messenger only.",4318.95,vehicles,Moscow,17,2,11,False,0,1,False,True,True,0.5081,1
listing_000429,user_00549,Car urgent sale no questions,"Delivery after deposit, no calls, messenger only.",6334.27,vehicles,Novosibirsk,14,5,23,True,2,0,False,True,True,0.7452,1
listing_000430,user_00395,New table prepay reserve,"Urgent sale today, write outside the platform.",286.94,furniture,Sochi,7,8,25,False,2,1,False,True,True,0.6376,1
listing_000431,user_00913,Used iPhone 13 in good condition,"Used carefully, normal sale, local pickup is possible.",792.73,electronics,Saint Petersburg,1048,1,3,True,1,3,False,False,False,0.8808,0
listing_000432,user_00507,Wooden desk in good condition,"Personal item, can meet in person and answer questions.",417.97,furniture,Moscow,398,1,5,False,1,5,False,False,False,0.9288,0
listing_000433,user_01510,Sneakers limited urgent,"Delivery after deposit, no calls, messenger only.",81.78,fashion,Sochi,14,4,17,False,0,0,False,True,True,0.6815,1
listing_000434,user_00244,Used iPhone 13 in good condition,"Used carefully, normal sale, local pickup is possible.",866.26,electronics,Sochi,616,1,7,False,1,4,False,False,False,0.9625,0
listing_000435,user_01295,MacBook sealed prepayment only,"Prepayment only, contact me in Telegram.",261.64,electronics,Sochi,8,10,19,False,1,0,True,True,True,0.2907,1
listing_000436,user_01590,Studio for long term rent,"Personal item, can meet in person and answer questions.",82661.95,real_estate,Sochi,1102,1,4,False,1,4,False,False,False,1.1022,0
listing_000437,user_00226,Apartment below market prepayment,"Delivery after deposit, no calls, messenger only.",29793.0,real_estate,Kazan,19,11,24,False,2,0,False,True,True,0.3972,1
listing_000438,user_00227,One bedroom apartment near metro,Available for inspection before purchase.,81744.26,real_estate,Kazan,171,0,3,True,0,3,False,False,False,1.0899,0
listing_000439,user_00814,Toyota Corolla 2016 clean documents,"Used carefully, normal sale, local pickup is possible.",9433.93,vehicles,Moscow,1117,0,1,False,0,4,False,False,False,1.1099,0
listing_000440,user_01687,Gaming laptop with warranty,Available for inspection before purchase.,770.32,electronics,Novosibirsk,763,0,4,False,0,2,False,False,False,0.8559,0
listing_000441,user_01483,Studio for long term rent,"Personal item, can meet in person and answer questions.",85534.09,real_estate,Saint Petersburg,1396,0,5,True,0,6,False,False,False,1.1405,0
listing_000442,user_00167,One bedroom apartment near metro,Available for inspection before purchase.,99201.5,real_estate,Novosibirsk,271,0,3,True,0,6,False,False,False,1.3227,0
listing_000443,user_00687,Toyota Corolla 2016 clean documents,Available for inspection before purchase.,7151.43,vehicles,Novosibirsk,399,0,2,True,1,2,False,False,False,0.8413,0
listing_000444,user_00459,Gaming laptop with warranty,Available for inspection before purchase.,470.94,electronics,Saint Petersburg,1062,1,3,True,0,5,False,False,False,0.5233,0
listing_000445,user_00467,Washing machine works well,Available for inspection before purchase.,855.82,home_appliances,Saint Petersburg,760,3,8,True,0,3,False,False,False,1.3166,0
listing_000446,user_01461,Leather shoes size 42,Available for inspection before purchase.,127.91,fashion,Saint Petersburg,454,2,4,False,1,2,False,False,False,1.0659,0
listing_000447,user_00319,Car urgent sale no questions,"Urgent sale today, write outside the platform.",6454.17,vehicles,Saint Petersburg,16,4,22,False,0,1,False,True,True,0.7593,0
listing_000448,user_00965,Washing machine works well,"Personal item, can meet in person and answer questions.",610.68,home_appliances,Saint Petersburg,565,0,1,True,0,2,False,False,False,0.9395,0
listing_000449,user_01289,Leather shoes size 42,Available for inspection before purchase.,111.91,fashion,Novosibirsk,396,1,4,False,0,6,False,False,False,0.9326,0
listing_000450,user_01703,Winter jacket lightly used,"Used carefully, normal sale, local pickup is possible.",106.04,fashion,Sochi,422,1,5,True,0,2,False,False,False,0.8837,0
listing_000451,user_00215,New fridge half price urgent,"Delivery after deposit, no calls, messenger only.",425.53,home_appliances,Moscow,9,4,14,False,0,1,False,True,True,0.6547,0
listing_000452,user_00114,Winter jacket lightly used,Available for inspection before purchase.,133.3,fashion,Sochi,505,0,4,True,0,6,False,False,False,1.1108,0
listing_000453,user_00198,Gaming laptop with warranty,"Used carefully, normal sale, local pickup is possible.",1134.09,electronics,Kazan,1163,0,2,True,0,3,False,False,False,1.2601,0
listing_000454,user_01453,Studio for long term rent,Available for inspection before purchase.,98650.96,real_estate,Novosibirsk,841,1,2,True,1,5,False,False,False,1.3153,0
listing_000455,user_00760,Winter jacket lightly used,"Personal item, can meet in person and answer questions.",100.56,fashion,Moscow,65,0,5,True,0,4,False,False,False,0.838,0
listing_000456,user_01752,Wooden desk in good condition,"Personal item, can meet in person and answer questions.",453.63,furniture,Kazan,312,1,3,True,1,4,False,False,False,1.0081,0
listing_000457,user_01485,Gaming laptop with warranty,Available for inspection before purchase.,1212.64,electronics,Kazan,135,0,6,True,0,4,False,False,False,1.3474,0
listing_000458,user_01180,Washing machine works well,"Used carefully, normal sale, local pickup is possible.",854.08,home_appliances,Novosibirsk,557,0,4,True,0,3,False,False,False,1.314,0
listing_000459,user_01411,Dining table with chairs,"Used carefully, normal sale, local pickup is possible.",515.02,furniture,Saint Petersburg,880,0,0,False,0,4,False,False,False,1.1445,0
listing_000460,user_01426,Leather shoes size 42,"Personal item, can meet in person and answer questions.",105.38,fashion,Novosibirsk,43,1,1,True,0,5,False,False,False,0.8782,0
listing_000461,user_00188,Designer sofa very cheap urgent,"Prepayment only, contact me in Telegram.",161.23,furniture,Moscow,6,11,21,False,1,2,True,True,True,0.3583,1
listing_000462,user_00258,Gaming laptop with warranty,"Used carefully, normal sale, local pickup is possible.",1113.94,electronics,Sochi,286,2,4,True,0,3,False,False,False,1.2377,0
listing_000463,user_00519,Washer cheap Telegram,"Prepayment only, contact me in Telegram.",428.31,home_appliances,Moscow,11,2,15,False,1,0,True,True,True,0.6589,1
listing_000464,user_01348,Gaming laptop with warranty,Available for inspection before purchase.,403.1,electronics,Kazan,369,1,5,False,0,2,False,False,False,0.4479,0
listing_000465,user_00849,MacBook sealed prepayment only,"Delivery after deposit, no calls, messenger only.",593.66,electronics,Novosibirsk,17,3,15,False,3,0,False,True,True,0.6596,1
listing_000466,user_00794,Toyota Corolla 2016 clean documents,Available for inspection before purchase.,9757.65,vehicles,Sochi,1315,0,3,False,1,4,False,False,False,1.148,0
listing_000467,user_00398,Washer cheap Telegram,"Delivery after deposit, no calls, messenger only.",295.06,home_appliances,Saint Petersburg,11,4,16,False,1,0,True,True,True,0.4539,1
listing_000468,user_00452,Gaming laptop with warranty,"Used carefully, normal sale, local pickup is possible.",976.8,electronics,Saint Petersburg,1166,1,3,True,0,6,False,False,False,1.0853,0
listing_000469,user_01476,Used iPhone 13 in good condition,Available for inspection before purchase.,1040.56,electronics,Moscow,1102,0,2,True,1,2,False,False,False,1.1562,0
listing_000470,user_00393,Gaming laptop with warranty,"Personal item, can meet in person and answer questions.",436.34,electronics,Sochi,474,1,3,True,0,2,False,False,False,0.4848,0
listing_000471,user_01516,Used iPhone 13 in good condition,"Used carefully, normal sale, local pickup is possible.",747.18,electronics,Moscow,499,1,4,False,1,6,False,False,False,0.8302,0
listing_000472,user_01558,Rent urgent contact Telegram,"Prepayment only, contact me in Telegram.",44891.96,real_estate,Saint Petersburg,5,8,16,False,4,1,True,True,True,0.5986,1
listing_000473,user_00270,Gaming laptop with warranty,"Personal item, can meet in person and answer questions.",905.82,electronics,Moscow,1181,0,0,True,0,2,False,False,False,1.0065,0
listing_000474,user_01509,Scooter cheap today only,"Prepayment only, contact me in Telegram.",1657.72,vehicles,Kazan,14,3,17,False,1,1,True,True,True,0.195,1
listing_000475,user_00069,Leather shoes size 42,"Used carefully, normal sale, local pickup is possible.",114.15,fashion,Saint Petersburg,1133,2,3,True,0,4,False,False,False,0.9513,0
listing_000476,user_00299,Luxury jacket original cheap,"Urgent sale today, write outside the platform.",37.51,fashion,Novosibirsk,13,8,22,False,1,2,False,True,True,0.3126,1
listing_000477,user_01354,Leather shoes size 42,"Used carefully, normal sale, local pickup is possible.",145.53,fashion,Saint Petersburg,1261,1,3,True,0,3,False,False,False,1.2127,0
listing_000478,user_00539,Scooter cheap today only,"Urgent sale today, write outside the platform.",4836.9,vehicles,Sochi,6,4,17,False,3,1,False,True,True,0.569,1
listing_000479,user_00635,Studio for long term rent,Available for inspection before purchase.,102754.18,real_estate,Moscow,291,0,3,False,0,6,False,False,False,1.3701,0
listing_000480,user_00506,Used city bike,"Personal item, can meet in person and answer questions.",9426.91,vehicles,Kazan,1299,2,9,False,0,2,False,False,False,1.109,0
listing_000481,user_00346,Leather shoes size 42,Available for inspection before purchase.,130.66,fashion,Sochi,286,0,1,True,0,5,False,False,False,1.0888,0
listing_000482,user_00851,Used iPhone 13 in good condition,"Urgent sale today, write outside the platform.",1118.21,electronics,Saint Petersburg,229,1,4,True,1,3,False,True,True,1.2425,0
listing_000483,user_00310,Studio for long term rent,"Used carefully, normal sale, local pickup is possible.",89195.24,real_estate,Novosibirsk,273,0,1,True,1,6,False,False,False,1.1893,0
listing_000484,user_00441,Gaming laptop with warranty,"Personal item, can meet in person and answer questions.",1046.96,electronics,Moscow,1178,0,2,False,0,2,False,False,False,1.1633,0
listing_000485,user_01200,Washer cheap Telegram,"Urgent sale today, write outside the platform.",211.71,home_appliances,Saint Petersburg,1,8,19,False,1,0,True,True,True,0.3257,1
listing_000486,user_00787,Sneakers limited urgent,Available for inspection before purchase.,139.71,fashion,Saint Petersburg,40,1,6,True,0,6,False,True,False,1.1643,0
listing_000487,user_01113,MacBook sealed prepayment only,"Urgent sale today, write outside the platform.",524.08,electronics,Moscow,5,5,15,False,2,2,False,True,True,0.5823,1
listing_000488,user_01654,One bedroom apartment near metro,"Personal item, can meet in person and answer questions.",58316.09,real_estate,Kazan,253,1,6,True,0,5,False,False,False,0.7775,0
listing_000489,user_00255,Used city bike,Available for inspection before purchase.,7688.02,vehicles,Novosibirsk,762,1,2,True,0,2,False,False,False,0.9045,0
listing_000490,user_00134,Scooter cheap today only,Available for inspection before purchase.,7183.91,vehicles,Kazan,1191,1,2,True,0,5,False,True,False,0.8452,0
listing_000491,user_00567,Microwave oven,"Personal item, can meet in person and answer questions.",527.34,home_appliances,Moscow,469,2,9,True,0,6,False,False,False,0.8113,0
listing_000492,user_00813,Studio for long term rent,"Used carefully, normal sale, local pickup is possible.",71605.89,real_estate,Moscow,454,1,1,True,0,2,False,False,False,0.9547,0
listing_000493,user_00625,Washer cheap Telegram,"Prepayment only, contact me in Telegram.",377.69,home_appliances,Novosibirsk,8,8,20,False,1,1,True,True,True,0.5811,1
listing_000494,user_00063,Scooter cheap today only,"Prepayment only, contact me in Telegram.",2032.36,vehicles,Novosibirsk,7,3,13,False,0,2,True,True,True,0.2391,1
listing_000495,user_00687,Designer sofa very cheap urgent,"Delivery after deposit, no calls, messenger only.",287.89,furniture,Saint Petersburg,2,6,18,False,2,1,False,True,True,0.6398,1
listing_000496,user_00169,Used iPhone 13 in good condition,"Personal item, can meet in person and answer questions.",947.95,electronics,Kazan,246,1,8,True,0,3,False,False,False,1.0533,0
listing_000497,user_00429,One bedroom apartment near metro,"Used carefully, normal sale, local pickup is possible.",86376.34,real_estate,Novosibirsk,1221,0,3,True,0,4,False,False,False,1.1517,0
listing_000498,user_01221,One bedroom apartment near metro,"Personal item, can meet in person and answer questions.",96921.45,real_estate,Saint Petersburg,313,2,3,True,1,2,False,False,False,1.2923,0
listing_000499,user_00692,Rent urgent contact Telegram,"Delivery after deposit, no calls, messenger only.",31169.59,real_estate,Moscow,15,2,14,True,1,1,True,True,True,0.4156,1
listing_000500,user_00049,Leather shoes size 42,"Used carefully, normal sale, local pickup is possible.",108.51,fashion,Kazan,998,0,3,True,0,3,False,False,False,0.9042,0
listing_000501,user_01588,Gaming laptop with warranty,Available for inspection before purchase.,1159.03,electronics,Novosibirsk,1269,1,4,True,0,2,False,False,False,1.2878,0
listing_000502,user_01185,Used city bike,"Personal item, can meet in person and answer questions.",11519.64,vehicles,Moscow,520,0,5,False,1,4,False,False,False,1.3553,0
listing_000503,user_00351,Washing machine works well,"Personal item, can meet in person and answer questions.",852.87,home_appliances,Moscow,464,0,3,True,0,5,False,False,False,1.3121,0
listing_000504,user_00184,Toyota Corolla 2016 clean documents,Available for inspection before purchase.,11448.07,vehicles,Saint Petersburg,822,1,5,True,0,4,False,False,False,1.3468,0
listing_000505,user_01559,Designer sofa very cheap urgent,"Prepayment only, contact me in Telegram.",181.76,furniture,Novosibirsk,12,6,14,True,2,0,True,True,True,0.4039,1
listing_000506,user_01670,Winter jacket lightly used,"Used carefully, normal sale, local pickup is possible.",152.21,fashion,Moscow,221,0,3,True,0,5,False,False,False,1.2684,0
listing_000507,user_00086,MacBook sealed prepayment only,Available for inspection before purchase.,943.73,electronics,Saint Petersburg,1168,2,5,True,0,3,False,True,False,1.0486,0
listing_000508,user_01759,Wooden desk in good condition,"Personal item, can meet in person and answer questions.",593.31,furniture,Kazan,99,2,5,True,1,2,False,False,False,1.3185,0
listing_000509,user_01681,Leather shoes size 42,"Used carefully, normal sale, local pickup is possible.",142.26,fashion,Novosibirsk,63,1,7,True,0,4,False,False,False,1.1855,0
listing_000510,user_01562,Winter jacket lightly used,"Used carefully, normal sale, local pickup is possible.",123.73,fashion,Moscow,1163,0,5,True,0,2,False,False,False,1.0311,0
listing_000511,user_00835,Washer cheap Telegram,"Urgent sale today, write outside the platform.",292.96,home_appliances,Saint Petersburg,17,3,12,False,4,1,True,True,True,0.4507,1
listing_000512,user_01712,Studio for long term rent,"Prepayment only, contact me in Telegram.",101834.89,real_estate,Novosibirsk,1005,0,4,True,0,5,True,True,True,1.3578,0
listing_000513,user_00714,Winter jacket lightly used,"Used carefully, normal sale, local pickup is possible.",149.06,fashion,Kazan,233,2,5,True,1,3,False,False,False,1.2422,0
listing_000514,user_00694,Toyota Corolla 2016 clean documents,"Personal item, can meet in person and answer questions.",9780.0,vehicles,Kazan,1074,1,4,False,0,5,False,False,False,1.1506,0
listing_000515,user_00657,New fridge half price urgent,"Delivery after deposit, no calls, messenger only.",143.32,home_appliances,Saint Petersburg,0,4,17,False,0,0,False,True,True,0.2205,1
listing_000516,user_01758,Washing machine works well,Available for inspection before purchase.,540.73,home_appliances,Novosibirsk,837,3,11,True,0,5,False,False,False,0.8319,0
listing_000517,user_00317,Toyota Corolla 2016 clean documents,"Used carefully, normal sale, local pickup is possible.",10165.57,vehicles,Saint Petersburg,1295,1,3,True,0,2,False,False,False,1.1959,0
listing_000518,user_01468,Microwave oven,"Used carefully, normal sale, local pickup is possible.",558.26,home_appliances,Moscow,1270,0,1,True,0,2,False,False,False,0.8589,0
listing_000519,user_01214,Used city bike,"Personal item, can meet in person and answer questions.",8299.34,vehicles,Kazan,1255,1,5,True,0,2,False,False,False,0.9764,0
listing_000520,user_01214,Used city bike,"Used carefully, normal sale, local pickup is possible.",9216.09,vehicles,Moscow,73,0,0,True,0,3,False,False,False,1.0842,0
listing_000521,user_00261,Winter jacket lightly used,"Used carefully, normal sale, local pickup is possible.",134.4,fashion,Novosibirsk,685,1,4,True,0,5,False,False,False,1.12,0
listing_000522,user_01767,Scooter cheap today only,"Delivery after deposit, no calls, messenger only.",3303.62,vehicles,Moscow,10,7,25,False,1,2,False,True,True,0.3887,1
listing_000523,user_00704,Studio for long term rent,"Personal item, can meet in person and answer questions.",58817.22,real_estate,Sochi,298,1,6,True,0,4,False,False,False,0.7842,0
listing_000524,user_00328,Microwave oven,"Used carefully, normal sale, local pickup is possible.",514.82,home_appliances,Sochi,1122,1,6,True,0,5,False,False,False,0.792,0
listing_000525,user_00650,MacBook sealed prepayment only,"Urgent sale today, write outside the platform.",340.32,electronics,Sochi,18,7,15,False,2,1,False,True,True,0.3781,1
listing_000526,user_01085,New fridge half price urgent,"Personal item, can meet in person and answer questions.",623.37,home_appliances,Novosibirsk,1429,2,6,True,1,3,False,True,False,0.959,0
listing_000527,user_00629,Used iPhone 13 in good condition,"Used carefully, normal sale, local pickup is possible.",928.35,electronics,Sochi,38,1,3,True,0,2,False,False,False,1.0315,0
listing_000528,user_01220,Used iPhone 13 in good condition,"Used carefully, normal sale, local pickup is possible.",1154.07,electronics,Novosibirsk,199,0,1,True,0,6,False,False,False,1.2823,0
listing_000529,user_01691,iPhone 15 Pro very cheap urgent,"Delivery after deposit, no calls, messenger only.",448.95,electronics,Novosibirsk,10,2,14,False,1,1,False,True,True,0.4988,1
listing_000530,user_01196,Gaming laptop with warranty,"Personal item, can meet in person and answer questions.",1183.69,electronics,Moscow,975,0,4,True,0,5,False,False,False,1.3152,0
listing_000531,user_01326,Microwave oven,"Personal item, can meet in person and answer questions.",482.12,home_appliances,Sochi,1214,1,3,True,0,4,False,False,False,0.7417,0
listing_000532,user_01466,Microwave oven,"Personal item, can meet in person and answer questions.",724.39,home_appliances,Novosibirsk,619,1,4,True,0,3,False,False,False,1.1144,0
listing_000533,user_00586,Used iPhone 13 in good condition,"Urgent sale today, write outside the platform.",766.46,electronics,Kazan,676,1,3,True,0,6,False,True,True,0.8516,0
listing_000534,user_01740,iPhone 15 Pro very cheap urgent,"Used carefully, normal sale, local pickup is possible.",779.05,electronics,Kazan,923,1,3,True,0,5,False,True,False,0.8656,0
listing_000535,user_00927,Winter jacket lightly used,Available for inspection before purchase.,126.9,fashion,Moscow,169,3,4,False,1,4,False,False,False,1.0575,0
listing_000536,user_00957,MacBook sealed prepayment only,"Prepayment only, contact me in Telegram.",169.15,electronics,Sochi,12,6,15,False,1,0,True,True,True,0.1879,1
listing_000537,user_01665,Gaming laptop with warranty,"Personal item, can meet in person and answer questions.",837.77,electronics,Sochi,998,1,3,False,0,2,False,False,False,0.9309,0
listing_000538,user_00012,Sneakers limited urgent,"Delivery after deposit, no calls, messenger only.",72.83,fashion,Saint Petersburg,13,5,14,False,1,1,False,True,True,0.6069,1
listing_000539,user_00663,Used iPhone 13 in good condition,Available for inspection before purchase.,1055.9,electronics,Novosibirsk,1349,3,5,True,1,4,False,False,False,1.1732,0
listing_000540,user_00173,iPhone 15 Pro very cheap urgent,"Used carefully, normal sale, local pickup is possible.",806.2,electronics,Kazan,961,0,3,True,1,6,False,True,False,0.8958,0
listing_000541,user_01271,Winter jacket lightly used,"Used carefully, normal sale, local pickup is possible.",146.95,fashion,Moscow,710,0,4,True,0,2,False,False,False,1.2246,0
listing_000542,user_01116,Apartment below market prepayment,"Urgent sale today, write outside the platform.",35065.46,real_estate,Saint Petersburg,15,3,15,False,1,2,False,True,True,0.4675,1
listing_000543,user_00753,Gaming laptop with warranty,"Personal item, can meet in person and answer questions.",960.73,electronics,Kazan,44,1,3,False,0,3,False,False,False,1.0675,0
listing_000544,user_00642,Toyota Corolla 2016 clean documents,"Used carefully, normal sale, local pickup is possible.",6945.44,vehicles,Novosibirsk,47,1,6,True,0,3,False,False,False,0.8171,0
listing_000545,user_00040,One bedroom apartment near metro,Available for inspection before purchase.,74169.29,real_estate,Moscow,1089,0,0,True,0,2,False,False,False,0.9889,0
listing_000546,user_00376,Gaming laptop with warranty,"Personal item, can meet in person and answer questions.",1286.69,electronics,Moscow,267,0,4,True,1,3,False,False,False,1.4297,0
listing_000547,user_00065,Wooden desk in good condition,"Personal item, can meet in person and answer questions.",553.46,furniture,Kazan,877,1,7,True,0,5,False,False,False,1.2299,0
listing_000548,user_00714,Sneakers limited urgent,"Prepayment only, contact me in Telegram.",85.16,fashion,Kazan,0,4,15,False,3,1,True,True,True,0.7097,1
listing_000549,user_01723,Wooden desk in good condition,"Personal item, can meet in person and answer questions.",392.89,furniture,Sochi,581,0,4,True,1,6,False,False,False,0.8731,0
listing_000550,user_01754,Winter jacket lightly used,"Used carefully, normal sale, local pickup is possible.",109.34,fashion,Moscow,998,0,4,False,0,6,False,False,False,0.9112,0
listing_000551,user_01697,Used iPhone 13 in good condition,"Used carefully, normal sale, local pickup is possible.",848.4,electronics,Saint Petersburg,283,1,3,False,1,4,False,False,False,0.9427,0
listing_000552,user_01244,New table prepay reserve,"Delivery after deposit, no calls, messenger only.",210.99,furniture,Saint Petersburg,1,2,22,False,1,0,False,True,True,0.4689,1
listing_000553,user_00612,Apartment below market prepayment,"Prepayment only, contact me in Telegram.",29635.75,real_estate,Sochi,0,5,10,False,2,0,True,True,True,0.3951,1
listing_000554,user_00396,Gaming laptop with warranty,"Personal item, can meet in person and answer questions.",748.46,electronics,Moscow,551,1,6,True,0,6,False,False,False,0.8316,0
listing_000555,user_00627,Wooden desk in good condition,Available for inspection before purchase.,463.92,furniture,Novosibirsk,491,0,0,True,0,5,False,False,False,1.0309,0
listing_000556,user_00370,Dining table with chairs,"Used carefully, normal sale, local pickup is possible.",205.47,furniture,Saint Petersburg,1187,1,7,True,0,2,False,False,False,0.4566,0
listing_000557,user_01273,Gaming laptop with warranty,Available for inspection before purchase.,962.62,electronics,Kazan,438,1,2,False,0,3,False,False,False,1.0696,0
listing_000558,user_01013,One bedroom apartment near metro,"Prepayment only, contact me in Telegram.",72082.82,real_estate,Moscow,712,1,4,True,0,4,True,True,True,0.9611,0
listing_000559,user_01507,Leather shoes size 42,Available for inspection before purchase.,112.26,fashion,Sochi,99,0,6,False,0,4,False,False,False,0.9355,0
listing_000560,user_01770,Toyota Corolla 2016 clean documents,"Delivery after deposit, no calls, messenger only.",10069.71,vehicles,Novosibirsk,653,0,5,True,0,2,False,True,True,1.1847,0
listing_000561,user_00767,Luxury jacket original cheap,"Urgent sale today, write outside the platform.",60.87,fashion,Sochi,6,7,22,False,1,0,False,True,True,0.5072,1
listing_000562,user_00338,iPhone 15 Pro very cheap urgent,"Prepayment only, contact me in Telegram.",450.26,electronics,Saint Petersburg,14,4,20,False,3,2,True,True,True,0.5003,1
listing_000563,user_00054,Microwave oven,"Personal item, can meet in person and answer questions.",874.23,home_appliances,Novosibirsk,600,1,5,True,0,5,False,False,False,1.345,0
listing_000564,user_01378,Wooden desk in good condition,Available for inspection before purchase.,493.25,furniture,Novosibirsk,558,0,5,True,0,5,False,False,False,1.0961,0
listing_000565,user_00824,Used city bike,Available for inspection before purchase.,9295.13,vehicles,Sochi,1194,2,2,True,0,3,False,False,False,1.0935,0
listing_000566,user_01449,Luxury jacket original cheap,"Delivery after deposit, no calls, messenger only.",84.3,fashion,Kazan,12,6,19,False,1,1,False,True,True,0.7025,1
listing_000567,user_01751,iPhone 15 Pro very cheap urgent,"Delivery after deposit, no calls, messenger only.",164.69,electronics,Saint Petersburg,2,4,11,False,2,2,False,True,True,0.183,1
listing_000568,user_00758,New table prepay reserve,"Delivery after deposit, no calls, messenger only.",322.47,furniture,Kazan,10,3,16,False,2,0,False,True,True,0.7166,1
listing_000569,user_01676,Washer cheap Telegram,"Delivery after deposit, no calls, messenger only.",259.99,home_appliances,Kazan,14,1,10,False,1,2,True,True,True,0.4,1
listing_000570,user_00355,New fridge half price urgent,"Delivery after deposit, no calls, messenger only.",290.86,home_appliances,Novosibirsk,13,5,14,False,3,1,False,True,True,0.4475,1
listing_000571,user_01416,Washer cheap Telegram,"Urgent sale today, write outside the platform.",355.14,home_appliances,Novosibirsk,18,3,12,False,3,1,True,True,True,0.5464,1
listing_000572,user_00622,Wooden desk in good condition,"Personal item, can meet in person and answer questions.",510.33,furniture,Sochi,1169,1,1,False,0,4,False,False,False,1.1341,0
listing_000573,user_00390,Dining table with chairs,"Used carefully, normal sale, local pickup is possible.",365.94,furniture,Saint Petersburg,903,2,7,True,0,5,False,False,False,0.8132,0
listing_000574,user_01384,Luxury jacket original cheap,"Personal item, can meet in person and answer questions.",153.93,fashion,Moscow,792,2,6,True,0,4,False,False,False,1.2828,0
listing_000575,user_01682,Dining table with chairs,"Personal item, can meet in person and answer questions.",418.41,furniture,Moscow,241,0,4,True,1,5,False,False,False,0.9298,0
listing_000576,user_01231,Wooden desk in good condition,"Personal item, can meet in person and answer questions.",459.25,furniture,Sochi,637,1,3,True,1,5,False,False,False,1.0206,0
listing_000577,user_01368,Dining table with chairs,"Used carefully, normal sale, local pickup is possible.",502.22,furniture,Moscow,717,1,3,True,0,3,False,False,False,1.116,0
listing_000578,user_01219,One bedroom apartment near metro,"Personal item, can meet in person and answer questions.",69177.98,real_estate,Saint Petersburg,1181,1,3,True,1,2,False,False,False,0.9224,0
listing_000579,user_01142,Wooden desk in good condition,"Personal item, can meet in person and answer questions.",642.79,furniture,Sochi,1480,1,3,True,0,6,False,False,False,1.4284,0
listing_000580,user_00259,Washing machine works well,"Used carefully, normal sale, local pickup is possible.",839.4,home_appliances,Kazan,1088,4,7,True,0,3,False,False,False,1.2914,0
listing_000581,user_01432,Winter jacket lightly used,Available for inspection before purchase.,105.34,fashion,Kazan,924,3,5,True,0,5,False,False,False,0.8778,0
listing_000582,user_00200,Used iPhone 13 in good condition,"Used carefully, normal sale, local pickup is possible.",1155.03,electronics,Kazan,919,1,11,True,0,5,False,False,False,1.2834,0
listing_000583,user_00533,Used iPhone 13 in good condition,Available for inspection before purchase.,466.89,electronics,Novosibirsk,442,1,7,True,0,6,False,False,False,0.5188,0
listing_000584,user_01473,Rent urgent contact Telegram,"Urgent sale today, write outside the platform.",53703.99,real_estate,Saint Petersburg,18,7,16,False,2,0,True,True,True,0.7161,1
listing_000585,user_00873,Toyota Corolla 2016 clean documents,Available for inspection before purchase.,10974.71,vehicles,Sochi,600,0,2,True,0,4,False,False,False,1.2911,0
listing_000586,user_00269,One bedroom apartment near metro,Available for inspection before purchase.,85827.83,real_estate,Saint Petersburg,95,0,4,True,0,2,False,False,False,1.1444,0
listing_000587,user_01469,Toyota Corolla 2016 clean documents,"Personal item, can meet in person and answer questions.",11263.02,vehicles,Kazan,1178,0,4,True,0,6,False,False,False,1.3251,0
listing_000588,user_00528,Leather shoes size 42,"Used carefully, normal sale, local pickup is possible.",112.46,fashion,Moscow,428,1,3,True,1,4,False,False,False,0.9372,0
listing_000589,user_00508,Winter jacket lightly used,Available for inspection before purchase.,123.11,fashion,Saint Petersburg,1002,0,4,True,0,2,False,False,False,1.0259,0
listing_000590,user_01304,Microwave oven,Available for inspection before purchase.,561.21,home_appliances,Kazan,706,0,2,True,0,2,False,False,False,0.8634,0
listing_000591,user_01135,Gaming laptop with warranty,"Personal item, can meet in person and answer questions.",808.05,electronics,Saint Petersburg,1021,0,4,True,0,4,False,False,False,0.8978,0
listing_000592,user_00818,Studio for long term rent,"Used carefully, normal sale, local pickup is possible.",107974.88,real_estate,Novosibirsk,514,1,1,True,0,3,False,False,False,1.4397,0
listing_000593,user_00639,Car urgent sale no questions,"Prepayment only, contact me in Telegram.",3160.57,vehicles,Kazan,16,7,19,False,0,1,True,True,True,0.3718,1
listing_000594,user_01457,Scooter cheap today only,"Delivery after deposit, no calls, messenger only.",1685.96,vehicles,Saint Petersburg,15,2,13,False,0,1,False,True,True,0.1983,1
listing_000595,user_00664,Microwave oven,"Used carefully, normal sale, local pickup is possible.",818.68,home_appliances,Novosibirsk,204,1,2,True,1,6,False,False,False,1.2595,0
listing_000596,user_01653,Used city bike,"Personal item, can meet in person and answer questions.",8236.85,vehicles,Sochi,235,2,3,False,0,5,False,False,False,0.969,0
listing_000597,user_00338,Studio for long term rent,Available for inspection before purchase.,62178.5,real_estate,Sochi,986,2,9,True,1,3,False,False,False,0.829,0
listing_000598,user_00608,Dining table with chairs,"Personal item, can meet in person and answer questions.",510.33,furniture,Kazan,1242,1,6,True,0,4,False,False,False,1.1341,0
listing_000599,user_01406,New fridge half price urgent,"Delivery after deposit, no calls, messenger only.",453.22,home_appliances,Saint Petersburg,9,8,23,False,1,2,False,True,True,0.6973,1
listing_000600,user_01728,Studio for long term rent,Available for inspection before purchase.,90764.18,real_estate,Moscow,1329,2,6,True,0,4,False,False,False,1.2102,0
listing_000601,user_00236,Winter jacket lightly used,"Personal item, can meet in person and answer questions.",142.01,fashion,Saint Petersburg,755,1,8,False,0,3,False,False,False,1.1834,0
listing_000602,user_00621,Apartment below market prepayment,"Prepayment only, contact me in Telegram.",22566.8,real_estate,Novosibirsk,5,5,11,False,0,1,True,True,True,0.3009,1
listing_000603,user_00801,Luxury jacket original cheap,"Prepayment only, contact me in Telegram.",74.19,fashion,Sochi,2,4,13,False,1,2,True,True,True,0.6182,1
listing_000604,user_01561,New table prepay reserve,"Delivery after deposit, no calls, messenger only.",235.42,furniture,Novosibirsk,11,4,18,False,1,2,False,True,True,0.5232,1
listing_000605,user_01621,Used iPhone 13 in good condition,"Used carefully, normal sale, local pickup is possible.",1111.54,electronics,Saint Petersburg,1112,0,3,True,0,2,False,False,False,1.235,0
listing_000606,user_01551,Studio for long term rent,Available for inspection before purchase.,95378.32,real_estate,Saint Petersburg,37,0,3,False,0,3,False,False,False,1.2717,0
listing_000607,user_00264,Gaming laptop with warranty,"Used carefully, normal sale, local pickup is possible.",694.46,electronics,Saint Petersburg,163,0,2,True,0,4,False,False,False,0.7716,0
listing_000608,user_00017,Microwave oven,Available for inspection before purchase.,667.86,home_appliances,Sochi,808,0,2,False,0,4,False,False,False,1.0275,0
listing_000609,user_00119,Studio for long term rent,"Used carefully, normal sale, local pickup is possible.",90903.9,real_estate,Novosibirsk,1341,1,5,True,1,4,False,False,False,1.2121,0
listing_000610,user_01324,Wooden desk in good condition,Available for inspection before purchase.,341.72,furniture,Saint Petersburg,888,2,3,True,0,4,False,False,False,0.7594,0
listing_000611,user_00678,One bedroom apartment near metro,Available for inspection before purchase.,98468.92,real_estate,Moscow,1469,1,4,True,0,6,False,False,False,1.3129,0
listing_000612,user_01332,Washing machine works well,"Used carefully, normal sale, local pickup is possible.",840.61,home_appliances,Moscow,243,0,4,False,0,4,False,False,False,1.2932,0
listing_000613,user_01405,Dining table with chairs,"Personal item, can meet in person and answer questions.",429.12,furniture,Moscow,1287,1,4,True,0,6,False,False,False,0.9536,0
listing_000614,user_00090,Leather shoes size 42,"Personal item, can meet in person and answer questions.",149.44,fashion,Saint Petersburg,40,0,4,True,0,6,False,False,False,1.2453,0
listing_000615,user_00530,MacBook sealed prepayment only,"Prepayment only, contact me in Telegram.",578.33,electronics,Saint Petersburg,18,3,9,False,0,1,True,True,True,0.6426,1
listing_000616,user_00189,Washer cheap Telegram,"Delivery after deposit, no calls, messenger only.",369.49,home_appliances,Saint Petersburg,7,13,30,False,1,2,True,True,True,0.5684,1
listing_000617,user_01721,Dining table with chairs,Available for inspection before purchase.,464.28,furniture,Saint Petersburg,1340,1,3,False,0,6,False,False,False,1.0317,0
listing_000618,user_01057,Gaming laptop with warranty,"Delivery after deposit, no calls, messenger only.",885.82,electronics,Saint Petersburg,781,0,2,True,0,3,False,True,True,0.9842,0
listing_000619,user_01441,Rent urgent contact Telegram,"Prepayment only, contact me in Telegram.",20620.21,real_estate,Sochi,0,5,21,False,1,1,True,True,True,0.2749,1
listing_000620,user_00960,Winter jacket lightly used,"Used carefully, normal sale, local pickup is possible.",127.1,fashion,Moscow,1270,0,3,True,0,4,False,False,False,1.0592,0
listing_000621,user_00298,Leather shoes size 42,Available for inspection before purchase.,134.93,fashion,Moscow,1152,1,6,False,0,6,False,False,False,1.1244,0
listing_000622,user_00916,Dining table with chairs,"Used carefully, normal sale, local pickup is possible.",510.67,furniture,Saint Petersburg,141,0,2,False,0,3,False,False,False,1.1348,0
listing_000623,user_01054,Designer sofa very cheap urgent,"Prepayment only, contact me in Telegram.",161.35,furniture,Novosibirsk,16,4,11,False,2,0,True,True,True,0.3586,1
listing_000624,user_01571,Scooter cheap today only,"Prepayment only, contact me in Telegram.",6404.8,vehicles,Novosibirsk,104,0,6,True,0,5,True,True,True,0.7535,0
listing_000625,user_01000,Wooden desk in good condition,"Personal item, can meet in person and answer questions.",371.52,furniture,Novosibirsk,455,1,5,True,0,2,False,False,False,0.8256,0
listing_000626,user_00709,New table prepay reserve,"Urgent sale today, write outside the platform.",221.75,furniture,Kazan,13,7,15,False,0,1,False,True,True,0.4928,1
listing_000627,user_01774,Winter jacket lightly used,"Used carefully, normal sale, local pickup is possible.",113.67,fashion,Sochi,473,0,4,True,0,6,False,False,False,0.9473,0
listing_000628,user_00436,Dining table with chairs,"Personal item, can meet in person and answer questions.",384.0,furniture,Moscow,966,2,6,True,0,5,False,False,False,0.8533,0
listing_000629,user_00777,New fridge half price urgent,"Delivery after deposit, no calls, messenger only.",468.65,home_appliances,Sochi,7,7,23,True,2,1,False,True,True,0.721,1
listing_000630,user_01684,Used city bike,"Used carefully, normal sale, local pickup is possible.",9580.2,vehicles,Kazan,255,1,8,True,1,3,False,False,False,1.1271,0
listing_000631,user_01347,Microwave oven,Available for inspection before purchase.,835.69,home_appliances,Moscow,1459,0,1,True,0,3,False,False,False,1.2857,0
listing_000632,user_00143,Leather shoes size 42,"Urgent sale today, write outside the platform.",123.56,fashion,Novosibirsk,161,0,2,True,0,5,False,True,True,1.0297,0
listing_000633,user_01394,iPhone 15 Pro very cheap urgent,"Prepayment only, contact me in Telegram.",635.1,electronics,Sochi,19,4,16,False,1,1,True,True,True,0.7057,1
listing_000634,user_01349,Used iPhone 13 in good condition,"Used carefully, normal sale, local pickup is possible.",763.32,electronics,Moscow,745,4,5,True,0,4,False,False,False,0.8481,0
listing_000635,user_01142,Wooden desk in good condition,"Personal item, can meet in person and answer questions.",464.71,furniture,Sochi,857,0,3,False,1,5,False,False,False,1.0327,0
listing_000636,user_01555,Washing machine works well,"Used carefully, normal sale, local pickup is possible.",906.59,home_appliances,Saint Petersburg,700,1,3,True,0,3,False,False,False,1.3948,0
listing_000637,user_00545,Washing machine works well,"Personal item, can meet in person and answer questions.",620.26,home_appliances,Moscow,1270,0,3,True,0,2,False,False,False,0.9542,0
listing_000638,user_00172,Sneakers limited urgent,"Used carefully, normal sale, local pickup is possible.",130.07,fashion,Sochi,603,0,2,True,0,2,False,True,False,1.0839,0
listing_000639,user_01260,Washing machine works well,"Used carefully, normal sale, local pickup is possible.",813.85,home_appliances,Sochi,713,2,5,True,0,5,False,False,False,1.2521,0
listing_000640,user_00558,Wooden desk in good condition,"Used carefully, normal sale, local pickup is possible.",386.1,furniture,Moscow,1350,2,7,False,1,6,False,False,False,0.858,0
listing_000641,user_00123,Washing machine works well,"Used carefully, normal sale, local pickup is possible.",272.7,home_appliances,Kazan,1150,1,4,True,0,6,False,False,False,0.4195,0
listing_000642,user_00770,Toyota Corolla 2016 clean documents,"Delivery after deposit, no calls, messenger only.",8481.55,vehicles,Kazan,1321,0,0,True,0,5,False,True,True,0.9978,0
listing_000643,user_01592,Wooden desk in good condition,"Used carefully, normal sale, local pickup is possible.",559.13,furniture,Saint Petersburg,41,0,4,True,0,5,False,False,False,1.2425,0
listing_000644,user_00087,Studio for long term rent,Available for inspection before purchase.,39903.7,real_estate,Sochi,1062,2,6,False,0,6,False,False,False,0.532,0
listing_000645,user_01608,Used city bike,"Used carefully, normal sale, local pickup is possible.",7478.59,vehicles,Saint Petersburg,1183,1,3,True,0,2,False,False,False,0.8798,0
listing_000646,user_00982,New fridge half price urgent,"Urgent sale today, write outside the platform.",215.45,home_appliances,Moscow,13,8,13,False,2,1,False,True,True,0.3315,1
listing_000647,user_00007,Gaming laptop with warranty,"Used carefully, normal sale, local pickup is possible.",969.58,electronics,Sochi,1131,1,3,True,0,3,False,False,False,1.0773,0
listing_000648,user_00276,Toyota Corolla 2016 clean documents,"Personal item, can meet in person and answer questions.",3375.04,vehicles,Moscow,710,3,5,False,0,2,False,False,False,0.3971,0
listing_000649,user_00729,Leather shoes size 42,"Personal item, can meet in person and answer questions.",158.51,fashion,Saint Petersburg,1228,0,3,True,1,3,False,False,False,1.3209,0
listing_000650,user_01500,Used city bike,"Personal item, can meet in person and answer questions.",10245.2,vehicles,Saint Petersburg,1108,3,8,True,1,4,False,False,False,1.2053,0
listing_000651,user_00256,Washing machine works well,"Used carefully, normal sale, local pickup is possible.",775.45,home_appliances,Sochi,286,1,4,True,1,3,False,False,False,1.193,0
listing_000652,user_01166,Washer cheap Telegram,"Prepayment only, contact me in Telegram.",367.18,home_appliances,Kazan,9,6,14,False,1,2,True,True,True,0.5649,1
listing_000653,user_00195,New fridge half price urgent,"Prepayment only, contact me in Telegram.",243.78,home_appliances,Moscow,6,3,20,False,1,1,True,True,True,0.375,1
listing_000654,user_00933,Leather shoes size 42,Available for inspection before purchase.,127.44,fashion,Saint Petersburg,1011,0,1,True,0,3,False,False,False,1.062,0
listing_000655,user_01181,Rent urgent contact Telegram,"Urgent sale today, write outside the platform.",26970.98,real_estate,Saint Petersburg,8,5,16,False,2,2,True,True,True,0.3596,1
listing_000656,user_01300,Used city bike,Available for inspection before purchase.,9702.16,vehicles,Kazan,1461,0,3,False,0,4,False,False,False,1.1414,0
listing_000657,user_00676,Scooter cheap today only,"Urgent sale today, write outside the platform.",6122.81,vehicles,Moscow,1,5,11,False,1,1,False,True,True,0.7203,1
listing_000658,user_00915,Winter jacket lightly used,"Used carefully, normal sale, local pickup is possible.",87.54,fashion,Moscow,508,0,3,True,0,3,False,False,False,0.7295,0
listing_000659,user_01120,Studio for long term rent,"Personal item, can meet in person and answer questions.",77379.45,real_estate,Kazan,1355,0,4,True,0,5,False,False,False,1.0317,0
listing_000660,user_01726,One bedroom apartment near metro,"Personal item, can meet in person and answer questions.",66244.73,real_estate,Novosibirsk,200,1,5,True,0,2,False,False,False,0.8833,0
listing_000661,user_00139,Dining table with chairs,"Personal item, can meet in person and answer questions.",560.04,furniture,Sochi,480,1,4,False,0,6,False,False,False,1.2445,0
listing_000662,user_00805,Used city bike,Available for inspection before purchase.,5934.56,vehicles,Kazan,511,2,8,True,0,2,False,False,False,0.6982,0
listing_000663,user_01789,Designer sofa very cheap urgent,"Delivery after deposit, no calls, messenger only.",211.58,furniture,Novosibirsk,14,4,17,False,0,1,False,True,True,0.4702,1
listing_000664,user_01136,Gaming laptop with warranty,"Personal item, can meet in person and answer questions.",348.93,electronics,Saint Petersburg,302,0,3,True,1,2,False,False,False,0.3877,0
listing_000665,user_01364,Toyota Corolla 2016 clean documents,"Used carefully, normal sale, local pickup is possible.",9707.28,vehicles,Moscow,455,0,2,True,0,5,False,False,False,1.142,0
listing_000666,user_01556,Toyota Corolla 2016 clean documents,Available for inspection before purchase.,9569.68,vehicles,Kazan,84,0,1,False,0,4,False,False,False,1.1258,0
listing_000667,user_01576,Toyota Corolla 2016 clean documents,"Used carefully, normal sale, local pickup is possible.",8504.32,vehicles,Sochi,602,1,2,True,0,4,False,False,False,1.0005,0
listing_000668,user_01256,Leather shoes size 42,"Used carefully, normal sale, local pickup is possible.",120.0,fashion,Moscow,1208,1,6,False,1,3,False,False,False,1.0,0
listing_000669,user_00095,New fridge half price urgent,"Delivery after deposit, no calls, messenger only.",177.97,home_appliances,Novosibirsk,4,2,12,False,1,0,False,True,True,0.2738,1
listing_000670,user_01387,iPhone 15 Pro very cheap urgent,"Prepayment only, contact me in Telegram.",458.19,electronics,Novosibirsk,18,6,20,False,2,0,True,True,True,0.5091,1
listing_000671,user_00808,Wooden desk in good condition,"Used carefully, normal sale, local pickup is possible.",605.44,furniture,Saint Petersburg,270,2,3,True,0,5,False,False,False,1.3454,0
listing_000672,user_00187,Washing machine works well,"Personal item, can meet in person and answer questions.",658.24,home_appliances,Novosibirsk,558,1,6,False,1,4,False,False,False,1.0127,0
listing_000673,user_00806,Sneakers limited urgent,"Prepayment only, contact me in Telegram.",81.5,fashion,Moscow,15,4,16,False,2,1,True,True,True,0.6792,1
listing_000674,user_01619,MacBook sealed prepayment only,"Prepayment only, contact me in Telegram.",353.83,electronics,Novosibirsk,19,7,15,False,2,0,True,True,True,0.3931,1
listing_000675,user_01351,Toyota Corolla 2016 clean documents,Available for inspection before purchase.,9756.84,vehicles,Moscow,473,0,4,True,1,3,False,False,False,1.1479,0
listing_000676,user_00077,Scooter cheap today only,"Urgent sale today, write outside the platform.",5010.13,vehicles,Moscow,4,3,17,False,2,1,False,True,True,0.5894,1
listing_000677,user_01171,Dining table with chairs,"Delivery after deposit, no calls, messenger only.",337.63,furniture,Sochi,1449,0,2,True,1,4,False,True,True,0.7503,0
listing_000678,user_01156,Used iPhone 13 in good condition,"Personal item, can meet in person and answer questions.",1069.11,electronics,Saint Petersburg,177,2,3,True,0,6,False,False,False,1.1879,0
listing_000679,user_01454,Studio for long term rent,"Personal item, can meet in person and answer questions.",65648.89,real_estate,Novosibirsk,806,1,6,True,1,3,False,False,False,0.8753,0
listing_000680,user_01240,Wooden desk in good condition,"Used carefully, normal sale, local pickup is possible.",496.48,furniture,Novosibirsk,420,0,2,True,0,5,False,False,False,1.1033,0
listing_000681,user_01478,One bedroom apartment near metro,Available for inspection before purchase.,76823.48,real_estate,Sochi,1238,2,5,True,0,6,False,False,False,1.0243,0
listing_000682,user_00280,New fridge half price urgent,"Prepayment only, contact me in Telegram.",193.62,home_appliances,Saint Petersburg,19,4,18,False,1,1,True,True,True,0.2979,1
listing_000683,user_00676,Car urgent sale no questions,"Prepayment only, contact me in Telegram.",4095.96,vehicles,Kazan,2,5,19,False,0,2,True,True,True,0.4819,1
listing_000684,user_01526,Used iPhone 13 in good condition,"Used carefully, normal sale, local pickup is possible.",1090.21,electronics,Kazan,457,0,1,True,0,3,False,False,False,1.2113,0
listing_000685,user_01692,Used iPhone 13 in good condition,"Personal item, can meet in person and answer questions.",1052.36,electronics,Saint Petersburg,873,2,4,True,0,4,False,False,False,1.1693,0
listing_000686,user_01086,One bedroom apartment near metro,"Personal item, can meet in person and answer questions.",59754.93,real_estate,Sochi,94,2,6,True,0,6,False,False,False,0.7967,0
listing_000687,user_00283,Studio for long term rent,Available for inspection before purchase.,103942.31,real_estate,Kazan,1201,3,8,True,1,6,False,False,False,1.3859,0
listing_000688,user_00496,Gaming laptop with warranty,"Used carefully, normal sale, local pickup is possible.",972.6,electronics,Saint Petersburg,823,0,2,False,0,2,False,False,False,1.0807,0
listing_000689,user_00018,Toyota Corolla 2016 clean documents,Available for inspection before purchase.,9882.99,vehicles,Kazan,1103,1,5,True,0,3,False,False,False,1.1627,0
listing_000690,user_01197,Dining table with chairs,"Used carefully, normal sale, local pickup is possible.",378.9,furniture,Kazan,919,2,4,True,0,5,False,False,False,0.842,0
listing_000691,user_00941,Rent urgent contact Telegram,"Prepayment only, contact me in Telegram.",37763.67,real_estate,Sochi,4,5,19,False,2,2,True,True,True,0.5035,1
listing_000692,user_00358,Wooden desk in good condition,"Personal item, can meet in person and answer questions.",446.52,furniture,Novosibirsk,1469,0,1,True,0,5,False,False,False,0.9923,0
listing_000693,user_01455,Toyota Corolla 2016 clean documents,"Used carefully, normal sale, local pickup is possible.",7243.05,vehicles,Novosibirsk,783,3,9,True,1,3,False,False,False,0.8521,0
listing_000694,user_00575,Used city bike,"Personal item, can meet in person and answer questions.",7030.42,vehicles,Moscow,796,1,2,True,1,6,False,False,False,0.8271,0
listing_000695,user_00236,New fridge half price urgent,"Prepayment only, contact me in Telegram.",476.38,home_appliances,Kazan,2,9,22,True,2,0,True,True,True,0.7329,1
listing_000696,user_00243,Used iPhone 13 in good condition,"Used carefully, normal sale, local pickup is possible.",925.03,electronics,Saint Petersburg,797,1,5,True,0,5,False,False,False,1.0278,0
listing_000697,user_00348,Scooter cheap today only,"Delivery after deposit, no calls, messenger only.",4691.67,vehicles,Kazan,18,2,9,False,2,1,False,True,True,0.552,1
listing_000698,user_01707,Rent urgent contact Telegram,"Urgent sale today, write outside the platform.",48931.75,real_estate,Sochi,0,6,13,False,0,1,True,True,True,0.6524,1
listing_000699,user_00283,Washer cheap Telegram,"Prepayment only, contact me in Telegram.",273.2,home_appliances,Saint Petersburg,11,5,22,False,0,1,True,True,True,0.4203,1
listing_000700,user_00076,Wooden desk in good condition,"Used carefully, normal sale, local pickup is possible.",521.36,furniture,Saint Petersburg,375,1,3,True,1,4,False,False,False,1.1586,0
listing_000701,user_00289,Used city bike,"Personal item, can meet in person and answer questions.",7825.19,vehicles,Saint Petersburg,419,0,2,True,0,6,False,False,False,0.9206,0
listing_000702,user_01087,Rent urgent contact Telegram,"Prepayment only, contact me in Telegram.",43724.08,real_estate,Moscow,11,1,16,False,1,2,True,True,True,0.583,1
listing_000703,user_00882,Washing machine works well,"Used carefully, normal sale, local pickup is possible.",614.22,home_appliances,Moscow,1278,0,5,True,1,4,False,False,False,0.945,0
listing_000704,user_01509,Sneakers limited urgent,"Urgent sale today, write outside the platform.",59.87,fashion,Kazan,20,4,16,False,1,0,False,True,True,0.4989,1
listing_000705,user_00465,Designer sofa very cheap urgent,"Prepayment only, contact me in Telegram.",327.34,furniture,Moscow,15,2,8,False,2,2,True,True,True,0.7274,1
listing_000706,user_00678,Leather shoes size 42,"Personal item, can meet in person and answer questions.",95.55,fashion,Moscow,685,2,4,False,1,3,False,False,False,0.7963,0
listing_000707,user_01475,One bedroom apartment near metro,"Used carefully, normal sale, local pickup is possible.",28838.36,real_estate,Sochi,1452,0,6,True,0,3,False,False,False,0.3845,0
listing_000708,user_00818,Studio for long term rent,"Personal item, can meet in person and answer questions.",96079.13,real_estate,Moscow,249,0,2,True,0,5,False,False,False,1.2811,0
listing_000709,user_01480,Studio for long term rent,"Used carefully, normal sale, local pickup is possible.",74184.26,real_estate,Moscow,309,1,5,False,0,4,False,False,False,0.9891,0
listing_000710,user_00969,One bedroom apartment near metro,"Personal item, can meet in person and answer questions.",69165.92,real_estate,Sochi,919,0,1,True,0,4,False,False,False,0.9222,0
listing_000711,user_01161,Gaming laptop with warranty,"Personal item, can meet in person and answer questions.",696.24,electronics,Novosibirsk,129,1,2,True,0,2,False,False,False,0.7736,0
listing_000712,user_00126,Washing machine works well,"Used carefully, normal sale, local pickup is possible.",350.69,home_appliances,Saint Petersburg,1464,0,6,True,0,6,False,False,False,0.5395,0
listing_000713,user_00409,Wooden desk in good condition,"Used carefully, normal sale, local pickup is possible.",338.83,furniture,Saint Petersburg,477,2,2,False,0,6,False,False,False,0.753,0
listing_000714,user_00624,Gaming laptop with warranty,Available for inspection before purchase.,744.75,electronics,Novosibirsk,1304,3,6,True,0,3,False,False,False,0.8275,0
listing_000715,user_01197,Winter jacket lightly used,"Used carefully, normal sale, local pickup is possible.",148.5,fashion,Kazan,603,0,3,True,1,4,False,False,False,1.2375,0
listing_000716,user_01676,MacBook sealed prepayment only,"Delivery after deposit, no calls, messenger only.",367.61,electronics,Novosibirsk,8,1,8,False,3,1,False,True,True,0.4085,1
listing_000717,user_01735,iPhone 15 Pro very cheap urgent,"Delivery after deposit, no calls, messenger only.",256.6,electronics,Kazan,10,5,14,False,1,1,False,True,True,0.2851,1
listing_000718,user_00276,One bedroom apartment near metro,"Personal item, can meet in person and answer questions.",90547.82,real_estate,Saint Petersburg,555,1,6,True,1,5,False,False,False,1.2073,0
listing_000719,user_01317,iPhone 15 Pro very cheap urgent,"Urgent sale today, write outside the platform.",238.75,electronics,Kazan,16,4,16,False,3,2,False,True,True,0.2653,1
listing_000720,user_01700,Winter jacket lightly used,"Personal item, can meet in person and answer questions.",147.7,fashion,Novosibirsk,444,0,4,True,0,4,False,False,False,1.2308,0
listing_000721,user_01488,Studio for long term rent,"Used carefully, normal sale, local pickup is possible.",79947.35,real_estate,Kazan,1341,2,5,False,0,4,False,False,False,1.066,0
listing_000722,user_01318,Wooden desk in good condition,"Personal item, can meet in person and answer questions.",379.21,furniture,Moscow,551,1,7,True,0,5,False,False,False,0.8427,0
listing_000723,user_01128,Toyota Corolla 2016 clean documents,"Personal item, can meet in person and answer questions.",5519.4,vehicles,Novosibirsk,1383,0,3,True,0,3,False,False,False,0.6493,0
listing_000724,user_00051,Gaming laptop with warranty,"Personal item, can meet in person and answer questions.",1245.47,electronics,Sochi,361,0,4,True,0,5,False,False,False,1.3839,0
listing_000725,user_01444,Used city bike,"Personal item, can meet in person and answer questions.",6593.79,vehicles,Saint Petersburg,859,0,9,True,0,2,False,False,False,0.7757,0
listing_000726,user_01721,Wooden desk in good condition,"Personal item, can meet in person and answer questions.",506.65,furniture,Kazan,1343,2,4,True,1,4,False,False,False,1.1259,0
listing_000727,user_00812,Scooter cheap today only,"Delivery after deposit, no calls, messenger only.",2737.86,vehicles,Kazan,15,1,15,False,1,2,False,True,True,0.3221,1
listing_000728,user_01526,Washing machine works well,Available for inspection before purchase.,568.4,home_appliances,Moscow,62,0,1,True,0,6,False,False,False,0.8745,0
listing_000729,user_00043,Toyota Corolla 2016 clean documents,Available for inspection before purchase.,6938.36,vehicles,Novosibirsk,1116,2,3,True,0,4,False,False,False,0.8163,0
listing_000730,user_00371,Microwave oven,Available for inspection before purchase.,809.06,home_appliances,Kazan,44,1,2,True,0,3,False,False,False,1.2447,0
listing_000731,user_01065,Apartment below market prepayment,"Urgent sale today, write outside the platform.",23089.33,real_estate,Kazan,14,9,16,False,0,0,False,True,True,0.3079,1
listing_000732,user_01422,Scooter cheap today only,"Delivery after deposit, no calls, messenger only.",3313.08,vehicles,Saint Petersburg,12,5,15,False,0,1,False,True,True,0.3898,1
listing_000733,user_00189,Used iPhone 13 in good condition,"Personal item, can meet in person and answer questions.",1059.48,electronics,Sochi,347,3,7,True,0,5,False,False,False,1.1772,0
listing_000734,user_00900,iPhone 15 Pro very cheap urgent,"Urgent sale today, write outside the platform.",549.01,electronics,Sochi,4,3,15,False,0,2,False,True,True,0.61,1
listing_000735,user_01093,Car urgent sale no questions,"Urgent sale today, write outside the platform.",6026.81,vehicles,Novosibirsk,17,5,12,False,2,0,False,True,True,0.709,1
listing_000736,user_00230,Washer cheap Telegram,"Prepayment only, contact me in Telegram.",195.6,home_appliances,Moscow,7,7,16,True,2,1,True,True,True,0.3009,1
listing_000737,user_01504,Used city bike,Available for inspection before purchase.,8879.62,vehicles,Sochi,1167,2,4,True,0,6,False,False,False,1.0447,0
listing_000738,user_01155,Designer sofa very cheap urgent,"Prepayment only, contact me in Telegram.",292.08,furniture,Novosibirsk,2,4,17,False,1,1,True,True,True,0.6491,1
listing_000739,user_00466,Leather shoes size 42,Available for inspection before purchase.,168.69,fashion,Moscow,1476,0,1,False,0,2,False,False,False,1.4058,0
listing_000740,user_00505,Sneakers limited urgent,"Urgent sale today, write outside the platform.",82.05,fashion,Moscow,0,6,23,True,4,0,False,True,True,0.6837,1
listing_000741,user_01432,Leather shoes size 42,"Used carefully, normal sale, local pickup is possible.",96.51,fashion,Kazan,665,2,2,True,0,4,False,False,False,0.8043,0
listing_000742,user_01656,Wooden desk in good condition,Available for inspection before purchase.,443.03,furniture,Novosibirsk,302,1,3,False,0,6,False,False,False,0.9845,0
listing_000743,user_00457,Scooter cheap today only,"Delivery after deposit, no calls, messenger only.",4265.43,vehicles,Moscow,8,1,14,False,1,2,False,True,True,0.5018,1
listing_000744,user_01122,New fridge half price urgent,"Delivery after deposit, no calls, messenger only.",430.96,home_appliances,Saint Petersburg,19,2,10,False,1,0,False,True,True,0.663,0
listing_000745,user_01036,Rent urgent contact Telegram,"Delivery after deposit, no calls, messenger only.",40853.28,real_estate,Saint Petersburg,1,5,18,False,2,1,True,True,True,0.5447,1
listing_000746,user_00584,Toyota Corolla 2016 clean documents,Available for inspection before purchase.,6333.26,vehicles,Moscow,317,2,3,True,0,2,False,False,False,0.7451,0
listing_000747,user_00550,Apartment below market prepayment,"Prepayment only, contact me in Telegram.",52932.62,real_estate,Moscow,6,3,13,False,0,0,True,True,True,0.7058,1
listing_000748,user_00455,One bedroom apartment near metro,Available for inspection before purchase.,81536.84,real_estate,Moscow,1427,0,3,True,1,3,False,False,False,1.0872,0
listing_000749,user_00782,Used city bike,"Used carefully, normal sale, local pickup is possible.",8538.29,vehicles,Novosibirsk,175,2,2,False,1,5,False,False,False,1.0045,0
listing_000750,user_01603,Studio for long term rent,"Used carefully, normal sale, local pickup is possible.",85412.66,real_estate,Saint Petersburg,69,1,7,True,0,6,False,False,False,1.1388,0
listing_000751,user_00568,Rent urgent contact Telegram,"Delivery after deposit, no calls, messenger only.",33906.72,real_estate,Kazan,1,6,17,False,2,1,True,True,True,0.4521,1
listing_000752,user_01382,Dining table with chairs,"Personal item, can meet in person and answer questions.",528.94,furniture,Saint Petersburg,617,1,5,True,1,4,False,False,False,1.1754,0
listing_000753,user_01672,One bedroom apartment near metro,"Personal item, can meet in person and answer questions.",59750.46,real_estate,Novosibirsk,283,0,2,True,0,2,False,False,False,0.7967,0
listing_000754,user_00634,Luxury jacket original cheap,"Delivery after deposit, no calls, messenger only.",144.9,fashion,Saint Petersburg,1014,3,8,True,0,3,False,True,True,1.2075,0
listing_000755,user_01496,Winter jacket lightly used,"Personal item, can meet in person and answer questions.",137.84,fashion,Saint Petersburg,1189,1,3,True,0,5,False,False,False,1.1487,0
listing_000756,user_01101,Apartment below market prepayment,"Urgent sale today, write outside the platform.",18417.39,real_estate,Kazan,10,5,21,False,1,0,False,True,True,0.2456,1
listing_000757,user_00352,One bedroom apartment near metro,Available for inspection before purchase.,88484.56,real_estate,Kazan,987,1,2,False,1,2,False,False,False,1.1798,0
listing_000758,user_01006,Wooden desk in good condition,"Used carefully, normal sale, local pickup is possible.",443.64,furniture,Sochi,543,0,5,True,0,4,False,False,False,0.9859,0
listing_000759,user_01106,Washing machine works well,"Urgent sale today, write outside the platform.",940.99,home_appliances,Moscow,1333,1,3,False,0,3,False,True,True,1.4477,0
listing_000760,user_01642,Leather shoes size 42,Available for inspection before purchase.,128.2,fashion,Kazan,775,2,6,True,0,4,False,False,False,1.0683,0
listing_000761,user_01495,Microwave oven,"Used carefully, normal sale, local pickup is possible.",902.86,home_appliances,Novosibirsk,1160,1,2,False,0,2,False,False,False,1.389,0
listing_000762,user_00306,New fridge half price urgent,"Delivery after deposit, no calls, messenger only.",297.65,home_appliances,Saint Petersburg,13,6,17,False,2,1,False,True,True,0.4579,1
listing_000763,user_01004,Used city bike,"Personal item, can meet in person and answer questions.",6148.74,vehicles,Sochi,256,3,5,True,0,2,False,False,False,0.7234,0
listing_000764,user_01606,Luxury jacket original cheap,"Urgent sale today, write outside the platform.",42.95,fashion,Kazan,7,4,17,False,4,1,False,True,True,0.3579,1
listing_000765,user_00922,Studio for long term rent,Available for inspection before purchase.,87865.45,real_estate,Saint Petersburg,849,2,5,True,0,4,False,False,False,1.1715,0
listing_000766,user_00932,Sneakers limited urgent,Available for inspection before purchase.,148.9,fashion,Novosibirsk,1093,1,4,True,0,6,False,True,False,1.2408,0
listing_000767,user_01537,New fridge half price urgent,"Urgent sale today, write outside the platform.",270.31,home_appliances,Moscow,19,10,23,False,1,0,False,True,True,0.4159,1
listing_000768,user_00167,Sneakers limited urgent,"Delivery after deposit, no calls, messenger only.",61.14,fashion,Kazan,6,3,17,False,1,2,False,True,True,0.5095,1
listing_000769,user_00042,Toyota Corolla 2016 clean documents,"Used carefully, normal sale, local pickup is possible.",10377.94,vehicles,Saint Petersburg,784,1,4,True,0,2,False,False,False,1.2209,0
listing_000770,user_00452,Used city bike,"Personal item, can meet in person and answer questions.",11605.36,vehicles,Kazan,505,1,8,True,0,4,False,False,False,1.3653,0
listing_000771,user_01533,Gaming laptop with warranty,Available for inspection before purchase.,1098.07,electronics,Novosibirsk,1289,0,6,True,1,5,False,False,False,1.2201,0
listing_000772,user_00882,Dining table with chairs,"Personal item, can meet in person and answer questions.",372.13,furniture,Sochi,1352,0,5,True,0,4,False,False,False,0.827,0
listing_000773,user_00106,Gaming laptop with warranty,"Personal item, can meet in person and answer questions.",1198.47,electronics,Kazan,630,0,2,True,0,6,False,False,False,1.3316,0
listing_000774,user_01764,Scooter cheap today only,"Prepayment only, contact me in Telegram.",2934.56,vehicles,Novosibirsk,4,10,19,False,0,1,True,True,True,0.3452,1
listing_000775,user_00844,Gaming laptop with warranty,Available for inspection before purchase.,827.32,electronics,Saint Petersburg,658,2,3,True,1,5,False,False,False,0.9192,0
listing_000776,user_00102,One bedroom apartment near metro,"Used carefully, normal sale, local pickup is possible.",39506.46,real_estate,Kazan,1419,1,2,False,1,3,False,False,False,0.5268,0
listing_000777,user_01117,Car urgent sale no questions,"Delivery after deposit, no calls, messenger only.",4914.32,vehicles,Sochi,14,2,13,False,2,1,False,True,True,0.5782,1
listing_000778,user_01256,Winter jacket lightly used,"Personal item, can meet in person and answer questions.",134.43,fashion,Sochi,851,2,5,True,1,2,False,False,False,1.1202,0
listing_000779,user_01723,One bedroom apartment near metro,"Used carefully, normal sale, local pickup is possible.",87112.9,real_estate,Saint Petersburg,644,1,4,True,1,5,False,False,False,1.1615,0
listing_000780,user_00587,New table prepay reserve,"Delivery after deposit, no calls, messenger only.",250.2,furniture,Kazan,4,2,8,False,2,2,False,True,True,0.556,1
listing_000781,user_00779,Scooter cheap today only,"Urgent sale today, write outside the platform.",2759.7,vehicles,Novosibirsk,20,3,8,False,2,0,False,True,True,0.3247,1
listing_000782,user_01735,Used city bike,"Used carefully, normal sale, local pickup is possible.",6717.73,vehicles,Sochi,113,0,2,False,1,5,False,False,False,0.7903,0
listing_000783,user_01108,Toyota Corolla 2016 clean documents,"Personal item, can meet in person and answer questions.",7725.5,vehicles,Sochi,669,5,7,True,0,4,False,False,False,0.9089,0
listing_000784,user_01487,Sneakers limited urgent,"Prepayment only, contact me in Telegram.",64.21,fashion,Novosibirsk,20,4,18,False,2,0,True,True,True,0.5351,1
listing_000785,user_00334,Microwave oven,"Used carefully, normal sale, local pickup is possible.",496.01,home_appliances,Saint Petersburg,1115,1,5,True,1,5,False,False,False,0.7631,0
listing_000786,user_01780,Microwave oven,"Used carefully, normal sale, local pickup is possible.",704.98,home_appliances,Novosibirsk,862,1,2,True,1,3,False,False,False,1.0846,0
listing_000787,user_00053,Leather shoes size 42,Available for inspection before purchase.,119.62,fashion,Sochi,246,1,3,True,0,5,False,False,False,0.9968,0
listing_000788,user_01159,Microwave oven,"Used carefully, normal sale, local pickup is possible.",682.62,home_appliances,Kazan,148,1,3,True,1,5,False,False,False,1.0502,0
listing_000789,user_01275,Toyota Corolla 2016 clean documents,Available for inspection before purchase.,4573.26,vehicles,Novosibirsk,472,0,0,True,0,2,False,False,False,0.538,0
listing_000790,user_00851,Sneakers limited urgent,"Urgent sale today, write outside the platform.",38.2,fashion,Saint Petersburg,17,5,20,False,2,0,False,True,True,0.3183,1
listing_000791,user_00566,Washing machine works well,Available for inspection before purchase.,783.24,home_appliances,Sochi,1258,1,9,True,0,5,False,False,False,1.205,0
listing_000792,user_01643,Dining table with chairs,Available for inspection before purchase.,443.82,furniture,Novosibirsk,1007,0,1,True,1,5,False,False,False,0.9863,0
listing_000793,user_00097,Winter jacket lightly used,Available for inspection before purchase.,114.26,fashion,Novosibirsk,405,2,4,True,1,4,False,False,False,0.9522,0
listing_000794,user_00582,Leather shoes size 42,"Used carefully, normal sale, local pickup is possible.",153.44,fashion,Moscow,676,0,7,True,0,6,False,False,False,1.2787,0
listing_000795,user_01633,Rent urgent contact Telegram,"Prepayment only, contact me in Telegram.",42948.29,real_estate,Novosibirsk,13,6,20,False,5,0,True,True,True,0.5726,1
listing_000796,user_00647,Washing machine works well,"Prepayment only, contact me in Telegram.",565.86,home_appliances,Saint Petersburg,852,2,5,True,0,3,True,True,True,0.8706,0
listing_000797,user_00293,Used city bike,Available for inspection before purchase.,10222.57,vehicles,Novosibirsk,118,2,6,True,1,6,False,False,False,1.2027,0
listing_000798,user_00201,Studio for long term rent,"Personal item, can meet in person and answer questions.",57551.42,real_estate,Sochi,185,2,8,True,0,6,False,False,False,0.7674,0
listing_000799,user_00828,Wooden desk in good condition,"Personal item, can meet in person and answer questions.",424.76,furniture,Novosibirsk,1007,1,2,False,1,6,False,False,False,0.9439,0
listing_000800,user_01649,Used city bike,"Used carefully, normal sale, local pickup is possible.",11307.01,vehicles,Moscow,723,0,7,True,0,2,False,False,False,1.3302,0
listing_000801,user_01313,Scooter cheap today only,"Prepayment only, contact me in Telegram.",4995.94,vehicles,Novosibirsk,13,5,13,False,1,2,True,True,True,0.5878,1
listing_000802,user_01374,Gaming laptop with warranty,"Used carefully, normal sale, local pickup is possible.",1117.7,electronics,Novosibirsk,810,0,3,True,0,2,False,False,False,1.2419,0
listing_000803,user_01093,Used city bike,Available for inspection before purchase.,11867.3,vehicles,Sochi,231,1,6,True,0,4,False,False,False,1.3962,0
listing_000804,user_01729,Toyota Corolla 2016 clean documents,"Used carefully, normal sale, local pickup is possible.",8487.34,vehicles,Moscow,433,3,4,True,1,3,False,False,False,0.9985,0
listing_000805,user_00915,Studio for long term rent,"Personal item, can meet in person and answer questions.",102478.17,real_estate,Novosibirsk,311,0,4,True,0,3,False,False,False,1.3664,0
listing_000806,user_01521,Used iPhone 13 in good condition,Available for inspection before purchase.,732.57,electronics,Moscow,640,2,9,False,1,5,False,False,False,0.814,0
listing_000807,user_00680,Wooden desk in good condition,Available for inspection before purchase.,244.65,furniture,Saint Petersburg,38,0,3,True,0,4,False,False,False,0.5437,0
listing_000808,user_00118,New fridge half price urgent,"Personal item, can meet in person and answer questions.",699.8,home_appliances,Saint Petersburg,735,1,6,False,0,3,False,True,False,1.0766,0
listing_000809,user_00559,Scooter cheap today only,"Urgent sale today, write outside the platform.",4305.75,vehicles,Novosibirsk,1,3,16,False,1,0,False,True,True,0.5066,1
listing_000810,user_00881,Sneakers limited urgent,"Urgent sale today, write outside the platform.",69.19,fashion,Moscow,6,3,15,False,3,0,False,True,True,0.5766,1
listing_000811,user_00073,Used iPhone 13 in good condition,Available for inspection before purchase.,686.84,electronics,Moscow,629,3,7,False,0,3,False,False,False,0.7632,0
listing_000812,user_00401,Washing machine works well,Available for inspection before purchase.,496.89,home_appliances,Saint Petersburg,1141,1,4,True,0,3,False,False,False,0.7644,0
listing_000813,user_00538,Washing machine works well,"Used carefully, normal sale, local pickup is possible.",691.05,home_appliances,Kazan,283,0,2,False,0,4,False,False,False,1.0632,0
listing_000814,user_01462,Wooden desk in good condition,"Used carefully, normal sale, local pickup is possible.",465.69,furniture,Moscow,1296,1,5,True,0,3,False,False,False,1.0349,0
listing_000815,user_00966,Used iPhone 13 in good condition,"Used carefully, normal sale, local pickup is possible.",1259.92,electronics,Saint Petersburg,145,0,3,True,0,6,False,False,False,1.3999,0
listing_000816,user_00047,Studio for long term rent,"Personal item, can meet in person and answer questions.",88303.06,real_estate,Sochi,759,1,3,True,0,3,False,False,False,1.1774,0
listing_000817,user_01044,Leather shoes size 42,"Personal item, can meet in person and answer questions.",149.27,fashion,Sochi,182,2,3,True,0,3,False,False,False,1.2439,0
listing_000818,user_00784,Microwave oven,Available for inspection before purchase.,734.6,home_appliances,Moscow,916,1,5,True,1,4,False,False,False,1.1302,0
listing_000819,user_01162,Luxury jacket original cheap,Available for inspection before purchase.,95.5,fashion,Saint Petersburg,183,3,6,False,1,6,False,False,False,0.7958,0
listing_000820,user_01327,One bedroom apartment near metro,Available for inspection before purchase.,106104.04,real_estate,Sochi,1206,1,4,True,0,5,False,False,False,1.4147,0
listing_000821,user_01517,New fridge half price urgent,"Delivery after deposit, no calls, messenger only.",768.22,home_appliances,Moscow,1209,1,4,True,0,5,False,True,True,1.1819,0
listing_000822,user_00286,Dining table with chairs,"Personal item, can meet in person and answer questions.",515.3,furniture,Moscow,868,2,3,True,1,3,False,False,False,1.1451,0
listing_000823,user_01593,Dining table with chairs,"Personal item, can meet in person and answer questions.",515.75,furniture,Kazan,501,0,6,True,0,3,False,False,False,1.1461,0
listing_000824,user_01020,Rent urgent contact Telegram,"Urgent sale today, write outside the platform.",34062.08,real_estate,Sochi,17,4,15,False,1,1,True,True,True,0.4542,1
listing_000825,user_00881,Apartment below market prepayment,"Urgent sale today, write outside the platform.",31736.82,real_estate,Novosibirsk,10,4,19,False,1,2,False,True,True,0.4232,1
listing_000826,user_00100,Washing machine works well,Available for inspection before purchase.,556.3,home_appliances,Kazan,81,1,5,True,1,2,False,False,False,0.8558,0
listing_000827,user_01667,Wooden desk in good condition,"Used carefully, normal sale, local pickup is possible.",365.27,furniture,Kazan,189,1,3,False,1,3,False,False,False,0.8117,0
listing_000828,user_00809,Dining table with chairs,"Personal item, can meet in person and answer questions.",397.92,furniture,Saint Petersburg,1467,0,2,True,0,3,False,False,False,0.8843,0
listing_000829,user_00002,iPhone 15 Pro very cheap urgent,"Urgent sale today, write outside the platform.",574.94,electronics,Kazan,12,7,16,False,1,2,False,True,True,0.6388,1
listing_000830,user_00071,Washing machine works well,Available for inspection before purchase.,710.41,home_appliances,Kazan,513,0,3,False,0,3,False,False,False,1.0929,0
listing_000831,user_00433,Used iPhone 13 in good condition,Available for inspection before purchase.,1085.69,electronics,Saint Petersburg,1265,0,6,True,1,6,False,False,False,1.2063,0
listing_000832,user_01221,Car urgent sale no questions,"Prepayment only, contact me in Telegram.",2917.85,vehicles,Moscow,5,4,14,True,0,1,True,True,True,0.3433,1
listing_000833,user_00730,Used iPhone 13 in good condition,"Used carefully, normal sale, local pickup is possible.",1096.72,electronics,Novosibirsk,775,1,4,False,1,2,False,False,False,1.2186,0
listing_000834,user_01415,iPhone 15 Pro very cheap urgent,"Urgent sale today, write outside the platform.",305.68,electronics,Sochi,10,3,12,False,2,0,False,True,True,0.3396,1
listing_000835,user_00008,New table prepay reserve,"Urgent sale today, write outside the platform.",243.01,furniture,Kazan,15,4,14,True,1,1,False,True,True,0.54,0
listing_000836,user_01609,Used iPhone 13 in good condition,Available for inspection before purchase.,909.45,electronics,Sochi,114,2,6,True,0,2,False,False,False,1.0105,0
listing_000837,user_00589,Wooden desk in good condition,"Used carefully, normal sale, local pickup is possible.",547.81,furniture,Saint Petersburg,1164,2,8,False,0,4,False,False,False,1.2174,0
listing_000838,user_00223,Toyota Corolla 2016 clean documents,"Personal item, can meet in person and answer questions.",9596.51,vehicles,Saint Petersburg,1276,0,3,True,0,3,False,False,False,1.129,0
listing_000839,user_01610,Studio for long term rent,Available for inspection before purchase.,76725.05,real_estate,Saint Petersburg,160,0,3,True,1,4,False,False,False,1.023,0
listing_000840,user_00745,Gaming laptop with warranty,"Urgent sale today, write outside the platform.",830.69,electronics,Sochi,127,1,4,True,1,6,False,True,True,0.923,0
listing_000841,user_00713,Winter jacket lightly used,"Personal item, can meet in person and answer questions.",139.95,fashion,Moscow,82,4,8,True,1,6,False,False,False,1.1663,0
listing_000842,user_00253,Washer cheap Telegram,"Prepayment only, contact me in Telegram.",654.69,home_appliances,Saint Petersburg,420,2,6,True,0,5,True,True,True,1.0072,0
listing_000843,user_00213,iPhone 15 Pro very cheap urgent,"Prepayment only, contact me in Telegram.",605.14,electronics,Saint Petersburg,3,7,17,False,1,0,True,True,True,0.6724,1
listing_000844,user_01793,Leather shoes size 42,"Personal item, can meet in person and answer questions.",123.61,fashion,Moscow,1327,0,4,True,0,3,False,False,False,1.0301,0
listing_000845,user_01351,Used city bike,"Used carefully, normal sale, local pickup is possible.",7096.89,vehicles,Moscow,1473,2,3,True,0,2,False,False,False,0.8349,0
listing_000846,user_01679,Toyota Corolla 2016 clean documents,Available for inspection before purchase.,9439.61,vehicles,Novosibirsk,488,2,7,True,0,5,False,False,False,1.1105,0
listing_000847,user_01449,New fridge half price urgent,"Urgent sale today, write outside the platform.",467.53,home_appliances,Sochi,8,9,18,False,0,1,False,True,True,0.7193,1
listing_000848,user_01442,New table prepay reserve,"Prepayment only, contact me in Telegram.",102.47,furniture,Novosibirsk,7,7,20,True,0,1,True,True,True,0.2277,1
listing_000849,user_01200,Winter jacket lightly used,"Used carefully, normal sale, local pickup is possible.",129.01,fashion,Novosibirsk,981,1,2,True,0,5,False,False,False,1.0751,0
listing_000850,user_01350,Wooden desk in good condition,"Personal item, can meet in person and answer questions.",486.71,furniture,Kazan,1406,1,3,True,0,5,False,False,False,1.0816,0
listing_000851,user_01587,Used city bike,"Used carefully, normal sale, local pickup is possible.",6770.04,vehicles,Sochi,465,1,5,True,0,4,False,False,False,0.7965,0
listing_000852,user_01412,Used iPhone 13 in good condition,"Personal item, can meet in person and answer questions.",984.48,electronics,Kazan,227,1,1,False,0,2,False,False,False,1.0939,0
listing_000853,user_00438,Dining table with chairs,"Personal item, can meet in person and answer questions.",614.36,furniture,Sochi,1406,1,8,False,0,3,False,False,False,1.3652,0
listing_000854,user_01595,Scooter cheap today only,"Delivery after deposit, no calls, messenger only.",2698.92,vehicles,Kazan,2,4,15,False,0,0,False,True,True,0.3175,1
listing_000855,user_01192,Used iPhone 13 in good condition,"Used carefully, normal sale, local pickup is possible.",614.12,electronics,Novosibirsk,674,3,7,False,1,5,False,False,False,0.6824,0
listing_000856,user_00936,One bedroom apartment near metro,Available for inspection before purchase.,55426.65,real_estate,Novosibirsk,1077,0,2,True,0,6,False,False,False,0.739,0
listing_000857,user_01156,Dining table with chairs,"Used carefully, normal sale, local pickup is possible.",439.01,furniture,Moscow,1390,1,5,False,0,2,False,False,False,0.9756,0
listing_000858,user_00465,Used city bike,"Personal item, can meet in person and answer questions.",8446.7,vehicles,Saint Petersburg,812,1,2,True,0,4,False,False,False,0.9937,0
listing_000859,user_01215,Used city bike,"Delivery after deposit, no calls, messenger only.",10603.87,vehicles,Saint Petersburg,1490,1,2,False,1,4,False,True,True,1.2475,0
listing_000860,user_00864,Used city bike,Available for inspection before purchase.,8638.54,vehicles,Moscow,196,1,4,True,0,3,False,False,False,1.0163,0
listing_000861,user_00772,Gaming laptop with warranty,"Personal item, can meet in person and answer questions.",1031.41,electronics,Moscow,1228,0,1,False,0,5,False,False,False,1.146,0
listing_000862,user_00683,iPhone 15 Pro very cheap urgent,"Urgent sale today, write outside the platform.",453.04,electronics,Moscow,7,6,17,False,1,0,False,True,True,0.5034,1
listing_000863,user_00471,Leather shoes size 42,Available for inspection before purchase.,151.42,fashion,Sochi,192,0,2,True,0,2,False,False,False,1.2618,0
listing_000864,user_00012,Used iPhone 13 in good condition,Available for inspection before purchase.,1290.97,electronics,Kazan,1395,0,4,False,0,4,False,False,False,1.4344,0
listing_000865,user_00637,One bedroom apartment near metro,Available for inspection before purchase.,68344.2,real_estate,Saint Petersburg,1325,2,3,True,0,6,False,False,False,0.9113,0
listing_000866,user_00278,Microwave oven,"Personal item, can meet in person and answer questions.",884.6,home_appliances,Sochi,1486,1,5,False,0,2,False,False,False,1.3609,0
listing_000867,user_00676,Sneakers limited urgent,"Prepayment only, contact me in Telegram.",31.77,fashion,Moscow,17,2,9,False,2,2,True,True,True,0.2647,1
listing_000868,user_01117,Wooden desk in good condition,"Used carefully, normal sale, local pickup is possible.",494.72,furniture,Novosibirsk,376,1,3,True,0,5,False,False,False,1.0994,0
listing_000869,user_00275,Studio for long term rent,"Personal item, can meet in person and answer questions.",92114.74,real_estate,Moscow,838,0,2,False,0,2,False,False,False,1.2282,0
listing_000870,user_00513,Luxury jacket original cheap,"Delivery after deposit, no calls, messenger only.",29.39,fashion,Saint Petersburg,14,4,17,False,3,0,False,True,True,0.2449,1
listing_000871,user_00375,Sneakers limited urgent,"Delivery after deposit, no calls, messenger only.",22.57,fashion,Kazan,11,4,15,False,2,2,False,True,True,0.1881,1
listing_000872,user_01348,Microwave oven,"Personal item, can meet in person and answer questions.",593.5,home_appliances,Novosibirsk,1409,1,4,True,0,5,False,False,False,0.9131,0
listing_000873,user_00442,New fridge half price urgent,"Delivery after deposit, no calls, messenger only.",409.88,home_appliances,Moscow,18,7,19,True,3,2,False,True,True,0.6306,1
listing_000874,user_01473,Washing machine works well,Available for inspection before purchase.,541.85,home_appliances,Novosibirsk,949,2,5,True,0,4,False,False,False,0.8336,0
listing_000875,user_00877,Dining table with chairs,"Used carefully, normal sale, local pickup is possible.",422.08,furniture,Sochi,713,3,11,True,0,4,False,False,False,0.938,0
listing_000876,user_01684,Gaming laptop with warranty,"Personal item, can meet in person and answer questions.",738.06,electronics,Kazan,89,1,3,True,0,2,False,False,False,0.8201,0
listing_000877,user_01249,Designer sofa very cheap urgent,"Delivery after deposit, no calls, messenger only.",336.25,furniture,Saint Petersburg,6,5,25,False,0,1,False,True,True,0.7472,1
listing_000878,user_00231,Apartment below market prepayment,"Prepayment only, contact me in Telegram.",57529.36,real_estate,Saint Petersburg,2,6,17,False,2,1,True,True,True,0.7671,1
listing_000879,user_01363,Toyota Corolla 2016 clean documents,"Personal item, can meet in person and answer questions.",7113.88,vehicles,Novosibirsk,604,0,3,True,0,6,False,False,False,0.8369,0
listing_000880,user_00457,New fridge half price urgent,"Urgent sale today, write outside the platform.",402.57,home_appliances,Sochi,15,2,9,True,1,1,False,True,True,0.6193,0
listing_000881,user_01635,Used iPhone 13 in good condition,"Delivery after deposit, no calls, messenger only.",1257.44,electronics,Saint Petersburg,1346,0,1,False,0,4,False,True,True,1.3972,0
listing_000882,user_01718,Leather shoes size 42,Available for inspection before purchase.,123.41,fashion,Moscow,1039,0,4,True,0,2,False,False,False,1.0284,0
listing_000883,user_00679,Microwave oven,"Personal item, can meet in person and answer questions.",755.84,home_appliances,Moscow,1177,1,2,True,0,3,False,False,False,1.1628,0
listing_000884,user_00926,Car urgent sale no questions,"Urgent sale today, write outside the platform.",4356.82,vehicles,Novosibirsk,13,3,17,False,2,2,False,True,True,0.5126,1
listing_000885,user_01645,Rent urgent contact Telegram,"Urgent sale today, write outside the platform.",26071.53,real_estate,Sochi,7,5,21,True,4,2,True,True,True,0.3476,1
listing_000886,user_01025,Toyota Corolla 2016 clean documents,Available for inspection before purchase.,9800.27,vehicles,Novosibirsk,1060,0,1,True,0,2,False,False,False,1.153,0
listing_000887,user_01771,New fridge half price urgent,Available for inspection before purchase.,528.87,home_appliances,Sochi,440,0,5,True,0,2,False,True,False,0.8136,0
listing_000888,user_00486,Winter jacket lightly used,"Used carefully, normal sale, local pickup is possible.",104.5,fashion,Kazan,1098,1,1,True,0,4,False,False,False,0.8708,0
listing_000889,user_00403,Sneakers limited urgent,"Delivery after deposit, no calls, messenger only.",94.19,fashion,Sochi,20,7,21,False,1,1,False,True,True,0.7849,1
listing_000890,user_00540,Wooden desk in good condition,Available for inspection before purchase.,470.25,furniture,Saint Petersburg,325,0,3,True,0,3,False,False,False,1.045,0
listing_000891,user_01607,New fridge half price urgent,"Prepayment only, contact me in Telegram.",213.79,home_appliances,Moscow,10,3,16,False,3,2,True,True,True,0.3289,1
listing_000892,user_00500,Used city bike,"Personal item, can meet in person and answer questions.",8649.59,vehicles,Kazan,830,0,3,True,0,5,False,False,False,1.0176,0
listing_000893,user_00155,One bedroom apartment near metro,"Personal item, can meet in person and answer questions.",93003.11,real_estate,Novosibirsk,816,0,1,False,0,3,False,False,False,1.24,0
listing_000894,user_01470,Gaming laptop with warranty,Available for inspection before purchase.,799.03,electronics,Novosibirsk,1412,3,6,True,1,5,False,False,False,0.8878,0
listing_000895,user_01095,Gaming laptop with warranty,Available for inspection before purchase.,1034.39,electronics,Saint Petersburg,230,0,7,True,0,4,False,False,False,1.1493,0
listing_000896,user_00743,Rent urgent contact Telegram,"Prepayment only, contact me in Telegram.",45959.02,real_estate,Moscow,2,7,19,False,1,0,True,True,True,0.6128,1
listing_000897,user_00237,Toyota Corolla 2016 clean documents,Available for inspection before purchase.,10312.74,vehicles,Saint Petersburg,1156,0,1,True,0,5,False,False,False,1.2133,0
listing_000898,user_00159,Used iPhone 13 in good condition,Available for inspection before purchase.,1152.52,electronics,Novosibirsk,491,2,5,False,1,4,False,False,False,1.2806,0
listing_000899,user_00456,Sneakers limited urgent,"Urgent sale today, write outside the platform.",92.3,fashion,Saint Petersburg,11,7,19,True,1,1,False,True,True,0.7692,1
listing_000900,user_00218,Wooden desk in good condition,"Used carefully, normal sale, local pickup is possible.",542.81,furniture,Kazan,1444,0,2,True,0,6,False,False,False,1.2062,0
listing_000901,user_01032,Used iPhone 13 in good condition,Available for inspection before purchase.,672.02,electronics,Novosibirsk,709,1,3,True,0,5,False,False,False,0.7467,0
listing_000902,user_00413,Used iPhone 13 in good condition,"Used carefully, normal sale, local pickup is possible.",984.4,electronics,Moscow,978,1,7,True,1,6,False,False,False,1.0938,0
listing_000903,user_01148,Rent urgent contact Telegram,"Urgent sale today, write outside the platform.",33499.88,real_estate,Moscow,2,1,16,True,3,1,True,True,True,0.4467,1
listing_000904,user_00300,MacBook sealed prepayment only,"Personal item, can meet in person and answer questions.",736.7,electronics,Sochi,461,0,1,True,0,3,False,True,False,0.8186,0
listing_000905,user_01564,Winter jacket lightly used,Available for inspection before purchase.,141.51,fashion,Sochi,772,1,3,True,1,2,False,False,False,1.1792,0
listing_000906,user_01327,Wooden desk in good condition,"Personal item, can meet in person and answer questions.",439.09,furniture,Moscow,189,0,0,False,0,3,False,False,False,0.9758,0
listing_000907,user_00028,Washing machine works well,"Delivery after deposit, no calls, messenger only.",260.06,home_appliances,Saint Petersburg,945,1,3,True,0,3,False,True,True,0.4001,0
listing_000908,user_01269,Gaming laptop with warranty,"Used carefully, normal sale, local pickup is possible.",839.33,electronics,Kazan,901,0,3,True,1,2,False,False,False,0.9326,0
listing_000909,user_00441,Winter jacket lightly used,"Personal item, can meet in person and answer questions.",166.99,fashion,Novosibirsk,1061,0,3,True,0,2,False,False,False,1.3916,0
listing_000910,user_00641,Wooden desk in good condition,"Used carefully, normal sale, local pickup is possible.",538.67,furniture,Novosibirsk,1078,2,7,True,0,2,False,False,False,1.197,0
listing_000911,user_01684,Used iPhone 13 in good condition,"Personal item, can meet in person and answer questions.",1126.34,electronics,Saint Petersburg,1185,0,4,True,0,4,False,False,False,1.2515,0
listing_000912,user_00277,Microwave oven,"Used carefully, normal sale, local pickup is possible.",519.86,home_appliances,Saint Petersburg,544,1,3,True,0,4,False,False,False,0.7998,0
listing_000913,user_00892,Used city bike,"Personal item, can meet in person and answer questions.",10432.47,vehicles,Saint Petersburg,1144,0,5,True,0,5,False,False,False,1.2273,0
listing_000914,user_01000,Microwave oven,"Used carefully, normal sale, local pickup is possible.",760.46,home_appliances,Sochi,1147,2,3,True,0,3,False,False,False,1.1699,0
listing_000915,user_01234,Studio for long term rent,Available for inspection before purchase.,66261.2,real_estate,Novosibirsk,855,1,5,False,0,2,False,False,False,0.8835,0
listing_000916,user_01338,Rent urgent contact Telegram,"Urgent sale today, write outside the platform.",36468.61,real_estate,Sochi,7,4,17,True,0,1,True,True,True,0.4862,1
listing_000917,user_00240,Wooden desk in good condition,Available for inspection before purchase.,255.5,furniture,Kazan,1136,2,5,True,0,6,False,False,False,0.5678,0
listing_000918,user_00011,Dining table with chairs,Available for inspection before purchase.,284.33,furniture,Sochi,1229,2,6,False,1,6,False,False,False,0.6318,0
listing_000919,user_01465,One bedroom apartment near metro,Available for inspection before purchase.,81136.97,real_estate,Saint Petersburg,771,2,6,True,0,5,False,False,False,1.0818,0
listing_000920,user_01447,One bedroom apartment near metro,"Personal item, can meet in person and answer questions.",98495.27,real_estate,Kazan,939,0,3,True,0,4,False,False,False,1.3133,0
listing_000921,user_00855,Washer cheap Telegram,"Personal item, can meet in person and answer questions.",586.51,home_appliances,Kazan,385,0,6,True,0,3,True,False,True,0.9023,0
listing_000922,user_00244,Wooden desk in good condition,Available for inspection before purchase.,354.07,furniture,Sochi,413,1,3,True,0,3,False,False,False,0.7868,0
listing_000923,user_01537,Used iPhone 13 in good condition,"Used carefully, normal sale, local pickup is possible.",843.81,electronics,Kazan,45,1,4,True,0,4,False,False,False,0.9376,0
listing_000924,user_01546,MacBook sealed prepayment only,"Urgent sale today, write outside the platform.",219.87,electronics,Kazan,0,8,15,False,3,2,False,True,True,0.2443,1
listing_000925,user_00312,One bedroom apartment near metro,"Personal item, can meet in person and answer questions.",96405.16,real_estate,Sochi,510,0,6,True,0,5,False,False,False,1.2854,0
listing_000926,user_01348,Winter jacket lightly used,"Used carefully, normal sale, local pickup is possible.",88.57,fashion,Kazan,567,1,5,False,0,5,False,False,False,0.7381,0
listing_000927,user_00306,Scooter cheap today only,"Delivery after deposit, no calls, messenger only.",5746.13,vehicles,Moscow,8,5,15,False,1,1,False,True,True,0.676,1
listing_000928,user_01378,Toyota Corolla 2016 clean documents,"Delivery after deposit, no calls, messenger only.",9338.52,vehicles,Moscow,1436,0,4,True,1,6,False,True,True,1.0986,0
listing_000929,user_01217,Car urgent sale no questions,"Urgent sale today, write outside the platform.",4008.01,vehicles,Novosibirsk,8,2,20,False,2,0,False,True,True,0.4715,1
listing_000930,user_00918,iPhone 15 Pro very cheap urgent,Available for inspection before purchase.,748.66,electronics,Novosibirsk,1110,1,1,True,0,6,False,True,False,0.8318,0
listing_000931,user_00924,Used iPhone 13 in good condition,"Prepayment only, contact me in Telegram.",801.39,electronics,Saint Petersburg,378,2,6,False,0,4,True,True,True,0.8904,0
listing_000932,user_00350,Gaming laptop with warranty,"Used carefully, normal sale, local pickup is possible.",1190.29,electronics,Kazan,439,1,5,True,0,6,False,False,False,1.3225,0
listing_000933,user_01640,Gaming laptop with warranty,"Personal item, can meet in person and answer questions.",458.83,electronics,Kazan,1382,0,6,True,0,6,False,False,False,0.5098,0
listing_000934,user_00154,New table prepay reserve,"Urgent sale today, write outside the platform.",167.56,furniture,Saint Petersburg,15,4,14,False,3,2,False,True,True,0.3724,1
listing_000935,user_01684,Washing machine works well,Available for inspection before purchase.,712.56,home_appliances,Saint Petersburg,423,0,3,True,0,2,False,False,False,1.0962,0
listing_000936,user_01456,Sneakers limited urgent,"Prepayment only, contact me in Telegram.",68.9,fashion,Sochi,12,10,24,True,0,1,True,True,True,0.5742,1
listing_000937,user_01796,Studio for long term rent,Available for inspection before purchase.,71105.32,real_estate,Novosibirsk,558,2,5,True,0,4,False,False,False,0.9481,0
listing_000938,user_01396,Scooter cheap today only,"Urgent sale today, write outside the platform.",4816.98,vehicles,Sochi,6,6,20,False,2,1,False,True,True,0.5667,1
listing_000939,user_00725,Studio for long term rent,"Used carefully, normal sale, local pickup is possible.",65672.91,real_estate,Kazan,96,0,3,True,1,2,False,False,False,0.8756,0
listing_000940,user_01180,Studio for long term rent,"Personal item, can meet in person and answer questions.",57769.74,real_estate,Sochi,1008,1,4,True,0,3,False,False,False,0.7703,0
listing_000941,user_00214,Used city bike,"Personal item, can meet in person and answer questions.",7364.09,vehicles,Saint Petersburg,1081,2,6,True,0,5,False,False,False,0.8664,0
listing_000942,user_01676,Car urgent sale no questions,"Urgent sale today, write outside the platform.",7616.71,vehicles,Saint Petersburg,569,0,3,True,0,4,False,True,True,0.8961,0
listing_000943,user_01735,MacBook sealed prepayment only,"Urgent sale today, write outside the platform.",317.32,electronics,Sochi,20,6,17,False,0,1,False,True,True,0.3526,1
listing_000944,user_00331,Toyota Corolla 2016 clean documents,Available for inspection before purchase.,6523.58,vehicles,Kazan,1440,2,7,True,1,6,False,False,False,0.7675,0
listing_000945,user_00866,New fridge half price urgent,"Delivery after deposit, no calls, messenger only.",262.39,home_appliances,Sochi,10,3,19,False,3,1,False,True,True,0.4037,1
listing_000946,user_00562,Apartment below market prepayment,"Delivery after deposit, no calls, messenger only.",40556.33,real_estate,Kazan,3,4,16,False,1,1,False,True,True,0.5408,1
listing_000947,user_01499,One bedroom apartment near metro,"Used carefully, normal sale, local pickup is possible.",88018.26,real_estate,Saint Petersburg,679,1,10,True,0,5,False,False,False,1.1736,0
listing_000948,user_01743,Used iPhone 13 in good condition,"Used carefully, normal sale, local pickup is possible.",861.05,electronics,Saint Petersburg,881,0,4,True,1,3,False,False,False,0.9567,0
listing_000949,user_01313,Sneakers limited urgent,"Urgent sale today, write outside the platform.",80.83,fashion,Moscow,20,4,17,False,0,1,False,True,True,0.6736,0
listing_000950,user_00646,Used city bike,"Used carefully, normal sale, local pickup is possible.",7410.33,vehicles,Sochi,293,0,3,False,1,2,False,False,False,0.8718,0
listing_000951,user_01793,Toyota Corolla 2016 clean documents,Available for inspection before purchase.,7256.38,vehicles,Saint Petersburg,865,0,0,False,0,2,False,False,False,0.8537,0
listing_000952,user_01230,Leather shoes size 42,Available for inspection before purchase.,104.81,fashion,Saint Petersburg,397,0,2,True,0,5,False,False,False,0.8734,0
listing_000953,user_00737,Wooden desk in good condition,"Personal item, can meet in person and answer questions.",611.32,furniture,Novosibirsk,1123,1,2,True,0,5,False,False,False,1.3585,0
listing_000954,user_00007,Winter jacket lightly used,"Personal item, can meet in person and answer questions.",163.12,fashion,Sochi,1095,0,4,True,1,4,False,False,False,1.3593,0
listing_000955,user_01560,Scooter cheap today only,"Delivery after deposit, no calls, messenger only.",3587.87,vehicles,Saint Petersburg,16,5,18,False,2,2,False,True,True,0.4221,1
listing_000956,user_00966,Used city bike,"Used carefully, normal sale, local pickup is possible.",7109.41,vehicles,Saint Petersburg,34,0,1,True,1,3,False,False,False,0.8364,0
listing_000957,user_00366,Wooden desk in good condition,"Prepayment only, contact me in Telegram.",410.09,furniture,Saint Petersburg,332,0,3,True,0,6,True,True,True,0.9113,0
listing_000958,user_01475,Wooden desk in good condition,"Personal item, can meet in person and answer questions.",466.63,furniture,Novosibirsk,167,2,4,True,1,5,False,False,False,1.037,0
listing_000959,user_01044,Microwave oven,"Used carefully, normal sale, local pickup is possible.",482.7,home_appliances,Sochi,45,1,4,False,1,6,False,False,False,0.7426,0
listing_000960,user_01115,Dining table with chairs,"Personal item, can meet in person and answer questions.",379.86,furniture,Novosibirsk,1368,0,3,True,0,2,False,False,False,0.8441,0
listing_000961,user_01151,Studio for long term rent,"Personal item, can meet in person and answer questions.",61426.52,real_estate,Kazan,81,0,4,False,0,3,False,False,False,0.819,0
listing_000962,user_01192,Studio for long term rent,Available for inspection before purchase.,90310.88,real_estate,Sochi,1341,2,6,True,0,6,False,False,False,1.2041,0
listing_000963,user_01341,Toyota Corolla 2016 clean documents,Available for inspection before purchase.,6880.39,vehicles,Kazan,783,1,2,True,0,6,False,False,False,0.8095,0
listing_000964,user_00572,Apartment below market prepayment,"Urgent sale today, write outside the platform.",43911.72,real_estate,Kazan,4,4,16,False,1,2,False,True,True,0.5855,1
listing_000965,user_01008,Toyota Corolla 2016 clean documents,Available for inspection before purchase.,11901.27,vehicles,Sochi,1290,2,5,True,0,3,False,False,False,1.4001,0
listing_000966,user_00401,Winter jacket lightly used,"Personal item, can meet in person and answer questions.",128.69,fashion,Novosibirsk,64,1,1,False,1,6,False,False,False,1.0724,0
listing_000967,user_00547,Toyota Corolla 2016 clean documents,"Used carefully, normal sale, local pickup is possible.",10681.89,vehicles,Sochi,423,1,3,True,0,2,False,False,False,1.2567,0
listing_000968,user_00324,Wooden desk in good condition,"Personal item, can meet in person and answer questions.",480.05,furniture,Sochi,702,0,4,True,0,6,False,False,False,1.0668,0
listing_000969,user_00719,MacBook sealed prepayment only,"Used carefully, normal sale, local pickup is possible.",872.9,electronics,Novosibirsk,843,1,4,True,0,3,False,True,False,0.9699,0
listing_000970,user_00576,New fridge half price urgent,"Urgent sale today, write outside the platform.",152.75,home_appliances,Novosibirsk,8,6,20,False,1,0,False,True,True,0.235,1
listing_000971,user_00683,Luxury jacket original cheap,"Delivery after deposit, no calls, messenger only.",25.32,fashion,Kazan,8,4,14,False,2,1,False,True,True,0.211,1
listing_000972,user_00984,Car urgent sale no questions,"Prepayment only, contact me in Telegram.",5642.48,vehicles,Kazan,20,9,18,False,1,1,True,True,True,0.6638,1
listing_000973,user_00135,Toyota Corolla 2016 clean documents,"Personal item, can meet in person and answer questions.",10449.98,vehicles,Kazan,120,1,3,True,0,4,False,False,False,1.2294,0
listing_000974,user_01309,Leather shoes size 42,"Personal item, can meet in person and answer questions.",117.75,fashion,Saint Petersburg,843,0,3,True,0,5,False,False,False,0.9812,0
listing_000975,user_00560,Luxury jacket original cheap,"Prepayment only, contact me in Telegram.",85.53,fashion,Sochi,1,8,21,True,0,1,True,True,True,0.7127,1
listing_000976,user_00684,Used iPhone 13 in good condition,"Personal item, can meet in person and answer questions.",1187.71,electronics,Novosibirsk,588,3,6,True,0,6,False,False,False,1.3197,0
listing_000977,user_00122,Microwave oven,"Used carefully, normal sale, local pickup is possible.",623.25,home_appliances,Kazan,301,0,6,False,0,4,False,False,False,0.9588,0
listing_000978,user_00410,Washing machine works well,"Personal item, can meet in person and answer questions.",683.35,home_appliances,Novosibirsk,1393,2,7,False,0,3,False,False,False,1.0513,0
listing_000979,user_01622,MacBook sealed prepayment only,"Urgent sale today, write outside the platform.",367.45,electronics,Moscow,0,8,17,False,2,1,False,True,True,0.4083,1
listing_000980,user_00418,Scooter cheap today only,"Prepayment only, contact me in Telegram.",5384.35,vehicles,Saint Petersburg,4,8,22,True,1,2,True,True,True,0.6335,1
listing_000981,user_00089,Used iPhone 13 in good condition,"Used carefully, normal sale, local pickup is possible.",1235.11,electronics,Moscow,967,1,4,False,0,5,False,False,False,1.3723,0
listing_000982,user_00667,Rent urgent contact Telegram,"Delivery after deposit, no calls, messenger only.",23782.02,real_estate,Moscow,1,9,27,True,2,1,True,True,True,0.3171,1
listing_000983,user_00214,Washer cheap Telegram,"Urgent sale today, write outside the platform.",131.43,home_appliances,Novosibirsk,11,5,17,False,1,0,True,True,True,0.2022,1
listing_000984,user_01724,Washing machine works well,"Used carefully, normal sale, local pickup is possible.",804.25,home_appliances,Sochi,1493,1,4,False,0,4,False,False,False,1.2373,0
listing_000985,user_01358,One bedroom apartment near metro,Available for inspection before purchase.,71882.72,real_estate,Kazan,1341,4,6,False,0,4,False,False,False,0.9584,0
listing_000986,user_00979,Designer sofa very cheap urgent,"Delivery after deposit, no calls, messenger only.",247.92,furniture,Moscow,1,5,14,True,2,1,False,True,True,0.5509,1
listing_000987,user_00328,Car urgent sale no questions,"Used carefully, normal sale, local pickup is possible.",12218.6,vehicles,Moscow,231,2,5,True,0,3,False,True,False,1.4375,0
listing_000988,user_01526,Wooden desk in good condition,Available for inspection before purchase.,523.53,furniture,Moscow,341,1,4,False,1,3,False,False,False,1.1634,0
listing_000989,user_01462,Dining table with chairs,"Used carefully, normal sale, local pickup is possible.",567.31,furniture,Moscow,1455,0,8,True,0,4,False,False,False,1.2607,0
listing_000990,user_00252,Leather shoes size 42,"Used carefully, normal sale, local pickup is possible.",143.01,fashion,Sochi,672,0,4,True,0,2,False,False,False,1.1917,0
listing_000991,user_00080,Washer cheap Telegram,"Urgent sale today, write outside the platform.",112.76,home_appliances,Sochi,10,3,10,False,1,0,True,True,True,0.1735,1
listing_000992,user_00845,iPhone 15 Pro very cheap urgent,"Delivery after deposit, no calls, messenger only.",176.34,electronics,Kazan,16,6,20,True,3,2,False,True,True,0.1959,1
listing_000993,user_01275,Dining table with chairs,"Used carefully, normal sale, local pickup is possible.",468.52,furniture,Kazan,1050,1,1,True,1,2,False,False,False,1.0412,0
listing_000994,user_01290,New fridge half price urgent,"Urgent sale today, write outside the platform.",291.47,home_appliances,Moscow,6,4,16,False,3,1,False,True,True,0.4484,1
listing_000995,user_01694,Toyota Corolla 2016 clean documents,"Used carefully, normal sale, local pickup is possible.",8000.41,vehicles,Moscow,250,1,4,True,0,6,False,False,False,0.9412,0
listing_000996,user_01760,Rent urgent contact Telegram,"Urgent sale today, write outside the platform.",21476.91,real_estate,Sochi,17,7,23,False,0,2,True,True,True,0.2864,1
listing_000997,user_01471,Rent urgent contact Telegram,"Urgent sale today, write outside the platform.",38552.96,real_estate,Novosibirsk,5,3,17,False,1,0,True,True,True,0.514,1
listing_000998,user_00563,Scooter cheap today only,"Prepayment only, contact me in Telegram.",5266.33,vehicles,Kazan,1,4,16,False,2,1,True,True,True,0.6196,1
listing_000999,user_00372,Winter jacket lightly used,"Personal item, can meet in person and answer questions.",63.15,fashion,Novosibirsk,202,1,4,True,1,3,False,False,False,0.5262,0
listing_001000,user_00382,Studio for long term rent,"Used carefully, normal sale, local pickup is possible.",80853.02,real_estate,Novosibirsk,1484,0,4,True,0,4,False,False,False,1.078,0
listing_001001,user_01189,Used city bike,"Used carefully, normal sale, local pickup is possible.",11779.45,vehicles,Moscow,923,0,4,True,0,3,False,False,False,1.3858,0
listing_001002,user_00211,Studio for long term rent,"Personal item, can meet in person and answer questions.",82630.85,real_estate,Sochi,1124,0,1,True,1,3,False,False,False,1.1017,0
listing_001003,user_01607,Used iPhone 13 in good condition,"Personal item, can meet in person and answer questions.",1037.01,electronics,Kazan,53,0,4,True,0,3,False,False,False,1.1522,0
listing_001004,user_01732,Dining table with chairs,"Personal item, can meet in person and answer questions.",394.5,furniture,Moscow,882,2,4,True,0,6,False,False,False,0.8767,0
listing_001005,user_01034,Used iPhone 13 in good condition,"Used carefully, normal sale, local pickup is possible.",782.36,electronics,Kazan,660,0,8,True,0,3,False,False,False,0.8693,0
listing_001006,user_01510,Washing machine works well,Available for inspection before purchase.,633.21,home_appliances,Kazan,643,2,7,True,0,3,False,False,False,0.9742,0
listing_001007,user_00054,Wooden desk in good condition,"Used carefully, normal sale, local pickup is possible.",500.33,furniture,Moscow,252,1,4,True,0,6,False,False,False,1.1118,0
listing_001008,user_01324,Dining table with chairs,"Used carefully, normal sale, local pickup is possible.",639.09,furniture,Sochi,1135,2,5,True,0,5,False,False,False,1.4202,0
listing_001009,user_01277,Gaming laptop with warranty,Available for inspection before purchase.,756.3,electronics,Saint Petersburg,832,0,2,False,0,6,False,False,False,0.8403,0
listing_001010,user_00691,Dining table with chairs,"Personal item, can meet in person and answer questions.",436.86,furniture,Moscow,380,2,6,True,0,5,False,False,False,0.9708,0
listing_001011,user_00713,Used city bike,"Personal item, can meet in person and answer questions.",9745.73,vehicles,Saint Petersburg,494,1,2,True,1,5,False,False,False,1.1466,0
listing_001012,user_01118,Studio for long term rent,Available for inspection before purchase.,61768.42,real_estate,Sochi,1029,1,3,True,0,5,False,False,False,0.8236,0
listing_001013,user_01443,Gaming laptop with warranty,"Personal item, can meet in person and answer questions.",801.08,electronics,Moscow,37,0,2,True,0,2,False,False,False,0.8901,0
listing_001014,user_01057,New table prepay reserve,"Delivery after deposit, no calls, messenger only.",81.16,furniture,Saint Petersburg,10,10,23,False,0,1,False,True,True,0.1804,1
listing_001015,user_01095,Used city bike,"Personal item, can meet in person and answer questions.",7423.11,vehicles,Moscow,1328,2,8,True,0,5,False,False,False,0.8733,0
listing_001016,user_00179,Gaming laptop with warranty,Available for inspection before purchase.,986.67,electronics,Moscow,974,1,4,True,1,3,False,False,False,1.0963,0
listing_001017,user_01153,Washing machine works well,Available for inspection before purchase.,365.8,home_appliances,Saint Petersburg,442,2,5,True,0,6,False,False,False,0.5628,0
listing_001018,user_00804,Sneakers limited urgent,"Urgent sale today, write outside the platform.",72.42,fashion,Saint Petersburg,1,2,12,False,2,1,False,True,True,0.6035,1
listing_001019,user_00649,Toyota Corolla 2016 clean documents,"Used carefully, normal sale, local pickup is possible.",11688.69,vehicles,Kazan,182,1,5,True,0,4,False,False,False,1.3751,0
listing_001020,user_00398,Luxury jacket original cheap,Available for inspection before purchase.,149.84,fashion,Saint Petersburg,1242,0,4,False,0,2,False,False,False,1.2487,0
listing_001021,user_00735,One bedroom apartment near metro,"Delivery after deposit, no calls, messenger only.",94114.49,real_estate,Moscow,850,2,5,True,0,6,False,True,True,1.2549,0
listing_001022,user_01068,Car urgent sale no questions,"Urgent sale today, write outside the platform.",3845.68,vehicles,Kazan,5,3,14,False,4,0,False,True,True,0.4524,1
listing_001023,user_01765,Dining table with chairs,"Personal item, can meet in person and answer questions.",346.0,furniture,Saint Petersburg,962,0,1,True,1,4,False,False,False,0.7689,0
listing_001024,user_00512,Car urgent sale no questions,"Prepayment only, contact me in Telegram.",5696.82,vehicles,Sochi,15,4,9,False,1,2,True,True,True,0.6702,1
listing_001025,user_01013,Microwave oven,"Used carefully, normal sale, local pickup is possible.",750.27,home_appliances,Moscow,167,2,7,True,0,4,False,False,False,1.1543,0
listing_001026,user_01554,Luxury jacket original cheap,"Urgent sale today, write outside the platform.",50.29,fashion,Saint Petersburg,11,3,15,False,1,0,False,True,True,0.4191,1
listing_001027,user_00229,Microwave oven,"Personal item, can meet in person and answer questions.",742.54,home_appliances,Kazan,776,2,6,False,0,6,False,False,False,1.1424,0
listing_001028,user_00453,Sneakers limited urgent,"Urgent sale today, write outside the platform.",45.48,fashion,Kazan,14,3,9,False,1,1,False,True,True,0.379,1
listing_001029,user_00949,Luxury jacket original cheap,"Prepayment only, contact me in Telegram.",34.8,fashion,Kazan,16,9,18,False,2,2,True,True,True,0.29,1
listing_001030,user_00371,iPhone 15 Pro very cheap urgent,"Prepayment only, contact me in Telegram.",253.48,electronics,Novosibirsk,4,2,20,False,0,1,True,True,True,0.2816,1
listing_001031,user_00018,Microwave oven,Available for inspection before purchase.,669.61,home_appliances,Moscow,885,3,7,True,0,4,False,False,False,1.0302,0
listing_001032,user_01688,Washing machine works well,"Personal item, can meet in person and answer questions.",587.85,home_appliances,Moscow,610,0,3,True,0,3,False,False,False,0.9044,0
listing_001033,user_00858,Leather shoes size 42,"Personal item, can meet in person and answer questions.",102.56,fashion,Sochi,834,0,2,True,0,5,False,False,False,0.8547,0
listing_001034,user_00823,New table prepay reserve,"Delivery after deposit, no calls, messenger only.",334.35,furniture,Kazan,0,4,11,False,2,2,False,True,True,0.743,1
listing_001035,user_00889,Microwave oven,Available for inspection before purchase.,536.4,home_appliances,Saint Petersburg,942,2,4,True,1,4,False,False,False,0.8252,0
listing_001036,user_01366,Used city bike,"Used carefully, normal sale, local pickup is possible.",9997.3,vehicles,Sochi,574,2,3,True,0,4,False,False,False,1.1762,0
listing_001037,user_00966,Designer sofa very cheap urgent,"Delivery after deposit, no calls, messenger only.",231.46,furniture,Saint Petersburg,7,7,17,False,1,1,False,True,True,0.5144,1
listing_001038,user_00132,Washing machine works well,Available for inspection before purchase.,802.11,home_appliances,Saint Petersburg,57,2,11,True,1,5,False,False,False,1.234,0
listing_001039,user_00023,Car urgent sale no questions,"Used carefully, normal sale, local pickup is possible.",8217.48,vehicles,Saint Petersburg,611,1,5,True,0,2,False,True,False,0.9668,0
listing_001040,user_00639,One bedroom apartment near metro,"Used carefully, normal sale, local pickup is possible.",57435.57,real_estate,Kazan,943,0,2,False,0,3,False,False,False,0.7658,0
listing_001041,user_01512,Leather shoes size 42,"Personal item, can meet in person and answer questions.",105.39,fashion,Sochi,466,0,3,True,0,6,False,False,False,0.8782,0
listing_001042,user_01467,Luxury jacket original cheap,"Prepayment only, contact me in Telegram.",49.39,fashion,Saint Petersburg,11,7,22,False,2,0,True,True,True,0.4116,1
listing_001043,user_00867,Winter jacket lightly used,"Personal item, can meet in person and answer questions.",155.97,fashion,Novosibirsk,1449,1,3,True,0,5,False,False,False,1.2997,0
listing_001044,user_00885,Microwave oven,"Used carefully, normal sale, local pickup is possible.",592.68,home_appliances,Saint Petersburg,1396,0,3,True,1,6,False,False,False,0.9118,0
listing_001045,user_00956,Winter jacket lightly used,"Personal item, can meet in person and answer questions.",150.45,fashion,Novosibirsk,69,1,5,True,1,6,False,False,False,1.2537,0
listing_001046,user_01085,Toyota Corolla 2016 clean documents,"Personal item, can meet in person and answer questions.",4188.27,vehicles,Moscow,1142,2,9,True,0,6,False,False,False,0.4927,0
listing_001047,user_01399,Dining table with chairs,"Used carefully, normal sale, local pickup is possible.",249.25,furniture,Moscow,102,3,6,True,1,5,False,False,False,0.5539,0
listing_001048,user_00410,Gaming laptop with warranty,"Used carefully, normal sale, local pickup is possible.",1144.49,electronics,Moscow,88,1,2,True,0,4,False,False,False,1.2717,0
listing_001049,user_00255,Car urgent sale no questions,Available for inspection before purchase.,4208.9,vehicles,Moscow,48,1,1,True,1,5,False,True,False,0.4952,0
listing_001050,user_00286,Wooden desk in good condition,"Urgent sale today, write outside the platform.",572.03,furniture,Novosibirsk,703,1,5,True,0,2,False,True,True,1.2712,0
listing_001051,user_01478,Used city bike,"Used carefully, normal sale, local pickup is possible.",6444.88,vehicles,Saint Petersburg,769,4,5,True,0,3,False,False,False,0.7582,0
listing_001052,user_00694,Sneakers limited urgent,"Prepayment only, contact me in Telegram.",78.13,fashion,Kazan,15,6,24,False,4,1,True,True,True,0.6511,1
listing_001053,user_00626,Dining table with chairs,"Personal item, can meet in person and answer questions.",367.85,furniture,Saint Petersburg,796,2,3,False,0,6,False,False,False,0.8174,0
listing_001054,user_00313,Used city bike,Available for inspection before purchase.,11379.74,vehicles,Novosibirsk,91,3,4,False,0,3,False,False,False,1.3388,0
listing_001055,user_00151,Winter jacket lightly used,"Personal item, can meet in person and answer questions.",138.58,fashion,Kazan,670,2,3,False,0,4,False,False,False,1.1548,0
listing_001056,user_00322,Scooter cheap today only,"Delivery after deposit, no calls, messenger only.",5189.02,vehicles,Saint Petersburg,6,5,21,False,3,0,False,True,True,0.6105,1
listing_001057,user_00685,Gaming laptop with warranty,"Used carefully, normal sale, local pickup is possible.",1032.12,electronics,Kazan,619,1,8,True,0,6,False,False,False,1.1468,0
listing_001058,user_00236,Toyota Corolla 2016 clean documents,"Used carefully, normal sale, local pickup is possible.",9787.25,vehicles,Moscow,531,2,3,True,1,6,False,False,False,1.1514,0
listing_001059,user_00131,Gaming laptop with warranty,"Personal item, can meet in person and answer questions.",991.21,electronics,Sochi,639,1,6,True,0,6,False,False,False,1.1013,0
listing_001060,user_00442,Gaming laptop with warranty,"Personal item, can meet in person and answer questions.",1020.4,electronics,Novosibirsk,675,1,2,False,0,5,False,False,False,1.1338,0
listing_001061,user_01504,Toyota Corolla 2016 clean documents,"Personal item, can meet in person and answer questions.",6223.78,vehicles,Sochi,1181,2,6,False,1,5,False,False,False,0.7322,0
listing_001062,user_01202,Designer sofa very cheap urgent,Available for inspection before purchase.,611.06,furniture,Kazan,190,1,4,True,1,6,False,True,False,1.3579,0
listing_001063,user_00628,One bedroom apartment near metro,Available for inspection before purchase.,72105.31,real_estate,Sochi,316,0,4,True,0,5,False,False,False,0.9614,0
listing_001064,user_01041,Sneakers limited urgent,"Prepayment only, contact me in Telegram.",23.76,fashion,Moscow,6,4,17,False,0,2,True,True,True,0.198,1
listing_001065,user_01797,Washing machine works well,"Personal item, can meet in person and answer questions.",774.07,home_appliances,Sochi,816,0,1,True,0,2,False,False,False,1.1909,0
listing_001066,user_00357,Washing machine works well,Available for inspection before purchase.,607.81,home_appliances,Novosibirsk,404,1,3,True,0,2,False,False,False,0.9351,0
listing_001067,user_01019,Used iPhone 13 in good condition,Available for inspection before purchase.,873.6,electronics,Saint Petersburg,879,0,3,False,0,3,False,False,False,0.9707,0
listing_001068,user_01175,Apartment below market prepayment,"Urgent sale today, write outside the platform.",52997.37,real_estate,Kazan,14,4,20,False,1,1,False,True,True,0.7066,1
listing_001069,user_00804,Sneakers limited urgent,"Urgent sale today, write outside the platform.",74.41,fashion,Saint Petersburg,2,5,13,False,2,2,False,True,True,0.6201,1
listing_001070,user_01597,Wooden desk in good condition,Available for inspection before purchase.,442.64,furniture,Saint Petersburg,1441,1,6,True,0,3,False,False,False,0.9836,0
listing_001071,user_00302,One bedroom apartment near metro,"Used carefully, normal sale, local pickup is possible.",85911.67,real_estate,Sochi,1015,0,1,False,0,6,False,False,False,1.1455,0
listing_001072,user_00800,One bedroom apartment near metro,Available for inspection before purchase.,62246.93,real_estate,Moscow,727,0,1,True,0,5,False,False,False,0.83,0
listing_001073,user_00284,Apartment below market prepayment,"Urgent sale today, write outside the platform.",31910.51,real_estate,Novosibirsk,10,0,6,False,2,1,False,True,True,0.4255,1
listing_001074,user_00750,One bedroom apartment near metro,"Personal item, can meet in person and answer questions.",97697.34,real_estate,Kazan,40,0,1,False,0,6,False,False,False,1.3026,0
listing_001075,user_01413,Used city bike,"Personal item, can meet in person and answer questions.",7659.34,vehicles,Sochi,871,0,0,True,0,5,False,False,False,0.9011,0
listing_001076,user_00306,Washing machine works well,"Used carefully, normal sale, local pickup is possible.",377.23,home_appliances,Sochi,529,1,2,True,0,5,False,False,False,0.5804,0
listing_001077,user_00606,Washing machine works well,Available for inspection before purchase.,602.09,home_appliances,Sochi,638,0,4,True,0,6,False,False,False,0.9263,0
listing_001078,user_00908,Toyota Corolla 2016 clean documents,Available for inspection before purchase.,6769.12,vehicles,Saint Petersburg,135,1,2,True,0,2,False,False,False,0.7964,0
listing_001079,user_00444,One bedroom apartment near metro,"Personal item, can meet in person and answer questions.",89214.78,real_estate,Sochi,615,1,4,False,0,2,False,False,False,1.1895,0
listing_001080,user_01397,Designer sofa very cheap urgent,"Urgent sale today, write outside the platform.",165.55,furniture,Sochi,14,4,17,False,0,1,False,True,True,0.3679,1
listing_001081,user_00857,Studio for long term rent,"Personal item, can meet in person and answer questions.",106069.29,real_estate,Sochi,286,1,6,False,0,4,False,False,False,1.4143,0
listing_001082,user_01069,MacBook sealed prepayment only,Available for inspection before purchase.,1144.93,electronics,Sochi,226,0,8,True,1,4,False,True,False,1.2721,0
listing_001083,user_00501,Washing machine works well,"Used carefully, normal sale, local pickup is possible.",831.96,home_appliances,Kazan,1291,1,6,True,0,5,False,False,False,1.2799,0
listing_001084,user_01103,Used iPhone 13 in good condition,"Used carefully, normal sale, local pickup is possible.",1128.18,electronics,Saint Petersburg,746,0,3,True,0,5,False,False,False,1.2535,0
listing_001085,user_01650,Used iPhone 13 in good condition,Available for inspection before purchase.,563.17,electronics,Novosibirsk,456,2,7,True,1,4,False,False,False,0.6257,0
listing_001086,user_00679,Washing machine works well,"Used carefully, normal sale, local pickup is possible.",939.63,home_appliances,Novosibirsk,138,2,9,True,0,5,False,False,False,1.4456,0
listing_001087,user_00943,Winter jacket lightly used,"Used carefully, normal sale, local pickup is possible.",160.36,fashion,Sochi,203,0,2,True,0,6,False,False,False,1.3363,0
listing_001088,user_00582,iPhone 15 Pro very cheap urgent,"Delivery after deposit, no calls, messenger only.",527.21,electronics,Saint Petersburg,4,8,22,False,3,1,False,True,True,0.5858,1
listing_001089,user_01462,Winter jacket lightly used,"Used carefully, normal sale, local pickup is possible.",143.21,fashion,Novosibirsk,863,1,5,True,0,2,False,False,False,1.1934,0
listing_001090,user_00461,Microwave oven,"Urgent sale today, write outside the platform.",618.81,home_appliances,Novosibirsk,1489,0,5,True,0,4,False,True,True,0.952,0
listing_001091,user_00596,Winter jacket lightly used,"Personal item, can meet in person and answer questions.",115.05,fashion,Moscow,929,1,1,False,1,3,False,False,False,0.9587,0
listing_001092,user_01303,Leather shoes size 42,"Personal item, can meet in person and answer questions.",149.93,fashion,Kazan,426,1,3,False,0,2,False,False,False,1.2494,0
listing_001093,user_00007,MacBook sealed prepayment only,Available for inspection before purchase.,466.38,electronics,Sochi,953,2,3,False,0,6,False,True,False,0.5182,0
listing_001094,user_00288,Studio for long term rent,"Urgent sale today, write outside the platform.",68061.47,real_estate,Kazan,1074,0,3,True,0,6,False,True,True,0.9075,0
listing_001095,user_01525,Winter jacket lightly used,Available for inspection before purchase.,87.29,fashion,Moscow,369,2,6,True,0,2,False,False,False,0.7274,0
listing_001096,user_01556,Microwave oven,"Used carefully, normal sale, local pickup is possible.",581.6,home_appliances,Saint Petersburg,493,2,4,False,1,3,False,False,False,0.8948,0
listing_001097,user_01190,Studio for long term rent,Available for inspection before purchase.,80089.83,real_estate,Saint Petersburg,249,0,6,True,0,3,False,False,False,1.0679,0
listing_001098,user_00430,Gaming laptop with warranty,Available for inspection before purchase.,603.74,electronics,Sochi,890,0,0,True,0,6,False,False,False,0.6708,0
listing_001099,user_00319,One bedroom apartment near metro,"Urgent sale today, write outside the platform.",81063.37,real_estate,Saint Petersburg,1296,2,6,True,0,5,False,True,True,1.0808,0
listing_001100,user_00210,Microwave oven,"Personal item, can meet in person and answer questions.",863.08,home_appliances,Sochi,154,2,5,True,0,4,False,False,False,1.3278,0
listing_001101,user_00254,Gaming laptop with warranty,"Personal item, can meet in person and answer questions.",874.91,electronics,Kazan,1143,2,4,True,0,6,False,False,False,0.9721,0
listing_001102,user_01582,Used iPhone 13 in good condition,Available for inspection before purchase.,1107.05,electronics,Sochi,971,3,10,True,0,5,False,False,False,1.2301,0
listing_001103,user_00763,Car urgent sale no questions,"Urgent sale today, write outside the platform.",2429.83,vehicles,Kazan,15,9,16,False,0,2,False,True,True,0.2859,1
listing_001104,user_01043,Car urgent sale no questions,"Prepayment only, contact me in Telegram.",1462.36,vehicles,Moscow,8,5,11,True,2,0,True,True,True,0.172,1
listing_001105,user_00453,iPhone 15 Pro very cheap urgent,"Prepayment only, contact me in Telegram.",185.09,electronics,Moscow,17,4,19,False,1,1,True,True,True,0.2057,1
listing_001106,user_00688,One bedroom apartment near metro,"Used carefully, normal sale, local pickup is possible.",79054.51,real_estate,Sochi,989,3,5,True,0,5,False,False,False,1.0541,0
listing_001107,user_01617,MacBook sealed prepayment only,"Urgent sale today, write outside the platform.",475.51,electronics,Kazan,18,9,18,False,0,1,False,True,True,0.5283,1
listing_001108,user_01746,Luxury jacket original cheap,"Urgent sale today, write outside the platform.",59.12,fashion,Sochi,18,6,18,True,0,2,False,True,True,0.4927,1
listing_001109,user_00828,Washing machine works well,"Personal item, can meet in person and answer questions.",599.16,home_appliances,Moscow,933,0,2,True,1,3,False,False,False,0.9218,0
listing_001110,user_01480,Gaming laptop with warranty,"Personal item, can meet in person and answer questions.",1043.18,electronics,Kazan,852,1,5,True,0,3,False,False,False,1.1591,0
listing_001111,user_01050,Winter jacket lightly used,Available for inspection before purchase.,143.8,fashion,Moscow,852,1,2,True,0,4,False,False,False,1.1983,0
listing_001112,user_01170,Toyota Corolla 2016 clean documents,"Personal item, can meet in person and answer questions.",9739.45,vehicles,Moscow,225,0,6,True,1,4,False,False,False,1.1458,0
listing_001113,user_00983,Leather shoes size 42,"Personal item, can meet in person and answer questions.",116.67,fashion,Saint Petersburg,897,1,5,False,0,5,False,False,False,0.9723,0
listing_001114,user_01551,Gaming laptop with warranty,"Used carefully, normal sale, local pickup is possible.",1080.63,electronics,Sochi,408,1,3,False,1,3,False,False,False,1.2007,0
listing_001115,user_01487,One bedroom apartment near metro,Available for inspection before purchase.,97231.24,real_estate,Moscow,863,0,2,False,0,5,False,False,False,1.2964,0
listing_001116,user_00653,Toyota Corolla 2016 clean documents,"Used carefully, normal sale, local pickup is possible.",9934.45,vehicles,Novosibirsk,1056,0,5,True,0,4,False,False,False,1.1688,0
listing_001117,user_01050,New table prepay reserve,"Urgent sale today, write outside the platform.",79.14,furniture,Novosibirsk,11,4,19,False,2,1,False,True,True,0.1759,1
listing_001118,user_01201,Microwave oven,"Used carefully, normal sale, local pickup is possible.",480.44,home_appliances,Kazan,1448,1,3,False,0,6,False,False,False,0.7391,0
listing_001119,user_01090,Used city bike,Available for inspection before purchase.,10855.43,vehicles,Novosibirsk,687,1,2,True,0,3,False,False,False,1.2771,0
listing_001120,user_01175,Sneakers limited urgent,"Urgent sale today, write outside the platform.",61.13,fashion,Kazan,20,5,20,False,5,2,False,True,True,0.5094,1
listing_001121,user_00197,Winter jacket lightly used,Available for inspection before purchase.,101.67,fashion,Novosibirsk,752,0,2,True,0,5,False,False,False,0.8473,0
listing_001122,user_00236,Washer cheap Telegram,"Prepayment only, contact me in Telegram.",206.52,home_appliances,Moscow,2,9,27,False,2,1,True,True,True,0.3177,1
listing_001123,user_00280,Car urgent sale no questions,"Delivery after deposit, no calls, messenger only.",2079.99,vehicles,Kazan,7,9,19,False,2,0,False,True,True,0.2447,1
listing_001124,user_01149,Toyota Corolla 2016 clean documents,Available for inspection before purchase.,10859.88,vehicles,Kazan,443,2,2,True,0,3,False,False,False,1.2776,0
listing_001125,user_01634,Microwave oven,"Delivery after deposit, no calls, messenger only.",526.39,home_appliances,Moscow,1217,0,6,True,0,4,False,True,True,0.8098,0
listing_001126,user_00563,Dining table with chairs,"Used carefully, normal sale, local pickup is possible.",534.7,furniture,Kazan,907,2,4,False,0,3,False,False,False,1.1882,0
listing_001127,user_00458,Dining table with chairs,"Used carefully, normal sale, local pickup is possible.",533.77,furniture,Moscow,828,2,9,False,0,5,False,False,False,1.1862,0
listing_001128,user_01506,One bedroom apartment near metro,"Used carefully, normal sale, local pickup is possible.",89549.24,real_estate,Sochi,1161,0,2,True,0,4,False,False,False,1.194,0
listing_001129,user_00044,Used city bike,"Personal item, can meet in person and answer questions.",6925.13,vehicles,Kazan,1250,0,4,True,0,6,False,False,False,0.8147,0
listing_001130,user_00026,Winter jacket lightly used,"Personal item, can meet in person and answer questions.",162.85,fashion,Sochi,1146,1,6,True,0,2,False,False,False,1.3571,0
listing_001131,user_00863,Used iPhone 13 in good condition,Available for inspection before purchase.,947.65,electronics,Saint Petersburg,156,0,7,False,0,5,False,False,False,1.0529,0
listing_001132,user_01794,Toyota Corolla 2016 clean documents,"Urgent sale today, write outside the platform.",8514.77,vehicles,Moscow,1468,2,4,True,0,2,False,True,True,1.0017,0
listing_001133,user_01439,Leather shoes size 42,"Used carefully, normal sale, local pickup is possible.",162.16,fashion,Sochi,190,0,3,True,1,2,False,False,False,1.3513,0
listing_001134,user_01293,Wooden desk in good condition,"Used carefully, normal sale, local pickup is possible.",385.16,furniture,Moscow,135,1,6,True,0,5,False,False,False,0.8559,0
listing_001135,user_00683,iPhone 15 Pro very cheap urgent,"Prepayment only, contact me in Telegram.",190.73,electronics,Kazan,13,6,17,False,2,0,True,True,True,0.2119,1
listing_001136,user_01614,MacBook sealed prepayment only,"Delivery after deposit, no calls, messenger only.",366.0,electronics,Sochi,2,2,12,False,0,0,False,True,True,0.4067,1
listing_001137,user_01540,Washing machine works well,Available for inspection before purchase.,514.12,home_appliances,Saint Petersburg,1066,1,4,True,0,4,False,False,False,0.791,0
listing_001138,user_00337,Washer cheap Telegram,"Urgent sale today, write outside the platform.",227.51,home_appliances,Novosibirsk,1,4,13,True,3,1,True,True,True,0.35,1
listing_001139,user_00842,Microwave oven,"Used carefully, normal sale, local pickup is possible.",868.11,home_appliances,Kazan,183,2,4,False,0,4,False,False,False,1.3356,0
listing_001140,user_01424,Microwave oven,"Delivery after deposit, no calls, messenger only.",789.36,home_appliances,Saint Petersburg,1213,3,5,True,0,6,False,True,True,1.2144,0
listing_001141,user_01704,Studio for long term rent,"Urgent sale today, write outside the platform.",74443.25,real_estate,Moscow,531,1,3,True,0,5,False,True,True,0.9926,0
listing_001142,user_00390,Dining table with chairs,"Used carefully, normal sale, local pickup is possible.",360.72,furniture,Sochi,1049,1,8,True,0,3,False,False,False,0.8016,0
listing_001143,user_01358,Gaming laptop with warranty,Available for inspection before purchase.,936.89,electronics,Novosibirsk,684,1,6,True,1,6,False,False,False,1.041,0
listing_001144,user_01349,Dining table with chairs,"Used carefully, normal sale, local pickup is possible.",483.17,furniture,Sochi,132,1,4,True,0,4,False,False,False,1.0737,0
listing_001145,user_00743,New fridge half price urgent,"Delivery after deposit, no calls, messenger only.",383.21,home_appliances,Sochi,0,4,15,False,1,2,False,True,True,0.5896,1
listing_001146,user_01486,Dining table with chairs,"Used carefully, normal sale, local pickup is possible.",173.93,furniture,Novosibirsk,360,1,5,False,1,4,False,False,False,0.3865,0
listing_001147,user_00624,New table prepay reserve,"Prepayment only, contact me in Telegram.",246.18,furniture,Saint Petersburg,18,4,11,False,2,1,True,True,True,0.5471,1
listing_001148,user_01212,Winter jacket lightly used,"Delivery after deposit, no calls, messenger only.",102.06,fashion,Sochi,75,2,6,True,0,4,False,True,True,0.8505,0
listing_001149,user_00047,Toyota Corolla 2016 clean documents,"Personal item, can meet in person and answer questions.",11025.92,vehicles,Novosibirsk,155,0,3,True,1,3,False,False,False,1.2972,0
listing_001150,user_01403,Washing machine works well,Available for inspection before purchase.,523.54,home_appliances,Saint Petersburg,1134,1,6,True,0,6,False,False,False,0.8054,0
listing_001151,user_01796,Luxury jacket original cheap,"Urgent sale today, write outside the platform.",84.0,fashion,Saint Petersburg,1,2,18,False,0,1,False,True,True,0.7,1
listing_001152,user_00335,Sneakers limited urgent,"Prepayment only, contact me in Telegram.",69.77,fashion,Moscow,0,6,23,False,0,1,True,True,True,0.5814,1
listing_001153,user_00761,Wooden desk in good condition,"Used carefully, normal sale, local pickup is possible.",283.7,furniture,Saint Petersburg,518,2,6,True,1,3,False,False,False,0.6304,0
listing_001154,user_00258,Washer cheap Telegram,"Urgent sale today, write outside the platform.",428.65,home_appliances,Kazan,11,4,13,False,1,1,True,True,True,0.6595,1
listing_001155,user_00261,Leather shoes size 42,"Personal item, can meet in person and answer questions.",103.83,fashion,Kazan,145,0,0,True,0,2,False,False,False,0.8652,0
listing_001156,user_01005,Studio for long term rent,"Used carefully, normal sale, local pickup is possible.",100373.66,real_estate,Kazan,644,0,2,True,1,5,False,False,False,1.3383,0
listing_001157,user_01241,Washing machine works well,"Personal item, can meet in person and answer questions.",663.77,home_appliances,Moscow,623,0,2,True,0,4,False,False,False,1.0212,0
listing_001158,user_00942,Used city bike,"Used carefully, normal sale, local pickup is possible.",11077.51,vehicles,Saint Petersburg,1412,0,5,True,0,4,False,False,False,1.3032,0
listing_001159,user_00478,Used iPhone 13 in good condition,"Used carefully, normal sale, local pickup is possible.",970.12,electronics,Moscow,1107,0,3,True,0,5,False,False,False,1.0779,0
listing_001160,user_00536,Studio for long term rent,"Used carefully, normal sale, local pickup is possible.",70477.83,real_estate,Saint Petersburg,822,1,8,False,0,5,False,False,False,0.9397,0
listing_001161,user_01743,Wooden desk in good condition,Available for inspection before purchase.,555.25,furniture,Saint Petersburg,303,3,5,False,0,6,False,False,False,1.2339,0
listing_001162,user_01611,Washing machine works well,"Urgent sale today, write outside the platform.",679.92,home_appliances,Kazan,325,2,6,True,1,5,False,True,True,1.046,0
listing_001163,user_01457,Gaming laptop with warranty,"Used carefully, normal sale, local pickup is possible.",1046.09,electronics,Moscow,549,2,4,False,0,2,False,False,False,1.1623,0
listing_001164,user_00308,Gaming laptop with warranty,"Used carefully, normal sale, local pickup is possible.",1062.16,electronics,Moscow,1343,2,4,False,1,4,False,False,False,1.1802,0
listing_001165,user_01256,Rent urgent contact Telegram,"Delivery after deposit, no calls, messenger only.",36932.95,real_estate,Saint Petersburg,17,4,16,True,0,0,True,True,True,0.4924,1
listing_001166,user_00177,Winter jacket lightly used,Available for inspection before purchase.,101.8,fashion,Moscow,771,2,7,True,0,4,False,False,False,0.8483,0
listing_001167,user_01057,Gaming laptop with warranty,Available for inspection before purchase.,1145.98,electronics,Kazan,392,2,4,True,1,2,False,False,False,1.2733,0
listing_001168,user_01525,Designer sofa very cheap urgent,"Urgent sale today, write outside the platform.",285.86,furniture,Novosibirsk,2,8,24,False,0,0,False,True,True,0.6352,1
listing_001169,user_01524,Rent urgent contact Telegram,"Delivery after deposit, no calls, messenger only.",38294.95,real_estate,Sochi,19,4,18,False,1,1,True,True,True,0.5106,1
listing_001170,user_00913,Dining table with chairs,"Used carefully, normal sale, local pickup is possible.",383.47,furniture,Moscow,1382,0,2,True,0,4,False,False,False,0.8522,0
listing_001171,user_00473,Studio for long term rent,Available for inspection before purchase.,81054.2,real_estate,Novosibirsk,956,4,9,False,1,6,False,False,False,1.0807,0
listing_001172,user_01548,Winter jacket lightly used,"Personal item, can meet in person and answer questions.",43.21,fashion,Moscow,890,0,3,True,0,3,False,False,False,0.3601,0
listing_001173,user_00951,Used iPhone 13 in good condition,"Personal item, can meet in person and answer questions.",796.19,electronics,Moscow,1420,1,4,True,0,5,False,False,False,0.8847,0
listing_001174,user_00239,Used iPhone 13 in good condition,Available for inspection before purchase.,981.03,electronics,Novosibirsk,518,2,7,True,1,3,False,False,False,1.09,0
listing_001175,user_01029,Washer cheap Telegram,"Urgent sale today, write outside the platform.",285.05,home_appliances,Saint Petersburg,9,4,15,True,2,1,True,True,True,0.4385,1
listing_001176,user_01288,Car urgent sale no questions,"Used carefully, normal sale, local pickup is possible.",7500.79,vehicles,Saint Petersburg,420,2,3,True,1,3,False,True,False,0.8824,0
listing_001177,user_01334,Apartment below market prepayment,"Delivery after deposit, no calls, messenger only.",18126.48,real_estate,Saint Petersburg,16,6,13,True,2,0,False,True,True,0.2417,1
listing_001178,user_00224,One bedroom apartment near metro,Available for inspection before purchase.,68281.91,real_estate,Kazan,711,2,6,False,0,2,False,False,False,0.9104,0
listing_001179,user_00400,Used iPhone 13 in good condition,"Personal item, can meet in person and answer questions.",956.47,electronics,Sochi,1324,0,3,True,0,2,False,False,False,1.0627,0
listing_001180,user_00178,Luxury jacket original cheap,"Prepayment only, contact me in Telegram.",67.8,fashion,Moscow,6,7,26,True,3,1,True,True,True,0.565,1
listing_001181,user_00394,Winter jacket lightly used,"Used carefully, normal sale, local pickup is possible.",142.06,fashion,Novosibirsk,812,0,3,False,1,5,False,False,False,1.1838,0
listing_001182,user_01054,Studio for long term rent,"Used carefully, normal sale, local pickup is possible.",81416.54,real_estate,Moscow,702,2,4,False,0,6,False,False,False,1.0856,0
listing_001183,user_01662,Washer cheap Telegram,"Prepayment only, contact me in Telegram.",296.57,home_appliances,Sochi,12,1,20,False,0,1,True,True,True,0.4563,1
listing_001184,user_01389,Winter jacket lightly used,"Used carefully, normal sale, local pickup is possible.",102.69,fashion,Sochi,1345,0,6,False,1,4,False,False,False,0.8558,0
listing_001185,user_00787,Washing machine works well,"Personal item, can meet in person and answer questions.",812.78,home_appliances,Kazan,709,1,2,True,0,4,False,False,False,1.2504,0
listing_001186,user_00582,Used city bike,"Used carefully, normal sale, local pickup is possible.",6722.98,vehicles,Sochi,1281,2,7,False,0,5,False,False,False,0.7909,0
listing_001187,user_01570,Studio for long term rent,"Used carefully, normal sale, local pickup is possible.",85279.9,real_estate,Saint Petersburg,1096,1,3,True,0,2,False,False,False,1.1371,0
listing_001188,user_00083,Gaming laptop with warranty,"Personal item, can meet in person and answer questions.",910.85,electronics,Moscow,410,1,2,True,0,5,False,False,False,1.0121,0
listing_001189,user_01629,Used iPhone 13 in good condition,Available for inspection before purchase.,787.84,electronics,Kazan,819,4,7,True,1,4,False,False,False,0.8754,0
listing_001190,user_00549,Gaming laptop with warranty,Available for inspection before purchase.,1057.0,electronics,Sochi,1014,2,5,True,0,3,False,False,False,1.1744,0
listing_001191,user_01750,iPhone 15 Pro very cheap urgent,"Urgent sale today, write outside the platform.",617.0,electronics,Novosibirsk,9,8,17,False,2,2,False,True,True,0.6856,1
listing_001192,user_01157,Microwave oven,"Personal item, can meet in person and answer questions.",465.83,home_appliances,Sochi,564,0,4,True,0,3,False,False,False,0.7167,0
listing_001193,user_00403,Winter jacket lightly used,"Personal item, can meet in person and answer questions.",116.28,fashion,Moscow,605,0,4,True,0,5,False,False,False,0.969,0
listing_001194,user_01445,Washer cheap Telegram,"Delivery after deposit, no calls, messenger only.",402.34,home_appliances,Novosibirsk,2,2,15,False,1,0,True,True,True,0.619,1
listing_001195,user_00365,Car urgent sale no questions,"Prepayment only, contact me in Telegram.",4061.68,vehicles,Novosibirsk,19,4,18,False,0,1,True,True,True,0.4778,1
listing_001196,user_01075,Sneakers limited urgent,"Prepayment only, contact me in Telegram.",30.18,fashion,Kazan,18,4,16,False,1,1,True,True,True,0.2515,1
listing_001197,user_00860,MacBook sealed prepayment only,"Prepayment only, contact me in Telegram.",390.36,electronics,Moscow,14,6,16,True,4,2,True,True,True,0.4337,1
listing_001198,user_01496,Car urgent sale no questions,"Delivery after deposit, no calls, messenger only.",4077.57,vehicles,Moscow,18,2,15,False,1,2,False,True,True,0.4797,1
listing_001199,user_00679,Studio for long term rent,"Personal item, can meet in person and answer questions.",69241.6,real_estate,Novosibirsk,899,2,4,False,0,2,False,False,False,0.9232,0
listing_001200,user_01146,One bedroom apartment near metro,"Used carefully, normal sale, local pickup is possible.",85794.56,real_estate,Moscow,393,0,5,True,0,2,False,False,False,1.1439,0
listing_001201,user_00167,One bedroom apartment near metro,"Used carefully, normal sale, local pickup is possible.",78747.65,real_estate,Saint Petersburg,204,2,7,False,1,3,False,False,False,1.05,0
listing_001202,user_01640,Wooden desk in good condition,"Used carefully, normal sale, local pickup is possible.",546.82,furniture,Moscow,1415,1,5,False,0,2,False,False,False,1.2152,0
listing_001203,user_01792,Winter jacket lightly used,"Used carefully, normal sale, local pickup is possible.",139.68,fashion,Sochi,1188,1,3,True,0,6,False,False,False,1.164,0
listing_001204,user_00967,Rent urgent contact Telegram,"Delivery after deposit, no calls, messenger only.",28866.66,real_estate,Kazan,4,6,14,False,0,0,True,True,True,0.3849,1
listing_001205,user_01215,Wooden desk in good condition,"Personal item, can meet in person and answer questions.",381.56,furniture,Saint Petersburg,1292,2,6,True,0,6,False,False,False,0.8479,0
listing_001206,user_00249,Used iPhone 13 in good condition,"Personal item, can meet in person and answer questions.",1121.28,electronics,Saint Petersburg,408,2,5,True,0,3,False,False,False,1.2459,0
listing_001207,user_00563,New fridge half price urgent,"Prepayment only, contact me in Telegram.",135.11,home_appliances,Novosibirsk,2,3,17,False,0,2,True,True,True,0.2079,1
listing_001208,user_00314,Leather shoes size 42,"Personal item, can meet in person and answer questions.",137.46,fashion,Novosibirsk,1222,0,3,True,1,2,False,False,False,1.1455,0
listing_001209,user_01663,Designer sofa very cheap urgent,"Personal item, can meet in person and answer questions.",405.88,furniture,Sochi,1175,0,3,True,0,3,False,True,False,0.902,0
listing_001210,user_00280,Used iPhone 13 in good condition,"Used carefully, normal sale, local pickup is possible.",942.57,electronics,Sochi,444,0,2,True,0,4,False,False,False,1.0473,0
listing_001211,user_01367,Microwave oven,Available for inspection before purchase.,899.13,home_appliances,Saint Petersburg,729,2,7,True,0,3,False,False,False,1.3833,0
listing_001212,user_00952,Used city bike,"Delivery after deposit, no calls, messenger only.",8654.28,vehicles,Saint Petersburg,834,0,2,True,0,6,False,True,True,1.0182,0
listing_001213,user_01303,Dining table with chairs,"Personal item, can meet in person and answer questions.",559.99,furniture,Novosibirsk,962,1,2,False,0,2,False,False,False,1.2444,0
listing_001214,user_01186,Microwave oven,Available for inspection before purchase.,884.88,home_appliances,Sochi,356,1,3,True,0,2,False,False,False,1.3614,0
listing_001215,user_00742,Sneakers limited urgent,"Urgent sale today, write outside the platform.",58.21,fashion,Moscow,9,7,21,False,1,1,False,True,True,0.4851,1
listing_001216,user_00565,Dining table with chairs,Available for inspection before purchase.,583.44,furniture,Moscow,1251,1,7,True,0,5,False,False,False,1.2965,0
listing_001217,user_00238,Leather shoes size 42,Available for inspection before purchase.,100.67,fashion,Kazan,437,2,3,True,0,3,False,False,False,0.8389,0
listing_001218,user_01492,Used city bike,"Used carefully, normal sale, local pickup is possible.",6432.96,vehicles,Kazan,982,1,5,True,0,6,False,False,False,0.7568,0
listing_001219,user_00190,iPhone 15 Pro very cheap urgent,"Delivery after deposit, no calls, messenger only.",539.11,electronics,Novosibirsk,12,7,21,False,4,1,False,True,True,0.599,1
listing_001220,user_01287,Used iPhone 13 in good condition,"Urgent sale today, write outside the platform.",738.98,electronics,Moscow,149,3,9,True,1,6,False,True,True,0.8211,0
listing_001221,user_01787,Apartment below market prepayment,"Personal item, can meet in person and answer questions.",97114.99,real_estate,Sochi,359,1,4,True,1,2,False,False,False,1.2949,0
listing_001222,user_01267,Winter jacket lightly used,Available for inspection before purchase.,99.9,fashion,Kazan,1322,2,4,True,0,5,False,False,False,0.8325,0
listing_001223,user_01740,Dining table with chairs,"Delivery after deposit, no calls, messenger only.",587.63,furniture,Kazan,712,2,3,True,0,4,False,True,True,1.3058,0
listing_001224,user_00370,Winter jacket lightly used,"Used carefully, normal sale, local pickup is possible.",142.78,fashion,Moscow,662,1,3,True,0,3,False,False,False,1.1898,0
listing_001225,user_01340,Microwave oven,"Personal item, can meet in person and answer questions.",748.32,home_appliances,Moscow,625,1,4,True,1,6,False,False,False,1.1513,0
listing_001226,user_00377,Gaming laptop with warranty,"Personal item, can meet in person and answer questions.",598.7,electronics,Novosibirsk,328,2,8,False,0,5,False,False,False,0.6652,0
listing_001227,user_00466,Leather shoes size 42,"Personal item, can meet in person and answer questions.",131.36,fashion,Kazan,916,1,7,True,0,2,False,False,False,1.0947,0
listing_001228,user_00981,Rent urgent contact Telegram,"Delivery after deposit, no calls, messenger only.",48902.18,real_estate,Sochi,7,5,21,False,2,1,True,True,True,0.652,1
listing_001229,user_01403,Gaming laptop with warranty,Available for inspection before purchase.,983.79,electronics,Moscow,957,0,0,False,0,4,False,False,False,1.0931,0
listing_001230,user_00247,Washer cheap Telegram,"Urgent sale today, write outside the platform.",262.47,home_appliances,Kazan,14,4,20,False,1,2,True,True,True,0.4038,1
listing_001231,user_00814,One bedroom apartment near metro,"Used carefully, normal sale, local pickup is possible.",70340.09,real_estate,Kazan,346,0,3,True,0,6,False,False,False,0.9379,0
listing_001232,user_00972,Toyota Corolla 2016 clean documents,Available for inspection before purchase.,9567.64,vehicles,Kazan,1100,2,3,False,0,4,False,False,False,1.1256,0
listing_001233,user_01059,Studio for long term rent,Available for inspection before purchase.,76750.15,real_estate,Kazan,1022,2,3,True,0,3,False,False,False,1.0233,0
listing_001234,user_01688,Microwave oven,"Used carefully, normal sale, local pickup is possible.",686.45,home_appliances,Saint Petersburg,1191,1,5,True,0,4,False,False,False,1.0561,0
listing_001235,user_00886,Scooter cheap today only,"Delivery after deposit, no calls, messenger only.",4277.68,vehicles,Novosibirsk,4,3,21,False,0,1,False,True,True,0.5033,1
listing_001236,user_00906,Used city bike,Available for inspection before purchase.,8363.16,vehicles,Moscow,938,0,4,True,1,4,False,False,False,0.9839,0
listing_001237,user_00948,Car urgent sale no questions,"Delivery after deposit, no calls, messenger only.",3054.76,vehicles,Kazan,19,4,25,False,0,1,False,True,True,0.3594,1
listing_001238,user_00951,Wooden desk in good condition,Available for inspection before purchase.,603.05,furniture,Kazan,1177,1,5,True,0,3,False,False,False,1.3401,0
listing_001239,user_00672,Used iPhone 13 in good condition,Available for inspection before purchase.,976.51,electronics,Kazan,782,2,4,True,0,4,False,False,False,1.085,0
listing_001240,user_01762,MacBook sealed prepayment only,"Urgent sale today, write outside the platform.",396.7,electronics,Moscow,4,2,13,False,3,2,False,True,True,0.4408,1
listing_001241,user_01189,Gaming laptop with warranty,"Used carefully, normal sale, local pickup is possible.",1014.68,electronics,Saint Petersburg,1219,1,5,False,0,5,False,False,False,1.1274,0
listing_001242,user_01235,Winter jacket lightly used,"Delivery after deposit, no calls, messenger only.",141.81,fashion,Novosibirsk,295,1,5,True,0,6,False,True,True,1.1818,0
listing_001243,user_01495,New fridge half price urgent,"Delivery after deposit, no calls, messenger only.",169.55,home_appliances,Saint Petersburg,3,10,20,False,1,1,False,True,True,0.2608,1
listing_001244,user_00784,New table prepay reserve,"Urgent sale today, write outside the platform.",98.19,furniture,Sochi,13,11,22,False,1,1,False,True,True,0.2182,1
listing_001245,user_01594,Dining table with chairs,"Personal item, can meet in person and answer questions.",378.14,furniture,Kazan,183,1,3,True,0,4,False,False,False,0.8403,0
listing_001246,user_00432,Dining table with chairs,Available for inspection before purchase.,380.02,furniture,Saint Petersburg,612,1,2,False,0,5,False,False,False,0.8445,0
listing_001247,user_00857,Used city bike,Available for inspection before purchase.,10071.75,vehicles,Moscow,1186,1,3,True,0,2,False,False,False,1.1849,0
listing_001248,user_01474,MacBook sealed prepayment only,"Delivery after deposit, no calls, messenger only.",600.75,electronics,Sochi,14,0,13,False,1,2,False,True,True,0.6675,0
listing_001249,user_00981,Winter jacket lightly used,"Used carefully, normal sale, local pickup is possible.",56.12,fashion,Kazan,82,0,2,True,0,4,False,False,False,0.4677,0
listing_001250,user_01403,Used city bike,"Personal item, can meet in person and answer questions.",9124.33,vehicles,Kazan,644,2,3,True,0,3,False,False,False,1.0735,0
listing_001251,user_01524,Used iPhone 13 in good condition,Available for inspection before purchase.,627.27,electronics,Moscow,146,1,2,False,0,2,False,False,False,0.697,0
listing_001252,user_01779,Car urgent sale no questions,"Urgent sale today, write outside the platform.",5136.94,vehicles,Saint Petersburg,12,6,14,True,2,0,False,True,True,0.6043,0
listing_001253,user_00798,Toyota Corolla 2016 clean documents,"Prepayment only, contact me in Telegram.",10836.02,vehicles,Sochi,1126,0,3,True,0,2,True,True,True,1.2748,0
listing_001254,user_00733,Leather shoes size 42,"Used carefully, normal sale, local pickup is possible.",142.93,fashion,Sochi,276,0,3,False,1,4,False,False,False,1.1911,0
listing_001255,user_00639,Dining table with chairs,"Used carefully, normal sale, local pickup is possible.",624.86,furniture,Sochi,166,2,5,True,0,6,False,False,False,1.3886,0
listing_001256,user_01301,One bedroom apartment near metro,Available for inspection before purchase.,96461.08,real_estate,Sochi,610,1,2,True,0,6,False,False,False,1.2861,0
listing_001257,user_01677,Luxury jacket original cheap,"Personal item, can meet in person and answer questions.",136.01,fashion,Moscow,762,2,4,True,0,4,False,False,False,1.1334,0
listing_001258,user_01104,Used iPhone 13 in good condition,"Used carefully, normal sale, local pickup is possible.",1143.49,electronics,Novosibirsk,520,1,4,True,1,2,False,False,False,1.2705,0
listing_001259,user_00690,Scooter cheap today only,"Urgent sale today, write outside the platform.",2026.06,vehicles,Sochi,8,8,16,False,2,1,False,True,True,0.2384,1
listing_001260,user_01141,Winter jacket lightly used,"Personal item, can meet in person and answer questions.",123.14,fashion,Sochi,103,2,4,True,1,4,False,False,False,1.0262,0
listing_001261,user_01110,Leather shoes size 42,"Personal item, can meet in person and answer questions.",155.06,fashion,Moscow,284,2,4,True,0,3,False,False,False,1.2922,0
listing_001262,user_00732,Rent urgent contact Telegram,"Delivery after deposit, no calls, messenger only.",33562.28,real_estate,Saint Petersburg,13,6,12,False,1,2,True,True,True,0.4475,1
listing_001263,user_00771,One bedroom apartment near metro,Available for inspection before purchase.,91212.89,real_estate,Moscow,1263,1,4,False,0,3,False,False,False,1.2162,0
listing_001264,user_00484,Sneakers limited urgent,"Prepayment only, contact me in Telegram.",69.66,fashion,Novosibirsk,0,4,15,True,5,1,True,True,True,0.5805,1
listing_001265,user_01458,Leather shoes size 42,"Used carefully, normal sale, local pickup is possible.",111.1,fashion,Sochi,1470,0,3,False,1,4,False,False,False,0.9258,0
listing_001266,user_00998,Microwave oven,"Personal item, can meet in person and answer questions.",549.21,home_appliances,Moscow,402,2,7,True,0,2,False,False,False,0.8449,0
listing_001267,user_00935,Car urgent sale no questions,"Delivery after deposit, no calls, messenger only.",3570.01,vehicles,Moscow,1,2,12,False,1,0,False,True,True,0.42,1
listing_001268,user_01788,Gaming laptop with warranty,"Personal item, can meet in person and answer questions.",933.24,electronics,Sochi,1167,2,4,True,0,6,False,False,False,1.0369,0
listing_001269,user_00204,Toyota Corolla 2016 clean documents,Available for inspection before purchase.,11631.42,vehicles,Moscow,87,1,3,False,0,2,False,False,False,1.3684,0
listing_001270,user_00270,Used iPhone 13 in good condition,"Personal item, can meet in person and answer questions.",1133.65,electronics,Kazan,1159,1,3,False,0,2,False,False,False,1.2596,0
listing_001271,user_00969,iPhone 15 Pro very cheap urgent,"Prepayment only, contact me in Telegram.",451.71,electronics,Saint Petersburg,17,11,28,True,1,1,True,True,True,0.5019,1
listing_001272,user_01508,One bedroom apartment near metro,Available for inspection before purchase.,69527.81,real_estate,Novosibirsk,905,0,1,True,0,4,False,False,False,0.927,0
listing_001273,user_01306,One bedroom apartment near metro,Available for inspection before purchase.,76695.02,real_estate,Saint Petersburg,928,1,4,False,0,5,False,False,False,1.0226,0
listing_001274,user_00009,Winter jacket lightly used,"Prepayment only, contact me in Telegram.",152.77,fashion,Kazan,91,1,1,True,0,6,True,True,True,1.2731,0
listing_001275,user_00937,Car urgent sale no questions,"Delivery after deposit, no calls, messenger only.",3493.44,vehicles,Novosibirsk,2,3,21,False,0,0,False,True,True,0.411,1
listing_001276,user_01463,iPhone 15 Pro very cheap urgent,"Prepayment only, contact me in Telegram.",612.6,electronics,Saint Petersburg,16,5,14,False,1,1,True,True,True,0.6807,1
listing_001277,user_01453,Microwave oven,"Personal item, can meet in person and answer questions.",608.76,home_appliances,Sochi,709,2,5,True,0,2,False,False,False,0.9366,0
listing_001278,user_00428,Car urgent sale no questions,Available for inspection before purchase.,7095.9,vehicles,Novosibirsk,700,0,2,False,0,3,False,True,False,0.8348,0
listing_001279,user_00394,Leather shoes size 42,"Urgent sale today, write outside the platform.",52.73,fashion,Novosibirsk,798,0,5,False,0,2,False,True,True,0.4394,0
listing_001280,user_01185,Studio for long term rent,"Used carefully, normal sale, local pickup is possible.",89281.11,real_estate,Novosibirsk,908,1,6,True,0,5,False,False,False,1.1904,0
listing_001281,user_01791,Gaming laptop with warranty,Available for inspection before purchase.,847.11,electronics,Sochi,1327,1,6,True,1,3,False,False,False,0.9412,0
listing_001282,user_01520,Luxury jacket original cheap,"Delivery after deposit, no calls, messenger only.",76.75,fashion,Novosibirsk,6,4,21,True,1,1,False,True,True,0.6396,1
listing_001283,user_01075,Studio for long term rent,"Personal item, can meet in person and answer questions.",66775.47,real_estate,Moscow,190,0,2,True,0,4,False,False,False,0.8903,0
listing_001284,user_00749,Studio for long term rent,"Personal item, can meet in person and answer questions.",66418.79,real_estate,Moscow,478,0,6,True,1,4,False,False,False,0.8856,0
listing_001285,user_00296,Microwave oven,"Delivery after deposit, no calls, messenger only.",615.43,home_appliances,Saint Petersburg,1338,2,6,True,1,3,False,True,True,0.9468,0
listing_001286,user_00899,Apartment below market prepayment,Available for inspection before purchase.,55478.62,real_estate,Kazan,1084,0,3,True,0,6,False,False,False,0.7397,0
listing_001287,user_01238,New table prepay reserve,"Urgent sale today, write outside the platform.",274.85,furniture,Sochi,3,1,17,False,0,1,False,True,True,0.6108,1
listing_001288,user_01274,Luxury jacket original cheap,"Delivery after deposit, no calls, messenger only.",36.75,fashion,Novosibirsk,9,6,18,False,0,1,False,True,True,0.3063,1
listing_001289,user_01756,Toyota Corolla 2016 clean documents,"Used carefully, normal sale, local pickup is possible.",10261.45,vehicles,Kazan,1442,2,5,True,0,4,False,False,False,1.2072,0
listing_001290,user_00492,Toyota Corolla 2016 clean documents,"Personal item, can meet in person and answer questions.",7805.82,vehicles,Moscow,207,0,4,True,0,6,False,False,False,0.9183,0
listing_001291,user_01431,Wooden desk in good condition,"Personal item, can meet in person and answer questions.",439.77,furniture,Moscow,1441,2,3,True,1,2,False,False,False,0.9773,0
listing_001292,user_01761,New fridge half price urgent,"Delivery after deposit, no calls, messenger only.",382.59,home_appliances,Moscow,6,4,16,False,0,1,False,True,True,0.5886,1
listing_001293,user_00493,Microwave oven,Available for inspection before purchase.,611.12,home_appliances,Sochi,580,0,4,True,0,5,False,False,False,0.9402,0
listing_001294,user_00482,New fridge half price urgent,"Delivery after deposit, no calls, messenger only.",208.95,home_appliances,Saint Petersburg,11,1,14,False,1,0,False,True,True,0.3215,1
listing_001295,user_00641,Used iPhone 13 in good condition,"Used carefully, normal sale, local pickup is possible.",896.53,electronics,Moscow,129,0,1,True,0,5,False,False,False,0.9961,0
listing_001296,user_01693,Wooden desk in good condition,"Personal item, can meet in person and answer questions.",262.66,furniture,Sochi,790,0,2,False,0,2,False,False,False,0.5837,0
listing_001297,user_00305,Designer sofa very cheap urgent,"Used carefully, normal sale, local pickup is possible.",487.02,furniture,Novosibirsk,1194,1,1,False,0,4,False,True,False,1.0823,0
listing_001298,user_01601,One bedroom apartment near metro,Available for inspection before purchase.,73613.11,real_estate,Moscow,96,1,2,True,0,3,False,False,False,0.9815,0
listing_001299,user_01139,New table prepay reserve,"Used carefully, normal sale, local pickup is possible.",489.77,furniture,Kazan,1399,1,2,True,0,5,False,False,False,1.0884,0
listing_001300,user_00568,Dining table with chairs,Available for inspection before purchase.,529.19,furniture,Novosibirsk,1475,1,6,True,0,6,False,False,False,1.176,0
listing_001301,user_01161,Gaming laptop with warranty,"Used carefully, normal sale, local pickup is possible.",987.48,electronics,Sochi,670,1,3,True,0,2,False,False,False,1.0972,0
listing_001302,user_00789,Scooter cheap today only,"Delivery after deposit, no calls, messenger only.",3009.89,vehicles,Kazan,2,5,21,False,4,1,False,True,True,0.3541,1
listing_001303,user_01344,Studio for long term rent,Available for inspection before purchase.,64758.52,real_estate,Kazan,1426,3,8,True,0,2,False,False,False,0.8634,0
listing_001304,user_00703,Washing machine works well,"Used carefully, normal sale, local pickup is possible.",525.15,home_appliances,Saint Petersburg,699,0,1,True,0,6,False,False,False,0.8079,0
listing_001305,user_00622,One bedroom apartment near metro,"Used carefully, normal sale, local pickup is possible.",92207.14,real_estate,Kazan,1253,0,6,True,0,4,False,False,False,1.2294,0
listing_001306,user_01635,Rent urgent contact Telegram,"Delivery after deposit, no calls, messenger only.",28883.7,real_estate,Sochi,5,8,21,False,4,0,True,True,True,0.3851,1
listing_001307,user_01742,Used city bike,Available for inspection before purchase.,8466.07,vehicles,Kazan,287,0,2,False,0,6,False,False,False,0.996,0
listing_001308,user_00906,Car urgent sale no questions,"Prepayment only, contact me in Telegram.",5688.74,vehicles,Sochi,5,5,15,False,1,1,True,True,True,0.6693,1
listing_001309,user_01790,Washing machine works well,"Used carefully, normal sale, local pickup is possible.",564.52,home_appliances,Saint Petersburg,608,1,4,True,0,6,False,False,False,0.8685,0
listing_001310,user_01507,Rent urgent contact Telegram,"Delivery after deposit, no calls, messenger only.",14346.75,real_estate,Moscow,11,3,12,False,1,1,True,True,True,0.1913,1
listing_001311,user_01337,Used iPhone 13 in good condition,Available for inspection before purchase.,906.34,electronics,Kazan,974,0,5,True,0,5,False,False,False,1.007,0
listing_001312,user_01597,Winter jacket lightly used,"Personal item, can meet in person and answer questions.",125.41,fashion,Novosibirsk,794,2,6,True,0,5,False,False,False,1.0451,0
listing_001313,user_01677,iPhone 15 Pro very cheap urgent,"Delivery after deposit, no calls, messenger only.",263.84,electronics,Novosibirsk,17,2,16,False,0,0,False,True,True,0.2932,1
listing_001314,user_00632,New table prepay reserve,"Delivery after deposit, no calls, messenger only.",301.77,furniture,Saint Petersburg,18,2,18,True,1,2,False,True,True,0.6706,0
listing_001315,user_01585,Leather shoes size 42,"Personal item, can meet in person and answer questions.",116.86,fashion,Novosibirsk,494,0,2,False,0,6,False,False,False,0.9738,0
listing_001316,user_00313,Car urgent sale no questions,"Delivery after deposit, no calls, messenger only.",2430.1,vehicles,Moscow,5,5,17,False,1,1,False,True,True,0.2859,1
listing_001317,user_01618,Winter jacket lightly used,"Personal item, can meet in person and answer questions.",121.53,fashion,Kazan,1309,0,4,True,1,2,False,False,False,1.0128,0
listing_001318,user_00720,Washer cheap Telegram,"Urgent sale today, write outside the platform.",206.49,home_appliances,Moscow,10,3,23,False,0,2,True,True,True,0.3177,1
listing_001319,user_01749,Used iPhone 13 in good condition,Available for inspection before purchase.,1053.42,electronics,Novosibirsk,586,0,1,True,0,6,False,False,False,1.1705,0
listing_001320,user_01250,Winter jacket lightly used,"Personal item, can meet in person and answer questions.",115.06,fashion,Kazan,66,1,6,False,0,2,False,False,False,0.9588,0
listing_001321,user_01325,Wooden desk in good condition,"Used carefully, normal sale, local pickup is possible.",556.42,furniture,Moscow,372,2,6,True,0,5,False,False,False,1.2365,0
listing_001322,user_00524,Dining table with chairs,Available for inspection before purchase.,547.49,furniture,Kazan,662,1,3,True,1,6,False,False,False,1.2166,0
listing_001323,user_00205,Used city bike,"Used carefully, normal sale, local pickup is possible.",7553.5,vehicles,Moscow,318,0,3,True,0,3,False,False,False,0.8886,0
listing_001324,user_01657,Sneakers limited urgent,"Urgent sale today, write outside the platform.",63.51,fashion,Saint Petersburg,14,2,12,False,4,1,False,True,True,0.5292,1
listing_001325,user_00145,One bedroom apartment near metro,Available for inspection before purchase.,84775.63,real_estate,Saint Petersburg,342,0,2,False,0,4,False,False,False,1.1303,0
listing_001326,user_00154,Rent urgent contact Telegram,"Delivery after deposit, no calls, messenger only.",29882.83,real_estate,Novosibirsk,13,6,17,False,0,1,True,True,True,0.3984,1
listing_001327,user_00410,Gaming laptop with warranty,Available for inspection before purchase.,726.5,electronics,Saint Petersburg,1424,1,4,True,1,2,False,False,False,0.8072,0
listing_001328,user_01610,Studio for long term rent,"Used carefully, normal sale, local pickup is possible.",58487.16,real_estate,Novosibirsk,214,0,2,True,0,4,False,False,False,0.7798,0
listing_001329,user_00434,Designer sofa very cheap urgent,"Prepayment only, contact me in Telegram.",277.91,furniture,Saint Petersburg,0,2,14,True,3,0,True,True,True,0.6176,1
listing_001330,user_01710,Microwave oven,"Personal item, can meet in person and answer questions.",740.34,home_appliances,Moscow,966,3,9,True,0,3,False,False,False,1.139,0
listing_001331,user_01295,iPhone 15 Pro very cheap urgent,"Prepayment only, contact me in Telegram.",457.13,electronics,Novosibirsk,8,3,17,False,0,1,True,True,True,0.5079,1
listing_001332,user_01448,Leather shoes size 42,"Urgent sale today, write outside the platform.",86.59,fashion,Sochi,60,0,5,True,1,2,False,True,True,0.7216,0
listing_001333,user_00097,Microwave oven,Available for inspection before purchase.,593.17,home_appliances,Moscow,692,0,5,True,0,6,False,False,False,0.9126,0
listing_001334,user_01705,Toyota Corolla 2016 clean documents,"Personal item, can meet in person and answer questions.",10464.36,vehicles,Novosibirsk,1270,1,3,True,0,5,False,False,False,1.2311,0
listing_001335,user_00404,Wooden desk in good condition,Available for inspection before purchase.,591.62,furniture,Kazan,1245,1,4,True,0,5,False,False,False,1.3147,0
listing_001336,user_00559,Sneakers limited urgent,"Prepayment only, contact me in Telegram.",52.95,fashion,Kazan,18,7,24,False,3,1,True,True,True,0.4413,1
listing_001337,user_01762,Dining table with chairs,Available for inspection before purchase.,406.27,furniture,Kazan,270,0,3,True,0,3,False,False,False,0.9028,0
listing_001338,user_01724,Washer cheap Telegram,"Used carefully, normal sale, local pickup is possible.",560.92,home_appliances,Saint Petersburg,416,2,2,True,0,5,True,False,True,0.863,0
listing_001339,user_00052,Scooter cheap today only,Available for inspection before purchase.,8994.77,vehicles,Kazan,156,0,3,True,0,5,False,True,False,1.0582,0
listing_001340,user_00214,Used city bike,Available for inspection before purchase.,8680.43,vehicles,Moscow,1002,2,5,True,1,6,False,False,False,1.0212,0
listing_001341,user_00093,New table prepay reserve,"Urgent sale today, write outside the platform.",139.87,furniture,Moscow,0,4,17,False,1,2,False,True,True,0.3108,1
listing_001342,user_01407,Dining table with chairs,"Personal item, can meet in person and answer questions.",416.0,furniture,Kazan,69,3,4,True,0,6,False,False,False,0.9244,0
listing_001343,user_00737,Washer cheap Telegram,"Personal item, can meet in person and answer questions.",675.44,home_appliances,Moscow,308,4,10,True,0,5,True,False,True,1.0391,0
listing_001344,user_01077,Used iPhone 13 in good condition,"Personal item, can meet in person and answer questions.",1170.96,electronics,Moscow,561,2,3,True,1,3,False,False,False,1.3011,0
listing_001345,user_01755,Winter jacket lightly used,"Delivery after deposit, no calls, messenger only.",157.82,fashion,Kazan,737,3,4,True,0,6,False,True,True,1.3152,0
listing_001346,user_01587,Used city bike,Available for inspection before purchase.,8393.24,vehicles,Moscow,1250,0,3,False,0,6,False,False,False,0.9874,0
listing_001347,user_01684,Dining table with chairs,"Used carefully, normal sale, local pickup is possible.",534.46,furniture,Saint Petersburg,433,0,2,True,1,2,False,False,False,1.1877,0
listing_001348,user_01067,Wooden desk in good condition,"Delivery after deposit, no calls, messenger only.",183.51,furniture,Novosibirsk,479,1,4,False,0,4,False,True,True,0.4078,1
listing_001349,user_01528,Gaming laptop with warranty,"Used carefully, normal sale, local pickup is possible.",739.43,electronics,Novosibirsk,568,0,3,True,0,6,False,False,False,0.8216,0
listing_001350,user_00025,MacBook sealed prepayment only,"Prepayment only, contact me in Telegram.",482.02,electronics,Kazan,9,2,18,True,2,2,True,True,True,0.5356,1
listing_001351,user_01650,Rent urgent contact Telegram,Available for inspection before purchase.,69216.23,real_estate,Moscow,241,5,8,True,0,3,True,True,True,0.9229,0
listing_001352,user_00697,Luxury jacket original cheap,"Prepayment only, contact me in Telegram.",70.41,fashion,Saint Petersburg,18,4,16,False,2,2,True,True,True,0.5867,1
listing_001353,user_00940,Gaming laptop with warranty,"Used carefully, normal sale, local pickup is possible.",1130.42,electronics,Moscow,1397,0,2,True,0,2,False,False,False,1.256,0
listing_001354,user_01135,Wooden desk in good condition,Available for inspection before purchase.,576.19,furniture,Sochi,1164,1,5,True,0,6,False,False,False,1.2804,0
listing_001355,user_00478,Used city bike,Available for inspection before purchase.,9184.82,vehicles,Moscow,1248,1,3,True,0,3,False,False,False,1.0806,0
listing_001356,user_01683,Rent urgent contact Telegram,"Delivery after deposit, no calls, messenger only.",13665.83,real_estate,Saint Petersburg,19,8,12,False,2,1,True,True,True,0.1822,1
listing_001357,user_01083,Winter jacket lightly used,"Personal item, can meet in person and answer questions.",113.36,fashion,Moscow,106,1,3,True,0,3,False,False,False,0.9447,0
listing_001358,user_00646,New table prepay reserve,"Prepayment only, contact me in Telegram.",215.19,furniture,Saint Petersburg,3,2,20,False,3,0,True,True,True,0.4782,1
listing_001359,user_01623,Rent urgent contact Telegram,"Urgent sale today, write outside the platform.",44116.3,real_estate,Sochi,5,6,19,False,2,1,True,True,True,0.5882,1
listing_001360,user_00919,Gaming laptop with warranty,"Used carefully, normal sale, local pickup is possible.",1061.1,electronics,Saint Petersburg,1427,1,4,True,0,6,False,False,False,1.179,0
listing_001361,user_00402,Apartment below market prepayment,"Delivery after deposit, no calls, messenger only.",41163.8,real_estate,Moscow,14,2,10,False,1,2,False,True,True,0.5489,1
listing_001362,user_01207,Wooden desk in good condition,"Personal item, can meet in person and answer questions.",525.69,furniture,Sochi,258,2,4,True,0,5,False,False,False,1.1682,0
listing_001363,user_01239,Winter jacket lightly used,"Urgent sale today, write outside the platform.",132.42,fashion,Novosibirsk,499,2,3,False,1,2,False,True,True,1.1035,0
listing_001364,user_01054,Luxury jacket original cheap,"Prepayment only, contact me in Telegram.",20.54,fashion,Moscow,13,4,14,False,2,1,True,True,True,0.1712,1
listing_001365,user_01360,Used iPhone 13 in good condition,"Personal item, can meet in person and answer questions.",748.53,electronics,Novosibirsk,1289,0,3,True,1,6,False,False,False,0.8317,0
listing_001366,user_01307,Designer sofa very cheap urgent,"Urgent sale today, write outside the platform.",128.62,furniture,Moscow,7,3,16,False,1,1,False,True,True,0.2858,1
listing_001367,user_00609,Winter jacket lightly used,Available for inspection before purchase.,146.29,fashion,Kazan,1143,1,4,True,0,3,False,False,False,1.2191,0
listing_001368,user_00623,Used city bike,Available for inspection before purchase.,9826.54,vehicles,Sochi,824,0,3,True,0,2,False,False,False,1.1561,0
listing_001369,user_00715,One bedroom apartment near metro,"Used carefully, normal sale, local pickup is possible.",72869.19,real_estate,Novosibirsk,796,0,6,False,1,6,False,False,False,0.9716,0
listing_001370,user_01239,Toyota Corolla 2016 clean documents,"Personal item, can meet in person and answer questions.",5747.57,vehicles,Kazan,701,0,1,True,0,3,False,False,False,0.6762,0
listing_001371,user_00042,Sneakers limited urgent,"Urgent sale today, write outside the platform.",55.06,fashion,Saint Petersburg,18,6,17,False,0,1,False,True,True,0.4588,1
listing_001372,user_01465,Toyota Corolla 2016 clean documents,"Personal item, can meet in person and answer questions.",10012.51,vehicles,Moscow,1315,1,4,True,1,3,False,False,False,1.1779,0
listing_001373,user_00448,Luxury jacket original cheap,"Urgent sale today, write outside the platform.",34.56,fashion,Moscow,11,8,18,True,2,2,False,True,True,0.288,1
listing_001374,user_01583,Microwave oven,"Used carefully, normal sale, local pickup is possible.",499.56,home_appliances,Novosibirsk,552,1,5,False,0,5,False,False,False,0.7686,0
listing_001375,user_00202,One bedroom apartment near metro,"Prepayment only, contact me in Telegram.",86084.1,real_estate,Moscow,251,2,8,True,0,2,True,True,True,1.1478,0
listing_001376,user_01341,Microwave oven,"Used carefully, normal sale, local pickup is possible.",789.75,home_appliances,Novosibirsk,810,3,6,False,0,6,False,False,False,1.215,0
listing_001377,user_00891,Used iPhone 13 in good condition,Available for inspection before purchase.,680.93,electronics,Kazan,111,1,7,True,0,2,False,False,False,0.7566,0
listing_001378,user_00388,Used iPhone 13 in good condition,Available for inspection before purchase.,802.92,electronics,Moscow,1239,4,5,True,1,6,False,False,False,0.8921,0
listing_001379,user_01386,Sneakers limited urgent,"Delivery after deposit, no calls, messenger only.",77.71,fashion,Novosibirsk,15,6,26,False,1,2,False,True,True,0.6476,1
listing_001380,user_01289,Scooter cheap today only,"Prepayment only, contact me in Telegram.",1949.19,vehicles,Novosibirsk,10,5,20,False,2,2,True,True,True,0.2293,1
listing_001381,user_00874,Wooden desk in good condition,"Personal item, can meet in person and answer questions.",343.46,furniture,Novosibirsk,702,2,2,True,1,2,False,False,False,0.7632,0
listing_001382,user_00704,Toyota Corolla 2016 clean documents,"Used carefully, normal sale, local pickup is possible.",8978.94,vehicles,Sochi,829,0,8,True,0,2,False,False,False,1.0563,0
listing_001383,user_00585,Used iPhone 13 in good condition,"Personal item, can meet in person and answer questions.",975.37,electronics,Sochi,464,1,11,True,0,2,False,False,False,1.0837,0
listing_001384,user_01726,Studio for long term rent,"Personal item, can meet in person and answer questions.",91460.52,real_estate,Saint Petersburg,1216,0,2,True,0,3,False,False,False,1.2195,0
listing_001385,user_01461,Sneakers limited urgent,"Delivery after deposit, no calls, messenger only.",23.8,fashion,Moscow,9,6,12,False,0,1,False,True,True,0.1983,1
listing_001386,user_00290,Car urgent sale no questions,"Urgent sale today, write outside the platform.",6120.88,vehicles,Sochi,15,1,15,False,2,1,False,True,True,0.7201,1
listing_001387,user_00531,iPhone 15 Pro very cheap urgent,"Delivery after deposit, no calls, messenger only.",305.98,electronics,Saint Petersburg,0,1,9,True,1,0,False,True,True,0.34,1
listing_001388,user_00203,Washing machine works well,"Used carefully, normal sale, local pickup is possible.",772.29,home_appliances,Moscow,867,2,4,True,0,6,False,False,False,1.1881,0
listing_001389,user_01393,Toyota Corolla 2016 clean documents,"Personal item, can meet in person and answer questions.",8797.28,vehicles,Kazan,490,1,2,True,0,4,False,False,False,1.035,0
listing_001390,user_01638,Scooter cheap today only,"Prepayment only, contact me in Telegram.",2930.36,vehicles,Moscow,5,3,15,False,1,1,True,True,True,0.3447,1
listing_001391,user_00434,iPhone 15 Pro very cheap urgent,"Delivery after deposit, no calls, messenger only.",356.13,electronics,Saint Petersburg,12,3,16,False,0,1,False,True,True,0.3957,1
listing_001392,user_01352,Used iPhone 13 in good condition,"Used carefully, normal sale, local pickup is possible.",798.45,electronics,Moscow,1319,0,2,False,0,4,False,False,False,0.8872,0
listing_001393,user_00203,Used iPhone 13 in good condition,Available for inspection before purchase.,795.72,electronics,Moscow,894,2,6,True,0,6,False,False,False,0.8841,0
listing_001394,user_00750,Car urgent sale no questions,"Prepayment only, contact me in Telegram.",4567.15,vehicles,Sochi,19,13,22,False,0,2,True,True,True,0.5373,1
listing_001395,user_00236,Leather shoes size 42,"Used carefully, normal sale, local pickup is possible.",137.09,fashion,Sochi,737,2,3,True,1,5,False,False,False,1.1424,0
listing_001396,user_00259,Washing machine works well,Available for inspection before purchase.,848.13,home_appliances,Saint Petersburg,936,2,5,True,0,5,False,False,False,1.3048,0
listing_001397,user_01054,Studio for long term rent,"Used carefully, normal sale, local pickup is possible.",41175.51,real_estate,Kazan,214,2,5,True,0,2,False,False,False,0.549,0
listing_001398,user_01375,Studio for long term rent,Available for inspection before purchase.,92916.34,real_estate,Saint Petersburg,479,1,6,True,1,4,False,False,False,1.2389,0
listing_001399,user_01566,Rent urgent contact Telegram,"Delivery after deposit, no calls, messenger only.",30864.17,real_estate,Saint Petersburg,15,1,11,False,0,2,True,True,True,0.4115,1
listing_001400,user_01625,iPhone 15 Pro very cheap urgent,"Prepayment only, contact me in Telegram.",265.88,electronics,Novosibirsk,15,5,17,False,2,1,True,True,True,0.2954,1
listing_001401,user_00910,Sneakers limited urgent,"Prepayment only, contact me in Telegram.",56.27,fashion,Moscow,1,7,16,False,2,0,True,True,True,0.4689,1
listing_001402,user_00744,Leather shoes size 42,Available for inspection before purchase.,144.95,fashion,Sochi,361,0,4,True,0,4,False,False,False,1.2079,0
listing_001403,user_00170,Used iPhone 13 in good condition,Available for inspection before purchase.,890.79,electronics,Novosibirsk,158,3,8,False,0,5,False,False,False,0.9898,0
listing_001404,user_00275,Microwave oven,"Used carefully, normal sale, local pickup is possible.",747.4,home_appliances,Moscow,1334,0,4,True,0,5,False,False,False,1.1498,0
listing_001405,user_01290,Wooden desk in good condition,Available for inspection before purchase.,537.88,furniture,Saint Petersburg,1062,2,3,True,0,6,False,False,False,1.1953,0
listing_001406,user_01305,Winter jacket lightly used,Available for inspection before purchase.,167.62,fashion,Kazan,800,1,6,True,0,6,False,False,False,1.3968,0
listing_001407,user_01021,Wooden desk in good condition,"Used carefully, normal sale, local pickup is possible.",447.16,furniture,Moscow,53,0,2,True,0,5,False,False,False,0.9937,0
listing_001408,user_00428,New table prepay reserve,"Prepayment only, contact me in Telegram.",301.62,furniture,Sochi,20,5,18,False,1,2,True,True,True,0.6703,1
listing_001409,user_00855,Wooden desk in good condition,"Used carefully, normal sale, local pickup is possible.",510.83,furniture,Sochi,261,3,5,True,1,6,False,False,False,1.1352,0
listing_001410,user_00425,Used iPhone 13 in good condition,Available for inspection before purchase.,1229.37,electronics,Moscow,459,1,3,True,1,2,False,False,False,1.366,0
listing_001411,user_01238,iPhone 15 Pro very cheap urgent,"Delivery after deposit, no calls, messenger only.",508.43,electronics,Kazan,9,3,10,False,2,1,False,True,True,0.5649,1
listing_001412,user_01515,iPhone 15 Pro very cheap urgent,"Prepayment only, contact me in Telegram.",331.79,electronics,Saint Petersburg,14,4,14,False,2,1,True,True,True,0.3687,1
listing_001413,user_00909,Used city bike,Available for inspection before purchase.,11381.24,vehicles,Sochi,38,1,3,True,0,3,False,False,False,1.339,0
listing_001414,user_00866,Leather shoes size 42,Available for inspection before purchase.,88.7,fashion,Sochi,905,3,8,True,0,2,False,False,False,0.7392,0
listing_001415,user_00846,Winter jacket lightly used,"Personal item, can meet in person and answer questions.",106.35,fashion,Novosibirsk,683,1,7,True,0,6,False,False,False,0.8862,0
listing_001416,user_00943,MacBook sealed prepayment only,"Prepayment only, contact me in Telegram.",163.85,electronics,Kazan,11,3,16,False,1,1,True,True,True,0.1821,1
listing_001417,user_00856,Used city bike,"Used carefully, normal sale, local pickup is possible.",7328.57,vehicles,Saint Petersburg,1253,1,2,True,0,4,False,False,False,0.8622,0
listing_001418,user_01484,Leather shoes size 42,"Personal item, can meet in person and answer questions.",137.3,fashion,Sochi,340,1,4,True,1,3,False,False,False,1.1442,0
listing_001419,user_01605,Dining table with chairs,"Personal item, can meet in person and answer questions.",442.7,furniture,Moscow,1254,0,2,True,0,5,False,False,False,0.9838,0
listing_001420,user_00469,Scooter cheap today only,"Delivery after deposit, no calls, messenger only.",2373.6,vehicles,Kazan,10,8,18,False,2,1,False,True,True,0.2792,1
listing_001421,user_00787,Washing machine works well,Available for inspection before purchase.,511.34,home_appliances,Saint Petersburg,800,1,6,True,0,2,False,False,False,0.7867,0
listing_001422,user_01455,Apartment below market prepayment,"Delivery after deposit, no calls, messenger only.",17517.21,real_estate,Kazan,1,4,11,True,1,1,False,True,True,0.2336,1
listing_001423,user_01161,Leather shoes size 42,Available for inspection before purchase.,144.06,fashion,Sochi,773,2,4,True,0,6,False,False,False,1.2005,0
listing_001424,user_00726,One bedroom apartment near metro,"Personal item, can meet in person and answer questions.",72441.34,real_estate,Novosibirsk,996,2,7,True,1,3,False,False,False,0.9659,0
listing_001425,user_01354,Studio for long term rent,"Personal item, can meet in person and answer questions.",86880.49,real_estate,Novosibirsk,1344,0,5,False,0,2,False,False,False,1.1584,0
listing_001426,user_00023,One bedroom apartment near metro,Available for inspection before purchase.,93122.47,real_estate,Novosibirsk,1174,0,3,True,0,6,False,False,False,1.2416,0
listing_001427,user_00085,Winter jacket lightly used,Available for inspection before purchase.,130.66,fashion,Novosibirsk,267,0,1,True,0,2,False,False,False,1.0888,0
listing_001428,user_00890,Used city bike,"Personal item, can meet in person and answer questions.",7909.7,vehicles,Saint Petersburg,899,3,5,True,1,2,False,False,False,0.9306,0
listing_001429,user_00832,Leather shoes size 42,Available for inspection before purchase.,122.64,fashion,Sochi,52,1,4,False,1,6,False,False,False,1.022,0
listing_001430,user_01250,Washing machine works well,"Personal item, can meet in person and answer questions.",496.35,home_appliances,Moscow,1253,1,4,False,0,5,False,False,False,0.7636,0
listing_001431,user_01303,Rent urgent contact Telegram,"Delivery after deposit, no calls, messenger only.",35571.48,real_estate,Moscow,5,6,18,True,1,1,True,True,True,0.4743,1
listing_001432,user_01377,Designer sofa very cheap urgent,"Delivery after deposit, no calls, messenger only.",202.79,furniture,Saint Petersburg,7,4,15,False,1,1,False,True,True,0.4506,1
listing_001433,user_00182,Microwave oven,"Prepayment only, contact me in Telegram.",595.01,home_appliances,Moscow,1222,2,7,False,0,4,True,True,True,0.9154,0
listing_001434,user_00548,Luxury jacket original cheap,Available for inspection before purchase.,115.94,fashion,Saint Petersburg,914,0,4,True,1,3,False,False,False,0.9662,0
listing_001435,user_01339,Gaming laptop with warranty,Available for inspection before purchase.,1089.85,electronics,Kazan,1065,1,6,True,1,6,False,False,False,1.2109,0
listing_001436,user_01641,Microwave oven,"Used carefully, normal sale, local pickup is possible.",648.4,home_appliances,Saint Petersburg,1269,2,9,False,0,5,False,False,False,0.9975,0
listing_001437,user_01580,Microwave oven,"Personal item, can meet in person and answer questions.",672.63,home_appliances,Saint Petersburg,1407,2,3,True,0,6,False,False,False,1.0348,0
listing_001438,user_00677,Studio for long term rent,"Personal item, can meet in person and answer questions.",57373.77,real_estate,Sochi,838,1,4,True,0,6,False,False,False,0.765,0
listing_001439,user_01613,Used city bike,"Used carefully, normal sale, local pickup is possible.",10641.98,vehicles,Saint Petersburg,1448,2,4,True,0,3,False,False,False,1.252,0
listing_001440,user_00750,Used city bike,"Personal item, can meet in person and answer questions.",11558.44,vehicles,Sochi,1492,2,2,True,0,2,False,False,False,1.3598,0
listing_001441,user_00878,Winter jacket lightly used,"Urgent sale today, write outside the platform.",117.84,fashion,Saint Petersburg,1143,1,4,True,0,5,False,True,True,0.982,0
listing_001442,user_00728,Studio for long term rent,Available for inspection before purchase.,87318.4,real_estate,Novosibirsk,735,2,4,True,1,2,False,False,False,1.1642,0
listing_001443,user_00492,Studio for long term rent,"Used carefully, normal sale, local pickup is possible.",56124.56,real_estate,Saint Petersburg,1260,0,5,True,1,6,False,False,False,0.7483,0
listing_001444,user_00427,Microwave oven,"Used carefully, normal sale, local pickup is possible.",692.49,home_appliances,Novosibirsk,1003,1,1,False,0,6,False,False,False,1.0654,0
listing_001445,user_01548,One bedroom apartment near metro,Available for inspection before purchase.,87649.48,real_estate,Saint Petersburg,565,1,6,True,0,3,False,False,False,1.1687,0
listing_001446,user_00608,Wooden desk in good condition,"Used carefully, normal sale, local pickup is possible.",435.79,furniture,Saint Petersburg,1198,0,3,True,0,5,False,False,False,0.9684,0
listing_001447,user_00253,Leather shoes size 42,Available for inspection before purchase.,124.46,fashion,Novosibirsk,63,0,0,True,0,5,False,False,False,1.0372,0
listing_001448,user_01233,Dining table with chairs,"Personal item, can meet in person and answer questions.",411.48,furniture,Sochi,1324,1,7,True,0,4,False,False,False,0.9144,0
listing_001449,user_00717,MacBook sealed prepayment only,"Prepayment only, contact me in Telegram.",590.26,electronics,Moscow,17,9,16,False,0,1,True,True,True,0.6558,1
listing_001450,user_00933,Toyota Corolla 2016 clean documents,Available for inspection before purchase.,6946.66,vehicles,Moscow,1206,1,4,False,0,5,False,False,False,0.8173,0
listing_001451,user_01610,Washing machine works well,"Personal item, can meet in person and answer questions.",837.77,home_appliances,Kazan,300,5,8,True,0,2,False,False,False,1.2889,0
listing_001452,user_00870,Dining table with chairs,"Used carefully, normal sale, local pickup is possible.",432.01,furniture,Moscow,1189,0,4,True,0,4,False,False,False,0.96,0
listing_001453,user_01068,Studio for long term rent,Available for inspection before purchase.,77700.52,real_estate,Sochi,399,3,6,True,0,5,False,False,False,1.036,0
listing_001454,user_00440,Winter jacket lightly used,"Personal item, can meet in person and answer questions.",156.26,fashion,Kazan,319,2,4,False,0,6,False,False,False,1.3022,0
listing_001455,user_00895,Dining table with chairs,"Prepayment only, contact me in Telegram.",249.58,furniture,Kazan,673,0,4,True,1,5,True,True,True,0.5546,1
listing_001456,user_01643,Used city bike,"Personal item, can meet in person and answer questions.",8119.91,vehicles,Moscow,189,0,4,True,1,6,False,False,False,0.9553,0
listing_001457,user_00416,Wooden desk in good condition,"Used carefully, normal sale, local pickup is possible.",433.88,furniture,Sochi,878,2,5,True,0,3,False,False,False,0.9642,0
listing_001458,user_01107,Winter jacket lightly used,"Used carefully, normal sale, local pickup is possible.",118.63,fashion,Saint Petersburg,1208,1,2,True,0,4,False,False,False,0.9886,0
listing_001459,user_00433,New table prepay reserve,"Urgent sale today, write outside the platform.",170.87,furniture,Sochi,19,4,19,True,1,0,False,True,True,0.3797,1
listing_001460,user_00531,Car urgent sale no questions,"Delivery after deposit, no calls, messenger only.",4487.93,vehicles,Kazan,8,4,19,False,2,1,False,True,True,0.528,1
listing_001461,user_00617,Studio for long term rent,Available for inspection before purchase.,75084.2,real_estate,Sochi,631,0,4,True,0,2,False,False,False,1.0011,0
listing_001462,user_00293,Apartment below market prepayment,"Delivery after deposit, no calls, messenger only.",32603.71,real_estate,Moscow,9,10,21,True,2,0,False,True,True,0.4347,1
listing_001463,user_00739,Gaming laptop with warranty,Available for inspection before purchase.,584.18,electronics,Kazan,415,1,6,True,0,3,False,False,False,0.6491,0
listing_001464,user_00279,Rent urgent contact Telegram,"Prepayment only, contact me in Telegram.",32152.48,real_estate,Saint Petersburg,10,3,19,False,1,1,True,True,True,0.4287,1
listing_001465,user_01306,Dining table with chairs,"Personal item, can meet in person and answer questions.",477.76,furniture,Kazan,1041,0,2,False,1,3,False,False,False,1.0617,0
listing_001466,user_01084,Dining table with chairs,"Used carefully, normal sale, local pickup is possible.",429.39,furniture,Kazan,164,1,3,True,0,5,False,False,False,0.9542,0
listing_001467,user_00117,MacBook sealed prepayment only,"Delivery after deposit, no calls, messenger only.",287.34,electronics,Novosibirsk,15,10,21,True,4,1,False,True,True,0.3193,1
listing_001468,user_01329,MacBook sealed prepayment only,"Delivery after deposit, no calls, messenger only.",488.23,electronics,Moscow,5,3,15,False,2,2,False,True,True,0.5425,1
listing_001469,user_01337,Toyota Corolla 2016 clean documents,"Personal item, can meet in person and answer questions.",10329.09,vehicles,Saint Petersburg,1490,0,4,True,0,4,False,False,False,1.2152,0
listing_001470,user_00448,Studio for long term rent,Available for inspection before purchase.,71081.41,real_estate,Novosibirsk,970,5,11,True,1,2,False,False,False,0.9478,0
listing_001471,user_00768,Washing machine works well,"Prepayment only, contact me in Telegram.",555.72,home_appliances,Kazan,1142,1,5,False,0,6,True,True,True,0.855,0
listing_001472,user_00689,Leather shoes size 42,Available for inspection before purchase.,141.96,fashion,Sochi,590,1,4,True,0,6,False,False,False,1.183,0
listing_001473,user_01066,Leather shoes size 42,"Urgent sale today, write outside the platform.",166.67,fashion,Sochi,497,0,1,True,0,5,False,True,True,1.3889,0
listing_001474,user_00421,Dining table with chairs,"Used carefully, normal sale, local pickup is possible.",600.62,furniture,Saint Petersburg,64,1,3,True,1,2,False,False,False,1.3347,0
listing_001475,user_00564,Microwave oven,"Personal item, can meet in person and answer questions.",747.44,home_appliances,Kazan,839,0,3,False,1,5,False,False,False,1.1499,0
listing_001476,user_00143,Used iPhone 13 in good condition,"Used carefully, normal sale, local pickup is possible.",789.3,electronics,Kazan,1362,1,5,False,0,2,False,False,False,0.877,0
listing_001477,user_00313,Microwave oven,Available for inspection before purchase.,729.46,home_appliances,Kazan,452,3,6,True,0,5,False,False,False,1.1222,0
listing_001478,user_01267,Wooden desk in good condition,"Urgent sale today, write outside the platform.",338.04,furniture,Moscow,1110,0,5,False,0,2,False,True,True,0.7512,0
listing_001479,user_00846,Used iPhone 13 in good condition,"Personal item, can meet in person and answer questions.",1063.57,electronics,Moscow,976,1,5,True,1,5,False,False,False,1.1817,0
listing_001480,user_00914,Washing machine works well,"Used carefully, normal sale, local pickup is possible.",827.89,home_appliances,Saint Petersburg,334,1,3,True,0,4,False,False,False,1.2737,0
listing_001481,user_00763,Washing machine works well,"Personal item, can meet in person and answer questions.",688.08,home_appliances,Sochi,502,2,2,True,0,5,False,False,False,1.0586,0
listing_001482,user_00538,Car urgent sale no questions,"Urgent sale today, write outside the platform.",2299.61,vehicles,Saint Petersburg,1,5,17,False,0,0,False,True,True,0.2705,1
listing_001483,user_00257,Apartment below market prepayment,"Used carefully, normal sale, local pickup is possible.",78489.27,real_estate,Novosibirsk,950,2,8,True,1,6,False,False,False,1.0465,0
listing_001484,user_01197,Toyota Corolla 2016 clean documents,"Personal item, can meet in person and answer questions.",9247.04,vehicles,Kazan,309,0,2,True,1,3,False,False,False,1.0879,0
listing_001485,user_00828,Dining table with chairs,"Prepayment only, contact me in Telegram.",507.84,furniture,Kazan,586,1,3,True,0,4,True,True,True,1.1285,0
listing_001486,user_00028,Wooden desk in good condition,"Used carefully, normal sale, local pickup is possible.",469.96,furniture,Kazan,826,1,1,True,0,6,False,False,False,1.0444,0
listing_001487,user_00760,Microwave oven,"Used carefully, normal sale, local pickup is possible.",749.02,home_appliances,Kazan,721,0,6,True,0,4,False,False,False,1.1523,0
listing_001488,user_01324,One bedroom apartment near metro,Available for inspection before purchase.,73828.33,real_estate,Saint Petersburg,935,1,11,True,0,6,False,False,False,0.9844,0
listing_001489,user_00190,Used city bike,"Used carefully, normal sale, local pickup is possible.",11791.89,vehicles,Moscow,1373,2,8,True,0,3,False,False,False,1.3873,0
listing_001490,user_00145,Dining table with chairs,Available for inspection before purchase.,451.99,furniture,Saint Petersburg,565,2,7,True,0,2,False,False,False,1.0044,0
listing_001491,user_00217,Designer sofa very cheap urgent,"Urgent sale today, write outside the platform.",316.41,furniture,Kazan,9,4,14,False,0,1,False,True,True,0.7031,0
listing_001492,user_00711,iPhone 15 Pro very cheap urgent,"Urgent sale today, write outside the platform.",624.16,electronics,Sochi,4,5,14,False,1,2,False,True,True,0.6935,1
listing_001493,user_01358,Washing machine works well,Available for inspection before purchase.,795.49,home_appliances,Moscow,506,0,3,True,0,4,False,False,False,1.2238,0
listing_001494,user_00285,Studio for long term rent,"Prepayment only, contact me in Telegram.",74733.24,real_estate,Sochi,408,1,3,True,1,3,True,True,True,0.9964,0
listing_001495,user_01672,MacBook sealed prepayment only,"Urgent sale today, write outside the platform.",237.53,electronics,Saint Petersburg,15,4,18,True,2,0,False,True,True,0.2639,1
listing_001496,user_01657,Dining table with chairs,Available for inspection before purchase.,471.22,furniture,Kazan,1271,2,3,True,0,2,False,False,False,1.0472,0
listing_001497,user_00538,Microwave oven,"Urgent sale today, write outside the platform.",714.14,home_appliances,Sochi,330,1,3,False,1,5,False,True,True,1.0987,0
listing_001498,user_00117,New table prepay reserve,"Urgent sale today, write outside the platform.",195.7,furniture,Kazan,18,3,9,False,0,0,False,True,True,0.4349,1
listing_001499,user_00564,Used city bike,"Personal item, can meet in person and answer questions.",10214.11,vehicles,Moscow,627,0,2,True,0,5,False,False,False,1.2017,0
listing_001500,user_01068,Washer cheap Telegram,"Urgent sale today, write outside the platform.",321.73,home_appliances,Saint Petersburg,6,5,15,False,1,1,True,True,True,0.495,1
listing_001501,user_01701,Leather shoes size 42,"Personal item, can meet in person and answer questions.",135.55,fashion,Moscow,1489,1,5,True,0,5,False,False,False,1.1296,0
listing_001502,user_01742,Microwave oven,"Personal item, can meet in person and answer questions.",504.07,home_appliances,Saint Petersburg,627,0,4,True,0,3,False,False,False,0.7755,0
listing_001503,user_01054,Leather shoes size 42,Available for inspection before purchase.,122.37,fashion,Kazan,169,0,0,True,1,3,False,False,False,1.0197,0
listing_001504,user_00923,Leather shoes size 42,"Used carefully, normal sale, local pickup is possible.",168.33,fashion,Sochi,893,0,5,True,0,4,False,False,False,1.4028,0
listing_001505,user_01349,Leather shoes size 42,Available for inspection before purchase.,134.69,fashion,Moscow,934,2,7,True,0,6,False,False,False,1.1224,0
listing_001506,user_00230,New fridge half price urgent,"Personal item, can meet in person and answer questions.",848.44,home_appliances,Novosibirsk,992,1,5,True,0,6,False,True,False,1.3053,0
listing_001507,user_00322,Dining table with chairs,"Personal item, can meet in person and answer questions.",619.43,furniture,Saint Petersburg,796,0,4,False,1,6,False,False,False,1.3765,0
listing_001508,user_01528,Microwave oven,"Used carefully, normal sale, local pickup is possible.",673.15,home_appliances,Saint Petersburg,1293,0,3,False,0,5,False,False,False,1.0356,0
listing_001509,user_01435,Sneakers limited urgent,"Delivery after deposit, no calls, messenger only.",82.64,fashion,Novosibirsk,17,3,18,False,2,1,False,True,True,0.6887,1
listing_001510,user_00775,Wooden desk in good condition,"Personal item, can meet in person and answer questions.",451.49,furniture,Moscow,671,1,2,False,0,6,False,False,False,1.0033,0
listing_001511,user_00278,Apartment below market prepayment,"Urgent sale today, write outside the platform.",14798.11,real_estate,Novosibirsk,2,6,16,False,2,1,False,True,True,0.1973,1
listing_001512,user_01609,Studio for long term rent,"Personal item, can meet in person and answer questions.",84087.42,real_estate,Novosibirsk,1291,0,2,True,0,2,False,False,False,1.1212,0
listing_001513,user_01245,Dining table with chairs,"Used carefully, normal sale, local pickup is possible.",410.0,furniture,Novosibirsk,1494,0,4,True,0,5,False,False,False,0.9111,0
listing_001514,user_00018,Leather shoes size 42,"Used carefully, normal sale, local pickup is possible.",95.9,fashion,Novosibirsk,695,1,4,True,0,4,False,False,False,0.7992,0
listing_001515,user_01443,New fridge half price urgent,"Prepayment only, contact me in Telegram.",442.23,home_appliances,Novosibirsk,19,2,16,True,2,0,True,True,True,0.6804,1
listing_001516,user_01143,Washing machine works well,"Urgent sale today, write outside the platform.",667.15,home_appliances,Novosibirsk,454,1,3,True,1,4,False,True,True,1.0264,0
listing_001517,user_00615,New table prepay reserve,"Prepayment only, contact me in Telegram.",178.63,furniture,Saint Petersburg,11,5,18,False,2,1,True,True,True,0.397,1
listing_001518,user_01144,Dining table with chairs,Available for inspection before purchase.,544.52,furniture,Novosibirsk,1121,0,2,True,0,4,False,False,False,1.21,0
listing_001519,user_00938,Wooden desk in good condition,"Used carefully, normal sale, local pickup is possible.",469.98,furniture,Moscow,802,2,4,True,0,5,False,False,False,1.0444,0
listing_001520,user_00282,Sneakers limited urgent,"Prepayment only, contact me in Telegram.",63.7,fashion,Sochi,7,5,11,False,1,1,True,True,True,0.5308,1
listing_001521,user_01338,Car urgent sale no questions,"Urgent sale today, write outside the platform.",5261.99,vehicles,Sochi,9,4,18,False,1,1,False,True,True,0.6191,1
listing_001522,user_01270,New table prepay reserve,"Urgent sale today, write outside the platform.",128.43,furniture,Moscow,11,4,13,False,0,0,False,True,True,0.2854,1
listing_001523,user_01679,Dining table with chairs,"Personal item, can meet in person and answer questions.",335.76,furniture,Novosibirsk,217,0,8,True,1,2,False,False,False,0.7461,0
listing_001524,user_00351,New table prepay reserve,"Urgent sale today, write outside the platform.",171.98,furniture,Saint Petersburg,1,9,22,False,3,1,False,True,True,0.3822,1
listing_001525,user_00889,New table prepay reserve,"Delivery after deposit, no calls, messenger only.",227.6,furniture,Novosibirsk,10,6,14,False,2,2,False,True,True,0.5058,1
listing_001526,user_01236,Toyota Corolla 2016 clean documents,"Personal item, can meet in person and answer questions.",8584.26,vehicles,Saint Petersburg,365,0,2,True,0,2,False,False,False,1.0099,0
listing_001527,user_00161,Used iPhone 13 in good condition,"Personal item, can meet in person and answer questions.",1045.38,electronics,Saint Petersburg,1181,0,6,True,1,2,False,False,False,1.1615,0
listing_001528,user_00669,Wooden desk in good condition,"Personal item, can meet in person and answer questions.",474.32,furniture,Sochi,871,1,4,True,1,3,False,False,False,1.054,0
listing_001529,user_00812,Toyota Corolla 2016 clean documents,Available for inspection before purchase.,4406.18,vehicles,Sochi,630,1,2,True,0,3,False,False,False,0.5184,0
listing_001530,user_01655,iPhone 15 Pro very cheap urgent,"Urgent sale today, write outside the platform.",559.15,electronics,Moscow,14,5,11,False,1,1,False,True,True,0.6213,1
listing_001531,user_00747,Sneakers limited urgent,"Prepayment only, contact me in Telegram.",24.67,fashion,Saint Petersburg,5,5,17,False,2,0,True,True,True,0.2056,1
listing_001532,user_00911,Sneakers limited urgent,"Delivery after deposit, no calls, messenger only.",23.57,fashion,Moscow,3,6,12,False,2,1,False,True,True,0.1964,1
listing_001533,user_01188,Gaming laptop with warranty,"Personal item, can meet in person and answer questions.",1151.0,electronics,Sochi,452,1,6,True,1,3,False,False,False,1.2789,0
listing_001534,user_00511,One bedroom apartment near metro,"Used carefully, normal sale, local pickup is possible.",68273.56,real_estate,Moscow,201,0,6,True,1,4,False,False,False,0.9103,0
listing_001535,user_01778,Luxury jacket original cheap,"Delivery after deposit, no calls, messenger only.",69.91,fashion,Moscow,12,5,16,False,3,0,False,True,True,0.5826,1
listing_001536,user_01756,Washing machine works well,Available for inspection before purchase.,550.89,home_appliances,Saint Petersburg,717,2,4,False,0,4,False,False,False,0.8475,0
listing_001537,user_00334,iPhone 15 Pro very cheap urgent,"Urgent sale today, write outside the platform.",655.33,electronics,Saint Petersburg,0,2,14,True,0,2,False,True,True,0.7281,0
listing_001538,user_00294,Studio for long term rent,"Used carefully, normal sale, local pickup is possible.",27333.1,real_estate,Sochi,1033,3,4,True,1,3,False,False,False,0.3644,0
listing_001539,user_00295,Dining table with chairs,"Used carefully, normal sale, local pickup is possible.",280.86,furniture,Kazan,739,0,4,True,0,2,False,False,False,0.6241,0
listing_001540,user_00254,Leather shoes size 42,Available for inspection before purchase.,98.08,fashion,Sochi,418,1,4,True,0,3,False,False,False,0.8173,0
listing_001541,user_00612,New fridge half price urgent,"Urgent sale today, write outside the platform.",168.84,home_appliances,Novosibirsk,10,7,19,False,2,2,False,True,True,0.2598,1
listing_001542,user_00551,Used city bike,Available for inspection before purchase.,11508.95,vehicles,Kazan,948,0,0,True,0,4,False,False,False,1.354,0
listing_001543,user_00730,One bedroom apartment near metro,"Personal item, can meet in person and answer questions.",73553.97,real_estate,Kazan,623,1,6,True,1,4,False,False,False,0.9807,0
listing_001544,user_00221,Leather shoes size 42,"Used carefully, normal sale, local pickup is possible.",135.8,fashion,Saint Petersburg,544,1,4,True,0,2,False,False,False,1.1317,0
listing_001545,user_01243,Microwave oven,Available for inspection before purchase.,543.52,home_appliances,Saint Petersburg,1380,1,7,True,0,4,False,False,False,0.8362,0
listing_001546,user_00258,New table prepay reserve,"Delivery after deposit, no calls, messenger only.",228.83,furniture,Saint Petersburg,5,5,14,False,1,1,False,True,True,0.5085,1
listing_001547,user_00980,Studio for long term rent,"Used carefully, normal sale, local pickup is possible.",78460.32,real_estate,Novosibirsk,1266,0,1,True,0,4,False,False,False,1.0461,0
listing_001548,user_00868,Used city bike,"Used carefully, normal sale, local pickup is possible.",7846.91,vehicles,Moscow,1237,1,3,True,0,3,False,False,False,0.9232,0
listing_001549,user_01188,Designer sofa very cheap urgent,"Urgent sale today, write outside the platform.",253.6,furniture,Kazan,20,6,21,True,1,0,False,True,True,0.5636,1
listing_001550,user_00167,Car urgent sale no questions,"Delivery after deposit, no calls, messenger only.",3938.51,vehicles,Novosibirsk,3,4,19,False,0,1,False,True,True,0.4634,1
listing_001551,user_01594,Wooden desk in good condition,"Personal item, can meet in person and answer questions.",575.92,furniture,Novosibirsk,700,3,5,True,0,3,False,False,False,1.2798,0
listing_001552,user_01163,Dining table with chairs,"Used carefully, normal sale, local pickup is possible.",608.94,furniture,Sochi,508,2,5,True,1,6,False,False,False,1.3532,0
listing_001553,user_00104,Washer cheap Telegram,"Delivery after deposit, no calls, messenger only.",333.84,home_appliances,Kazan,3,8,22,True,1,2,True,True,True,0.5136,1
listing_001554,user_01318,Gaming laptop with warranty,Available for inspection before purchase.,936.0,electronics,Saint Petersburg,612,1,4,True,0,3,False,False,False,1.04,0
listing_001555,user_01052,One bedroom apartment near metro,"Personal item, can meet in person and answer questions.",89898.18,real_estate,Novosibirsk,1295,0,3,True,0,3,False,False,False,1.1986,0
listing_001556,user_01670,Gaming laptop with warranty,"Personal item, can meet in person and answer questions.",460.2,electronics,Novosibirsk,1053,0,5,True,1,5,False,False,False,0.5113,0
listing_001557,user_00337,Toyota Corolla 2016 clean documents,"Personal item, can meet in person and answer questions.",9700.46,vehicles,Kazan,1186,1,7,True,0,3,False,False,False,1.1412,0
listing_001558,user_00953,Used iPhone 13 in good condition,"Personal item, can meet in person and answer questions.",1195.3,electronics,Kazan,63,0,3,True,0,5,False,False,False,1.3281,0
listing_001559,user_01007,Rent urgent contact Telegram,"Prepayment only, contact me in Telegram.",37248.25,real_estate,Kazan,18,5,16,False,3,1,True,True,True,0.4966,1
listing_001560,user_00091,Leather shoes size 42,"Used carefully, normal sale, local pickup is possible.",132.02,fashion,Kazan,147,1,4,True,0,6,False,False,False,1.1002,0
listing_001561,user_00786,Winter jacket lightly used,"Used carefully, normal sale, local pickup is possible.",137.36,fashion,Novosibirsk,631,0,4,True,0,2,False,False,False,1.1447,0
listing_001562,user_00376,Leather shoes size 42,"Used carefully, normal sale, local pickup is possible.",141.87,fashion,Sochi,637,0,3,True,0,3,False,False,False,1.1823,0
listing_001563,user_00787,Leather shoes size 42,"Personal item, can meet in person and answer questions.",135.51,fashion,Kazan,409,2,3,True,0,3,False,False,False,1.1292,0
listing_001564,user_01619,One bedroom apartment near metro,Available for inspection before purchase.,77106.13,real_estate,Novosibirsk,1098,2,4,True,0,5,False,False,False,1.0281,0
listing_001565,user_01087,Gaming laptop with warranty,"Used carefully, normal sale, local pickup is possible.",1052.31,electronics,Saint Petersburg,994,0,5,True,0,2,False,False,False,1.1692,0
listing_001566,user_01671,Used city bike,Available for inspection before purchase.,9215.38,vehicles,Kazan,116,1,6,True,0,3,False,False,False,1.0842,0
listing_001567,user_01764,MacBook sealed prepayment only,"Prepayment only, contact me in Telegram.",596.21,electronics,Novosibirsk,19,4,9,False,1,2,True,True,True,0.6625,1
listing_001568,user_01253,Used city bike,"Personal item, can meet in person and answer questions.",8517.18,vehicles,Sochi,188,2,4,True,0,4,False,False,False,1.002,0
listing_001569,user_00728,Washer cheap Telegram,"Urgent sale today, write outside the platform.",269.46,home_appliances,Kazan,1,6,29,False,1,0,True,True,True,0.4146,1
listing_001570,user_00952,One bedroom apartment near metro,"Prepayment only, contact me in Telegram.",100098.4,real_estate,Saint Petersburg,1383,2,3,False,0,3,True,True,True,1.3346,0
listing_001571,user_00394,Used iPhone 13 in good condition,"Urgent sale today, write outside the platform.",1012.24,electronics,Novosibirsk,565,0,4,True,0,4,False,True,True,1.1247,0
listing_001572,user_00505,One bedroom apartment near metro,"Urgent sale today, write outside the platform.",54428.27,real_estate,Saint Petersburg,33,2,6,True,0,3,False,True,True,0.7257,0
listing_001573,user_01255,Used iPhone 13 in good condition,"Used carefully, normal sale, local pickup is possible.",1000.11,electronics,Moscow,642,1,3,True,1,6,False,False,False,1.1112,0
listing_001574,user_01070,Winter jacket lightly used,"Personal item, can meet in person and answer questions.",124.03,fashion,Novosibirsk,299,1,4,True,1,2,False,False,False,1.0336,0
listing_001575,user_00952,Toyota Corolla 2016 clean documents,Available for inspection before purchase.,6707.23,vehicles,Novosibirsk,1069,1,2,False,0,3,False,False,False,0.7891,0
listing_001576,user_00588,Used city bike,"Used carefully, normal sale, local pickup is possible.",6499.08,vehicles,Novosibirsk,618,2,6,True,0,3,False,False,False,0.7646,0
listing_001577,user_00818,Toyota Corolla 2016 clean documents,"Personal item, can meet in person and answer questions.",7405.32,vehicles,Kazan,377,1,1,False,0,2,False,False,False,0.8712,0
listing_001578,user_01462,Toyota Corolla 2016 clean documents,"Personal item, can meet in person and answer questions.",11057.04,vehicles,Sochi,840,2,8,False,1,3,False,False,False,1.3008,0
listing_001579,user_00644,Toyota Corolla 2016 clean documents,Available for inspection before purchase.,8258.32,vehicles,Moscow,301,2,3,False,0,2,False,False,False,0.9716,0
listing_001580,user_00531,Gaming laptop with warranty,"Personal item, can meet in person and answer questions.",929.78,electronics,Novosibirsk,1472,0,2,True,1,5,False,False,False,1.0331,0
listing_001581,user_00213,MacBook sealed prepayment only,"Prepayment only, contact me in Telegram.",206.58,electronics,Novosibirsk,4,4,12,True,1,1,True,True,True,0.2295,1
listing_001582,user_01601,New fridge half price urgent,"Used carefully, normal sale, local pickup is possible.",840.47,home_appliances,Kazan,457,2,4,True,0,3,False,True,False,1.293,0
listing_001583,user_01507,iPhone 15 Pro very cheap urgent,"Prepayment only, contact me in Telegram.",552.02,electronics,Novosibirsk,1,4,19,True,2,1,True,True,True,0.6134,1
listing_001584,user_00369,MacBook sealed prepayment only,"Delivery after deposit, no calls, messenger only.",652.19,electronics,Novosibirsk,8,4,18,False,1,2,False,True,True,0.7247,1
listing_001585,user_00884,iPhone 15 Pro very cheap urgent,"Urgent sale today, write outside the platform.",169.2,electronics,Sochi,8,7,23,False,2,1,False,True,True,0.188,1
listing_001586,user_00355,Used city bike,"Used carefully, normal sale, local pickup is possible.",10905.21,vehicles,Novosibirsk,796,0,7,True,0,3,False,False,False,1.283,0
listing_001587,user_00511,iPhone 15 Pro very cheap urgent,"Urgent sale today, write outside the platform.",547.85,electronics,Sochi,18,4,19,False,1,0,False,True,True,0.6087,1
listing_001588,user_01125,Toyota Corolla 2016 clean documents,"Used carefully, normal sale, local pickup is possible.",9681.13,vehicles,Sochi,464,1,7,False,0,4,False,False,False,1.139,0
listing_001589,user_00609,Microwave oven,"Used carefully, normal sale, local pickup is possible.",874.69,home_appliances,Moscow,1031,0,4,False,1,2,False,False,False,1.3457,0
listing_001590,user_01605,Apartment below market prepayment,Available for inspection before purchase.,82182.9,real_estate,Novosibirsk,149,0,1,False,0,2,False,False,False,1.0958,0
listing_001591,user_00144,Gaming laptop with warranty,"Urgent sale today, write outside the platform.",1130.58,electronics,Kazan,1196,1,5,True,0,2,False,True,True,1.2562,0
listing_001592,user_00268,Washing machine works well,Available for inspection before purchase.,693.5,home_appliances,Kazan,1251,5,8,True,0,5,False,False,False,1.0669,0
listing_001593,user_00058,Toyota Corolla 2016 clean documents,Available for inspection before purchase.,11943.55,vehicles,Novosibirsk,374,0,2,False,0,4,False,False,False,1.4051,0
listing_001594,user_00027,Apartment below market prepayment,"Prepayment only, contact me in Telegram.",52897.91,real_estate,Moscow,11,1,9,True,1,1,True,True,True,0.7053,1
listing_001595,user_00218,New fridge half price urgent,"Prepayment only, contact me in Telegram.",118.49,home_appliances,Sochi,19,6,17,False,3,0,True,True,True,0.1823,1
listing_001596,user_00458,Used city bike,Available for inspection before purchase.,11340.04,vehicles,Novosibirsk,140,0,2,True,0,6,False,False,False,1.3341,0
listing_001597,user_01129,Studio for long term rent,Available for inspection before purchase.,57826.01,real_estate,Sochi,1028,1,3,True,0,5,False,False,False,0.771,0
listing_001598,user_00335,Winter jacket lightly used,"Personal item, can meet in person and answer questions.",129.99,fashion,Saint Petersburg,44,1,6,True,0,4,False,False,False,1.0833,0
listing_001599,user_01534,Studio for long term rent,"Used carefully, normal sale, local pickup is possible.",103240.16,real_estate,Sochi,362,2,3,True,1,5,False,False,False,1.3765,0
listing_001600,user_01642,Toyota Corolla 2016 clean documents,"Delivery after deposit, no calls, messenger only.",11241.94,vehicles,Moscow,886,0,6,True,0,4,False,True,True,1.3226,0
listing_001601,user_00745,Toyota Corolla 2016 clean documents,"Personal item, can meet in person and answer questions.",7238.53,vehicles,Kazan,284,1,7,True,0,5,False,False,False,0.8516,0
listing_001602,user_00273,Winter jacket lightly used,Available for inspection before purchase.,164.77,fashion,Moscow,1437,1,5,True,0,6,False,False,False,1.3731,0
listing_001603,user_01527,Sneakers limited urgent,"Delivery after deposit, no calls, messenger only.",80.41,fashion,Saint Petersburg,16,5,15,False,1,1,False,True,True,0.6701,1
listing_001604,user_00471,iPhone 15 Pro very cheap urgent,"Urgent sale today, write outside the platform.",245.74,electronics,Kazan,5,5,15,False,3,1,False,True,True,0.273,1
listing_001605,user_00503,Used city bike,Available for inspection before purchase.,9332.94,vehicles,Sochi,740,1,3,True,1,6,False,False,False,1.098,0
listing_001606,user_00996,Washing machine works well,"Personal item, can meet in person and answer questions.",591.96,home_appliances,Sochi,647,2,5,True,0,2,False,False,False,0.9107,0
listing_001607,user_00264,Washing machine works well,"Personal item, can meet in person and answer questions.",877.12,home_appliances,Novosibirsk,1025,1,3,True,0,5,False,False,False,1.3494,0
listing_001608,user_01527,One bedroom apartment near metro,"Used carefully, normal sale, local pickup is possible.",87281.21,real_estate,Saint Petersburg,911,0,2,False,1,6,False,False,False,1.1637,0
listing_001609,user_01788,Microwave oven,"Used carefully, normal sale, local pickup is possible.",616.62,home_appliances,Saint Petersburg,1441,0,5,True,0,4,False,False,False,0.9486,0
listing_001610,user_01381,Washing machine works well,"Prepayment only, contact me in Telegram.",716.33,home_appliances,Sochi,470,2,5,True,0,3,True,True,True,1.102,0
listing_001611,user_00762,Washer cheap Telegram,"Personal item, can meet in person and answer questions.",738.79,home_appliances,Saint Petersburg,670,1,3,True,1,6,True,False,True,1.1366,0
listing_001612,user_01107,Rent urgent contact Telegram,"Urgent sale today, write outside the platform.",56165.04,real_estate,Novosibirsk,17,7,16,False,1,1,True,True,True,0.7489,1
listing_001613,user_01305,Used iPhone 13 in good condition,Available for inspection before purchase.,835.22,electronics,Sochi,911,3,5,True,0,4,False,False,False,0.928,0
listing_001614,user_00762,Toyota Corolla 2016 clean documents,"Used carefully, normal sale, local pickup is possible.",7465.86,vehicles,Sochi,1040,3,7,True,0,2,False,False,False,0.8783,0
listing_001615,user_01246,Rent urgent contact Telegram,"Delivery after deposit, no calls, messenger only.",37235.55,real_estate,Novosibirsk,5,1,13,False,1,1,True,True,True,0.4965,1
listing_001616,user_00842,Washing machine works well,"Delivery after deposit, no calls, messenger only.",702.93,home_appliances,Novosibirsk,967,2,4,True,0,5,False,True,True,1.0814,0
listing_001617,user_00715,Microwave oven,"Used carefully, normal sale, local pickup is possible.",555.9,home_appliances,Kazan,1114,1,3,True,0,2,False,False,False,0.8552,0
listing_001618,user_00462,Washing machine works well,Available for inspection before purchase.,668.4,home_appliances,Sochi,702,1,5,False,0,5,False,False,False,1.0283,0
listing_001619,user_01118,Toyota Corolla 2016 clean documents,Available for inspection before purchase.,7540.41,vehicles,Moscow,241,2,4,False,0,6,False,False,False,0.8871,0
listing_001620,user_01114,iPhone 15 Pro very cheap urgent,"Delivery after deposit, no calls, messenger only.",654.67,electronics,Kazan,19,7,18,False,2,1,False,True,True,0.7274,1
listing_001621,user_00400,Used city bike,"Personal item, can meet in person and answer questions.",10140.01,vehicles,Saint Petersburg,795,0,2,True,0,5,False,False,False,1.1929,0
listing_001622,user_00598,Sneakers limited urgent,"Delivery after deposit, no calls, messenger only.",37.58,fashion,Novosibirsk,10,6,16,False,1,0,False,True,True,0.3132,1
listing_001623,user_00461,MacBook sealed prepayment only,"Delivery after deposit, no calls, messenger only.",537.37,electronics,Sochi,12,7,16,False,2,0,False,True,True,0.5971,1
listing_001624,user_00669,Leather shoes size 42,"Used carefully, normal sale, local pickup is possible.",146.44,fashion,Saint Petersburg,921,2,3,False,0,5,False,False,False,1.2203,0
listing_001625,user_01553,Luxury jacket original cheap,"Urgent sale today, write outside the platform.",76.44,fashion,Moscow,10,1,10,False,1,0,False,True,True,0.637,0
listing_001626,user_00431,Toyota Corolla 2016 clean documents,Available for inspection before purchase.,11137.0,vehicles,Kazan,141,3,5,True,0,6,False,False,False,1.3102,0
listing_001627,user_00464,Luxury jacket original cheap,"Urgent sale today, write outside the platform.",79.88,fashion,Saint Petersburg,3,5,19,False,2,1,False,True,True,0.6657,1
listing_001628,user_00278,Used iPhone 13 in good condition,Available for inspection before purchase.,342.84,electronics,Moscow,1035,2,2,True,0,6,False,False,False,0.3809,0
listing_001629,user_00897,Designer sofa very cheap urgent,"Urgent sale today, write outside the platform.",265.16,furniture,Saint Petersburg,1,5,22,False,1,2,False,True,True,0.5892,1
listing_001630,user_00708,iPhone 15 Pro very cheap urgent,"Urgent sale today, write outside the platform.",237.17,electronics,Kazan,9,2,16,True,1,2,False,True,True,0.2635,1
listing_001631,user_01256,Washing machine works well,"Personal item, can meet in person and answer questions.",897.31,home_appliances,Saint Petersburg,1159,2,7,True,0,4,False,False,False,1.3805,0
listing_001632,user_01555,Studio for long term rent,"Personal item, can meet in person and answer questions.",92507.43,real_estate,Sochi,1273,2,5,True,0,4,False,False,False,1.2334,0
listing_001633,user_00229,Leather shoes size 42,Available for inspection before purchase.,136.41,fashion,Moscow,955,4,6,True,0,3,False,False,False,1.1367,0
listing_001634,user_01729,Washing machine works well,"Personal item, can meet in person and answer questions.",548.38,home_appliances,Kazan,217,0,6,False,1,5,False,False,False,0.8437,0
listing_001635,user_00768,Winter jacket lightly used,"Used carefully, normal sale, local pickup is possible.",99.95,fashion,Sochi,32,1,2,True,1,2,False,False,False,0.8329,0
listing_001636,user_01503,Car urgent sale no questions,"Delivery after deposit, no calls, messenger only.",3892.62,vehicles,Moscow,6,4,17,False,2,0,False,True,True,0.458,1
listing_001637,user_00348,Winter jacket lightly used,Available for inspection before purchase.,96.91,fashion,Novosibirsk,1494,2,8,True,0,5,False,False,False,0.8076,0
listing_001638,user_00958,Wooden desk in good condition,Available for inspection before purchase.,537.36,furniture,Sochi,840,1,5,True,1,2,False,False,False,1.1941,0
listing_001639,user_00225,Washing machine works well,"Used carefully, normal sale, local pickup is possible.",782.45,home_appliances,Novosibirsk,568,3,7,True,1,2,False,False,False,1.2038,0
listing_001640,user_01178,Winter jacket lightly used,Available for inspection before purchase.,137.62,fashion,Sochi,1402,0,2,True,1,4,False,False,False,1.1468,0
listing_001641,user_00481,Leather shoes size 42,"Prepayment only, contact me in Telegram.",116.92,fashion,Kazan,594,1,3,True,1,5,True,True,True,0.9743,0
listing_001642,user_01238,Leather shoes size 42,"Personal item, can meet in person and answer questions.",157.95,fashion,Sochi,203,1,5,False,0,4,False,False,False,1.3162,0
listing_001643,user_00505,Winter jacket lightly used,Available for inspection before purchase.,135.89,fashion,Saint Petersburg,1108,0,5,True,0,3,False,False,False,1.1324,0
listing_001644,user_00028,Studio for long term rent,"Delivery after deposit, no calls, messenger only.",87249.38,real_estate,Kazan,926,2,5,False,0,6,False,True,True,1.1633,0
listing_001645,user_00166,Dining table with chairs,Available for inspection before purchase.,589.26,furniture,Moscow,807,1,4,True,0,4,False,False,False,1.3095,0
listing_001646,user_00911,New table prepay reserve,"Urgent sale today, write outside the platform.",221.35,furniture,Sochi,18,5,21,False,0,1,False,True,True,0.4919,1
listing_001647,user_01285,Designer sofa very cheap urgent,"Delivery after deposit, no calls, messenger only.",212.09,furniture,Saint Petersburg,18,1,8,False,0,0,False,True,True,0.4713,1
listing_001648,user_00220,Gaming laptop with warranty,"Personal item, can meet in person and answer questions.",766.27,electronics,Saint Petersburg,1282,3,4,False,0,3,False,False,False,0.8514,0
listing_001649,user_01276,Used iPhone 13 in good condition,Available for inspection before purchase.,793.94,electronics,Moscow,104,0,4,True,0,2,False,False,False,0.8822,0
listing_001650,user_01769,Used iPhone 13 in good condition,"Used carefully, normal sale, local pickup is possible.",1097.74,electronics,Moscow,337,3,8,False,1,3,False,False,False,1.2197,0
listing_001651,user_00025,Leather shoes size 42,"Personal item, can meet in person and answer questions.",108.5,fashion,Novosibirsk,493,1,1,True,0,5,False,False,False,0.9042,0
listing_001652,user_01567,Studio for long term rent,"Personal item, can meet in person and answer questions.",61503.26,real_estate,Kazan,1267,2,5,True,1,6,False,False,False,0.82,0
listing_001653,user_00409,Used iPhone 13 in good condition,Available for inspection before purchase.,372.47,electronics,Sochi,54,1,2,True,1,5,False,False,False,0.4139,0
listing_001654,user_01342,Washing machine works well,"Prepayment only, contact me in Telegram.",739.54,home_appliances,Saint Petersburg,1430,2,3,True,0,4,True,True,True,1.1378,0
listing_001655,user_00846,New table prepay reserve,"Delivery after deposit, no calls, messenger only.",232.94,furniture,Kazan,2,5,14,False,2,0,False,True,True,0.5176,1
listing_001656,user_01114,Winter jacket lightly used,"Personal item, can meet in person and answer questions.",114.41,fashion,Novosibirsk,324,1,6,True,0,3,False,False,False,0.9534,0
listing_001657,user_00979,Apartment below market prepayment,"Delivery after deposit, no calls, messenger only.",21771.23,real_estate,Kazan,15,4,17,False,1,0,False,True,True,0.2903,1
listing_001658,user_01601,Studio for long term rent,Available for inspection before purchase.,75765.09,real_estate,Novosibirsk,56,1,3,True,1,3,False,False,False,1.0102,0
listing_001659,user_01038,Washing machine works well,"Personal item, can meet in person and answer questions.",643.23,home_appliances,Novosibirsk,1486,1,5,True,0,3,False,False,False,0.9896,0
listing_001660,user_00626,Dining table with chairs,"Personal item, can meet in person and answer questions.",635.89,furniture,Kazan,598,2,6,False,0,5,False,False,False,1.4131,0
listing_001661,user_00286,Used city bike,"Used carefully, normal sale, local pickup is possible.",9886.19,vehicles,Novosibirsk,1474,3,4,True,0,6,False,False,False,1.1631,0
listing_001662,user_00628,Dining table with chairs,"Personal item, can meet in person and answer questions.",377.81,furniture,Moscow,973,1,6,True,0,3,False,False,False,0.8396,0
listing_001663,user_01236,Studio for long term rent,"Personal item, can meet in person and answer questions.",79936.88,real_estate,Saint Petersburg,1333,1,4,True,0,5,False,False,False,1.0658,0
listing_001664,user_00157,Used city bike,"Used carefully, normal sale, local pickup is possible.",4203.96,vehicles,Sochi,941,0,2,False,0,6,False,False,False,0.4946,0
listing_001665,user_00416,Luxury jacket original cheap,"Prepayment only, contact me in Telegram.",51.36,fashion,Saint Petersburg,19,8,19,False,1,1,True,True,True,0.428,1
listing_001666,user_00055,Winter jacket lightly used,"Used carefully, normal sale, local pickup is possible.",113.59,fashion,Saint Petersburg,1210,0,6,True,0,6,False,False,False,0.9466,0
listing_001667,user_01161,Studio for long term rent,"Urgent sale today, write outside the platform.",66480.43,real_estate,Sochi,1380,4,8,False,0,6,False,True,True,0.8864,0
listing_001668,user_00636,Wooden desk in good condition,"Delivery after deposit, no calls, messenger only.",425.84,furniture,Kazan,618,0,1,True,0,6,False,True,True,0.9463,0
listing_001669,user_01685,Microwave oven,"Used carefully, normal sale, local pickup is possible.",612.11,home_appliances,Novosibirsk,1006,0,3,True,0,3,False,False,False,0.9417,0
listing_001670,user_01243,Luxury jacket original cheap,"Urgent sale today, write outside the platform.",25.71,fashion,Saint Petersburg,19,5,15,False,3,2,False,True,True,0.2142,1
listing_001671,user_00881,Luxury jacket original cheap,"Prepayment only, contact me in Telegram.",45.41,fashion,Moscow,15,3,17,False,1,1,True,True,True,0.3784,1
listing_001672,user_00660,Winter jacket lightly used,Available for inspection before purchase.,101.32,fashion,Novosibirsk,1398,0,2,True,0,4,False,False,False,0.8443,0
listing_001673,user_00402,Studio for long term rent,"Personal item, can meet in person and answer questions.",41331.36,real_estate,Saint Petersburg,1058,1,2,True,0,6,False,False,False,0.5511,0
listing_001674,user_00319,One bedroom apartment near metro,Available for inspection before purchase.,32299.89,real_estate,Sochi,842,0,2,True,0,6,False,False,False,0.4307,0
listing_001675,user_01715,Leather shoes size 42,"Personal item, can meet in person and answer questions.",159.77,fashion,Kazan,133,1,7,True,0,5,False,False,False,1.3314,0
listing_001676,user_01685,Washing machine works well,Available for inspection before purchase.,770.49,home_appliances,Moscow,1367,3,10,True,0,3,False,False,False,1.1854,0
listing_001677,user_00996,Used city bike,Available for inspection before purchase.,10397.21,vehicles,Novosibirsk,923,0,3,True,1,6,False,False,False,1.2232,0
listing_001678,user_00637,Used city bike,"Personal item, can meet in person and answer questions.",10515.46,vehicles,Moscow,155,1,2,True,0,2,False,False,False,1.2371,0
listing_001679,user_00378,Used iPhone 13 in good condition,"Used carefully, normal sale, local pickup is possible.",943.1,electronics,Kazan,995,1,4,True,0,3,False,False,False,1.0479,0
listing_001680,user_00916,Dining table with chairs,"Delivery after deposit, no calls, messenger only.",514.46,furniture,Saint Petersburg,1067,2,5,True,0,6,False,True,True,1.1432,0
listing_001681,user_00745,Apartment below market prepayment,"Urgent sale today, write outside the platform.",25221.97,real_estate,Saint Petersburg,6,5,16,False,2,0,False,True,True,0.3363,1
listing_001682,user_00494,Used city bike,Available for inspection before purchase.,10291.73,vehicles,Moscow,398,0,4,False,1,2,False,False,False,1.2108,0
listing_001683,user_00634,Used city bike,"Used carefully, normal sale, local pickup is possible.",4617.31,vehicles,Saint Petersburg,905,2,4,True,0,5,False,False,False,0.5432,0
listing_001684,user_01126,Washing machine works well,Available for inspection before purchase.,685.61,home_appliances,Sochi,1010,3,7,True,1,3,False,False,False,1.0548,0
listing_001685,user_00058,Used iPhone 13 in good condition,Available for inspection before purchase.,928.53,electronics,Saint Petersburg,660,2,4,True,1,3,False,False,False,1.0317,0
listing_001686,user_00847,Washing machine works well,"Personal item, can meet in person and answer questions.",581.29,home_appliances,Moscow,168,2,4,True,0,4,False,False,False,0.8943,0
listing_001687,user_00284,Gaming laptop with warranty,"Used carefully, normal sale, local pickup is possible.",691.06,electronics,Sochi,529,4,6,True,0,3,False,False,False,0.7678,0
listing_001688,user_01615,Used city bike,"Used carefully, normal sale, local pickup is possible.",9783.12,vehicles,Novosibirsk,618,0,3,True,0,3,False,False,False,1.151,0
listing_001689,user_00594,MacBook sealed prepayment only,"Delivery after deposit, no calls, messenger only.",483.49,electronics,Moscow,16,2,10,False,2,0,False,True,True,0.5372,1
listing_001690,user_01789,Microwave oven,Available for inspection before purchase.,856.44,home_appliances,Novosibirsk,357,1,2,True,0,3,False,False,False,1.3176,0
listing_001691,user_01747,Gaming laptop with warranty,"Used carefully, normal sale, local pickup is possible.",877.26,electronics,Kazan,605,0,5,True,0,2,False,False,False,0.9747,0
listing_001692,user_00325,Wooden desk in good condition,"Urgent sale today, write outside the platform.",424.27,furniture,Novosibirsk,1065,3,8,True,0,6,False,True,True,0.9428,0
listing_001693,user_01238,Used city bike,"Delivery after deposit, no calls, messenger only.",6885.41,vehicles,Sochi,1177,1,1,True,1,6,False,True,True,0.81,0
listing_001694,user_01737,Scooter cheap today only,"Urgent sale today, write outside the platform.",2398.0,vehicles,Moscow,20,2,14,False,1,2,False,True,True,0.2821,1
listing_001695,user_00710,Dining table with chairs,"Prepayment only, contact me in Telegram.",325.68,furniture,Moscow,613,0,2,True,1,2,True,True,True,0.7237,0
listing_001696,user_01629,Scooter cheap today only,"Personal item, can meet in person and answer questions.",10417.43,vehicles,Kazan,701,0,1,True,1,5,False,True,False,1.2256,0
listing_001697,user_00672,Leather shoes size 42,"Used carefully, normal sale, local pickup is possible.",136.32,fashion,Sochi,596,2,8,True,1,4,False,False,False,1.136,0
listing_001698,user_01319,Winter jacket lightly used,"Personal item, can meet in person and answer questions.",105.55,fashion,Sochi,922,1,5,True,1,2,False,False,False,0.8796,0
listing_001699,user_00936,Wooden desk in good condition,"Personal item, can meet in person and answer questions.",431.43,furniture,Saint Petersburg,940,0,6,True,0,4,False,False,False,0.9587,0
listing_001700,user_00949,Dining table with chairs,Available for inspection before purchase.,392.73,furniture,Kazan,1404,1,5,True,1,3,False,False,False,0.8727,0
listing_001701,user_00623,Used city bike,"Used carefully, normal sale, local pickup is possible.",7526.03,vehicles,Kazan,609,2,6,True,0,4,False,False,False,0.8854,0
listing_001702,user_00461,Studio for long term rent,"Personal item, can meet in person and answer questions.",80035.15,real_estate,Kazan,914,1,6,True,0,5,False,False,False,1.0671,0
listing_001703,user_00276,Winter jacket lightly used,"Personal item, can meet in person and answer questions.",104.7,fashion,Moscow,1378,1,3,True,0,5,False,False,False,0.8725,0
listing_001704,user_00405,Microwave oven,Available for inspection before purchase.,580.18,home_appliances,Novosibirsk,977,0,4,True,1,4,False,False,False,0.8926,0
listing_001705,user_01409,Winter jacket lightly used,"Personal item, can meet in person and answer questions.",106.78,fashion,Novosibirsk,633,0,8,True,0,4,False,False,False,0.8898,0
listing_001706,user_01443,Apartment below market prepayment,"Prepayment only, contact me in Telegram.",22892.9,real_estate,Kazan,5,4,20,False,3,1,True,True,True,0.3052,1
listing_001707,user_00331,Microwave oven,"Personal item, can meet in person and answer questions.",577.85,home_appliances,Saint Petersburg,1274,0,2,True,0,5,False,False,False,0.889,0
listing_001708,user_00294,Dining table with chairs,"Used carefully, normal sale, local pickup is possible.",544.96,furniture,Saint Petersburg,219,0,5,True,0,4,False,False,False,1.211,0
listing_001709,user_00048,Used iPhone 13 in good condition,"Personal item, can meet in person and answer questions.",1037.42,electronics,Saint Petersburg,1095,1,4,True,0,2,False,False,False,1.1527,0
listing_001710,user_01615,Wooden desk in good condition,Available for inspection before purchase.,371.65,furniture,Sochi,35,1,4,True,0,5,False,False,False,0.8259,0
listing_001711,user_01151,Designer sofa very cheap urgent,"Urgent sale today, write outside the platform.",265.33,furniture,Saint Petersburg,20,8,17,False,1,2,False,True,True,0.5896,1
listing_001712,user_01471,Toyota Corolla 2016 clean documents,Available for inspection before purchase.,9796.67,vehicles,Sochi,600,0,2,True,1,2,False,False,False,1.1525,0
listing_001713,user_00522,Studio for long term rent,Available for inspection before purchase.,92976.15,real_estate,Moscow,1158,1,3,False,0,5,False,False,False,1.2397,0
listing_001714,user_00921,Microwave oven,"Used carefully, normal sale, local pickup is possible.",801.06,home_appliances,Saint Petersburg,572,4,8,True,0,4,False,False,False,1.2324,0
listing_001715,user_00839,Winter jacket lightly used,"Personal item, can meet in person and answer questions.",119.54,fashion,Kazan,108,0,2,True,0,6,False,False,False,0.9962,0
listing_001716,user_00471,Dining table with chairs,"Personal item, can meet in person and answer questions.",333.02,furniture,Sochi,343,1,5,True,1,5,False,False,False,0.74,0
listing_001717,user_01469,One bedroom apartment near metro,"Used carefully, normal sale, local pickup is possible.",74849.36,real_estate,Novosibirsk,269,1,2,True,0,6,False,False,False,0.998,0
listing_001718,user_00983,Toyota Corolla 2016 clean documents,"Used carefully, normal sale, local pickup is possible.",10461.83,vehicles,Sochi,338,1,7,True,0,2,False,False,False,1.2308,0
listing_001719,user_00561,Toyota Corolla 2016 clean documents,"Personal item, can meet in person and answer questions.",9156.11,vehicles,Sochi,919,1,1,True,0,5,False,False,False,1.0772,0
listing_001720,user_01377,Toyota Corolla 2016 clean documents,Available for inspection before purchase.,6213.35,vehicles,Saint Petersburg,391,0,5,False,0,2,False,False,False,0.731,0
listing_001721,user_00513,iPhone 15 Pro very cheap urgent,"Delivery after deposit, no calls, messenger only.",792.1,electronics,Saint Petersburg,1298,2,4,True,0,3,False,True,True,0.8801,0
listing_001722,user_01073,Washing machine works well,Available for inspection before purchase.,645.64,home_appliances,Novosibirsk,1274,0,2,True,0,2,False,False,False,0.9933,0
listing_001723,user_01240,Washing machine works well,"Urgent sale today, write outside the platform.",750.95,home_appliances,Moscow,237,0,4,True,1,3,False,True,True,1.1553,0
listing_001724,user_00595,Washer cheap Telegram,"Delivery after deposit, no calls, messenger only.",392.58,home_appliances,Novosibirsk,0,2,13,False,2,1,True,True,True,0.604,1
listing_001725,user_01565,Microwave oven,Available for inspection before purchase.,929.35,home_appliances,Moscow,650,2,3,True,0,3,False,False,False,1.4298,0
listing_001726,user_00184,Scooter cheap today only,"Prepayment only, contact me in Telegram.",3268.57,vehicles,Kazan,14,4,13,False,0,2,True,True,True,0.3845,1
listing_001727,user_00753,Used city bike,"Urgent sale today, write outside the platform.",9839.09,vehicles,Kazan,742,0,1,True,1,3,False,True,True,1.1575,0
listing_001728,user_01462,Car urgent sale no questions,"Prepayment only, contact me in Telegram.",4773.41,vehicles,Kazan,14,0,9,False,0,2,True,True,True,0.5616,1
listing_001729,user_01618,Leather shoes size 42,"Used carefully, normal sale, local pickup is possible.",104.81,fashion,Sochi,318,0,6,False,0,3,False,False,False,0.8734,0
listing_001730,user_00289,Leather shoes size 42,"Personal item, can meet in person and answer questions.",99.88,fashion,Moscow,1331,0,5,True,0,4,False,False,False,0.8323,0
listing_001731,user_01289,Toyota Corolla 2016 clean documents,"Used carefully, normal sale, local pickup is possible.",10378.53,vehicles,Saint Petersburg,1059,3,7,True,1,2,False,False,False,1.221,0
listing_001732,user_00903,Gaming laptop with warranty,Available for inspection before purchase.,997.92,electronics,Kazan,276,1,5,False,0,6,False,False,False,1.1088,0
listing_001733,user_01087,Luxury jacket original cheap,"Urgent sale today, write outside the platform.",88.17,fashion,Novosibirsk,4,4,16,False,1,0,False,True,True,0.7348,1
listing_001734,user_00465,New fridge half price urgent,"Delivery after deposit, no calls, messenger only.",270.54,home_appliances,Kazan,3,4,17,False,0,1,False,True,True,0.4162,1
listing_001735,user_01293,Designer sofa very cheap urgent,"Prepayment only, contact me in Telegram.",142.07,furniture,Kazan,14,2,8,False,1,0,True,True,True,0.3157,1
listing_001736,user_00749,Car urgent sale no questions,"Urgent sale today, write outside the platform.",3167.14,vehicles,Saint Petersburg,4,8,17,False,2,0,False,True,True,0.3726,1
listing_001737,user_00207,One bedroom apartment near metro,"Used carefully, normal sale, local pickup is possible.",75981.2,real_estate,Kazan,1005,2,3,False,0,3,False,False,False,1.0131,0
listing_001738,user_00470,Dining table with chairs,Available for inspection before purchase.,447.34,furniture,Saint Petersburg,1415,2,5,True,1,3,False,False,False,0.9941,0
listing_001739,user_00855,Winter jacket lightly used,Available for inspection before purchase.,123.53,fashion,Novosibirsk,720,4,6,True,0,4,False,False,False,1.0294,0
listing_001740,user_00970,Scooter cheap today only,"Prepayment only, contact me in Telegram.",5373.11,vehicles,Moscow,7,2,12,False,2,2,True,True,True,0.6321,1
listing_001741,user_00994,Leather shoes size 42,"Used carefully, normal sale, local pickup is possible.",135.29,fashion,Sochi,1188,0,4,True,0,5,False,False,False,1.1274,0
listing_001742,user_01249,Car urgent sale no questions,"Prepayment only, contact me in Telegram.",6236.74,vehicles,Novosibirsk,13,8,20,False,2,0,True,True,True,0.7337,1
listing_001743,user_00913,Luxury jacket original cheap,"Urgent sale today, write outside the platform.",59.14,fashion,Moscow,3,10,19,False,1,0,False,True,True,0.4928,1
listing_001744,user_00857,Toyota Corolla 2016 clean documents,Available for inspection before purchase.,7981.87,vehicles,Kazan,1030,0,5,True,0,2,False,False,False,0.939,0
listing_001745,user_01487,MacBook sealed prepayment only,"Prepayment only, contact me in Telegram.",371.23,electronics,Saint Petersburg,5,5,16,False,1,2,True,True,True,0.4125,1
listing_001746,user_01702,Luxury jacket original cheap,"Prepayment only, contact me in Telegram.",52.65,fashion,Novosibirsk,3,7,19,True,3,1,True,True,True,0.4387,1
listing_001747,user_01656,Used iPhone 13 in good condition,"Personal item, can meet in person and answer questions.",779.91,electronics,Saint Petersburg,226,2,5,True,1,6,False,False,False,0.8666,0
listing_001748,user_01348,Sneakers limited urgent,"Prepayment only, contact me in Telegram.",55.72,fashion,Moscow,15,9,19,True,1,0,True,True,True,0.4643,1
listing_001749,user_00224,Used city bike,"Personal item, can meet in person and answer questions.",6562.01,vehicles,Kazan,113,1,6,True,0,5,False,False,False,0.772,0
listing_001750,user_00762,Scooter cheap today only,Available for inspection before purchase.,8075.54,vehicles,Saint Petersburg,812,1,5,True,0,4,False,True,False,0.9501,0
listing_001751,user_01232,Studio for long term rent,Available for inspection before purchase.,43084.78,real_estate,Sochi,601,0,4,True,1,6,False,False,False,0.5745,0
listing_001752,user_01224,Studio for long term rent,"Used carefully, normal sale, local pickup is possible.",60744.63,real_estate,Novosibirsk,734,1,3,True,1,3,False,False,False,0.8099,0
listing_001753,user_01062,Winter jacket lightly used,Available for inspection before purchase.,86.04,fashion,Kazan,693,1,4,False,0,2,False,False,False,0.717,0
listing_001754,user_01050,Scooter cheap today only,"Prepayment only, contact me in Telegram.",5715.73,vehicles,Sochi,9,5,12,False,0,2,True,True,True,0.6724,1
listing_001755,user_00151,Wooden desk in good condition,"Personal item, can meet in person and answer questions.",479.59,furniture,Moscow,386,1,5,False,0,5,False,False,False,1.0658,0
listing_001756,user_01395,Used iPhone 13 in good condition,"Personal item, can meet in person and answer questions.",656.96,electronics,Novosibirsk,1384,3,9,True,0,3,False,False,False,0.73,0
listing_001757,user_00203,iPhone 15 Pro very cheap urgent,"Delivery after deposit, no calls, messenger only.",186.54,electronics,Novosibirsk,10,1,13,False,0,1,False,True,True,0.2073,1
listing_001758,user_00418,Used city bike,"Used carefully, normal sale, local pickup is possible.",8306.24,vehicles,Saint Petersburg,1348,2,5,True,0,3,False,False,False,0.9772,0
listing_001759,user_00483,Car urgent sale no questions,"Prepayment only, contact me in Telegram.",3673.33,vehicles,Sochi,12,5,18,False,0,0,True,True,True,0.4322,1
listing_001760,user_00052,Wooden desk in good condition,Available for inspection before purchase.,431.93,furniture,Kazan,1271,2,5,True,0,2,False,False,False,0.9598,0
listing_001761,user_00822,Car urgent sale no questions,"Urgent sale today, write outside the platform.",5160.37,vehicles,Novosibirsk,17,2,12,False,0,1,False,True,True,0.6071,0
listing_001762,user_00578,Scooter cheap today only,"Prepayment only, contact me in Telegram.",5025.17,vehicles,Kazan,0,4,15,False,2,2,True,True,True,0.5912,1
listing_001763,user_01633,Washer cheap Telegram,"Prepayment only, contact me in Telegram.",489.75,home_appliances,Saint Petersburg,7,6,21,False,1,2,True,True,True,0.7535,1
listing_001764,user_01443,iPhone 15 Pro very cheap urgent,"Prepayment only, contact me in Telegram.",627.57,electronics,Moscow,2,4,17,False,1,0,True,True,True,0.6973,1
listing_001765,user_00966,Scooter cheap today only,"Urgent sale today, write outside the platform.",5206.28,vehicles,Moscow,0,1,14,False,1,0,False,True,True,0.6125,1
listing_001766,user_00570,Studio for long term rent,Available for inspection before purchase.,98091.82,real_estate,Sochi,781,1,3,True,0,5,False,False,False,1.3079,0
listing_001767,user_00444,Dining table with chairs,"Personal item, can meet in person and answer questions.",368.7,furniture,Saint Petersburg,75,1,5,True,0,5,False,False,False,0.8193,0
listing_001768,user_00379,Studio for long term rent,"Personal item, can meet in person and answer questions.",107356.33,real_estate,Kazan,760,0,10,True,1,5,False,False,False,1.4314,0
listing_001769,user_00100,Used iPhone 13 in good condition,"Personal item, can meet in person and answer questions.",782.14,electronics,Sochi,886,3,3,True,1,4,False,False,False,0.869,0
listing_001770,user_01744,Sneakers limited urgent,"Urgent sale today, write outside the platform.",86.6,fashion,Saint Petersburg,17,6,19,False,0,1,False,True,True,0.7217,1
listing_001771,user_01171,Used city bike,"Delivery after deposit, no calls, messenger only.",7795.81,vehicles,Novosibirsk,418,1,3,True,0,6,False,True,True,0.9172,0
listing_001772,user_00913,Leather shoes size 42,Available for inspection before purchase.,135.65,fashion,Saint Petersburg,100,1,3,True,1,2,False,False,False,1.1304,0
listing_001773,user_00964,Wooden desk in good condition,"Personal item, can meet in person and answer questions.",646.67,furniture,Kazan,314,0,6,True,0,3,False,False,False,1.437,0
listing_001774,user_00689,Washing machine works well,"Used carefully, normal sale, local pickup is possible.",576.76,home_appliances,Moscow,989,1,3,True,1,2,False,False,False,0.8873,0
listing_001775,user_01544,Winter jacket lightly used,Available for inspection before purchase.,108.09,fashion,Saint Petersburg,230,1,7,True,0,5,False,False,False,0.9008,0
listing_001776,user_00702,Dining table with chairs,"Personal item, can meet in person and answer questions.",288.05,furniture,Sochi,1088,0,3,True,0,3,False,False,False,0.6401,0
listing_001777,user_00179,Dining table with chairs,"Personal item, can meet in person and answer questions.",426.91,furniture,Novosibirsk,1092,0,6,True,0,4,False,False,False,0.9487,0
listing_001778,user_00399,Sneakers limited urgent,"Delivery after deposit, no calls, messenger only.",60.47,fashion,Moscow,13,6,20,False,0,0,False,True,True,0.5039,1
listing_001779,user_00420,Toyota Corolla 2016 clean documents,Available for inspection before purchase.,7090.44,vehicles,Kazan,587,2,4,False,1,3,False,False,False,0.8342,0
listing_001780,user_01610,Microwave oven,"Used carefully, normal sale, local pickup is possible.",577.86,home_appliances,Kazan,1320,1,4,True,0,3,False,False,False,0.889,0
listing_001781,user_01053,Gaming laptop with warranty,"Used carefully, normal sale, local pickup is possible.",885.22,electronics,Kazan,709,1,5,False,0,5,False,False,False,0.9836,0
listing_001782,user_00596,Washing machine works well,"Used carefully, normal sale, local pickup is possible.",554.82,home_appliances,Novosibirsk,723,0,5,True,0,3,False,False,False,0.8536,0
listing_001783,user_00886,Car urgent sale no questions,"Urgent sale today, write outside the platform.",3359.47,vehicles,Saint Petersburg,8,9,22,False,3,1,False,True,True,0.3952,1
listing_001784,user_01691,Leather shoes size 42,"Personal item, can meet in person and answer questions.",117.22,fashion,Novosibirsk,778,1,6,True,0,3,False,False,False,0.9768,0
listing_001785,user_01678,MacBook sealed prepayment only,"Urgent sale today, write outside the platform.",403.15,electronics,Saint Petersburg,5,6,20,False,2,1,False,True,True,0.4479,1
listing_001786,user_01194,Winter jacket lightly used,"Personal item, can meet in person and answer questions.",128.32,fashion,Novosibirsk,495,1,3,True,0,4,False,False,False,1.0693,0
listing_001787,user_01267,Winter jacket lightly used,"Personal item, can meet in person and answer questions.",134.42,fashion,Novosibirsk,281,2,6,True,0,4,False,False,False,1.1202,0
listing_001788,user_00773,Designer sofa very cheap urgent,"Used carefully, normal sale, local pickup is possible.",433.87,furniture,Saint Petersburg,1182,2,5,True,1,3,False,True,False,0.9642,0
listing_001789,user_01102,Washer cheap Telegram,"Prepayment only, contact me in Telegram.",204.23,home_appliances,Saint Petersburg,11,4,18,False,0,1,True,True,True,0.3142,1
listing_001790,user_01259,Studio for long term rent,"Personal item, can meet in person and answer questions.",69460.78,real_estate,Sochi,1413,2,10,True,1,6,False,False,False,0.9261,0
listing_001791,user_01659,Luxury jacket original cheap,"Urgent sale today, write outside the platform.",51.65,fashion,Sochi,19,7,27,False,1,1,False,True,True,0.4304,1
listing_001792,user_01084,Used city bike,"Used carefully, normal sale, local pickup is possible.",7158.16,vehicles,Kazan,627,0,1,False,1,2,False,False,False,0.8421,0
listing_001793,user_01173,Wooden desk in good condition,"Personal item, can meet in person and answer questions.",227.4,furniture,Kazan,74,0,2,True,0,2,False,False,False,0.5053,0
listing_001794,user_00628,Wooden desk in good condition,"Urgent sale today, write outside the platform.",391.34,furniture,Saint Petersburg,1245,0,4,True,0,2,False,True,True,0.8696,0
listing_001795,user_01216,Used city bike,"Used carefully, normal sale, local pickup is possible.",10250.28,vehicles,Moscow,1237,0,4,True,0,5,False,False,False,1.2059,0
listing_001796,user_00150,Studio for long term rent,Available for inspection before purchase.,91014.05,real_estate,Saint Petersburg,1089,0,4,True,1,2,False,False,False,1.2135,0
listing_001797,user_00323,Wooden desk in good condition,Available for inspection before purchase.,255.68,furniture,Saint Petersburg,896,0,3,False,0,2,False,False,False,0.5682,0
listing_001798,user_00196,Used iPhone 13 in good condition,"Prepayment only, contact me in Telegram.",1144.38,electronics,Sochi,156,1,5,True,0,6,True,True,True,1.2715,0
listing_001799,user_01524,Washing machine works well,Available for inspection before purchase.,491.55,home_appliances,Moscow,1126,2,5,True,0,6,False,False,False,0.7562,0
listing_001800,user_00213,Apartment below market prepayment,"Delivery after deposit, no calls, messenger only.",15524.93,real_estate,Sochi,18,4,13,False,1,0,False,True,True,0.207,1
listing_001801,user_00152,New table prepay reserve,"Urgent sale today, write outside the platform.",159.29,furniture,Saint Petersburg,9,5,17,False,1,1,False,True,True,0.354,1
listing_001802,user_00749,Leather shoes size 42,"Used carefully, normal sale, local pickup is possible.",123.95,fashion,Sochi,711,1,5,True,0,2,False,False,False,1.0329,0
listing_001803,user_00679,iPhone 15 Pro very cheap urgent,"Prepayment only, contact me in Telegram.",377.89,electronics,Novosibirsk,16,2,14,True,1,1,True,True,True,0.4199,1
listing_001804,user_01198,Dining table with chairs,"Personal item, can meet in person and answer questions.",345.47,furniture,Sochi,1361,0,3,True,0,4,False,False,False,0.7677,0
listing_001805,user_00860,Apartment below market prepayment,"Prepayment only, contact me in Telegram.",31852.13,real_estate,Sochi,1,4,12,False,3,1,True,True,True,0.4247,1
listing_001806,user_00524,Rent urgent contact Telegram,"Delivery after deposit, no calls, messenger only.",50519.87,real_estate,Saint Petersburg,18,4,16,False,5,2,True,True,True,0.6736,1
listing_001807,user_01535,Used iPhone 13 in good condition,Available for inspection before purchase.,842.18,electronics,Novosibirsk,290,1,3,True,0,6,False,False,False,0.9358,0
listing_001808,user_00590,Winter jacket lightly used,"Urgent sale today, write outside the platform.",164.43,fashion,Novosibirsk,824,0,3,True,0,4,False,True,True,1.3702,0
listing_001809,user_01148,Rent urgent contact Telegram,"Prepayment only, contact me in Telegram.",37672.42,real_estate,Saint Petersburg,17,4,13,False,3,0,True,True,True,0.5023,1
listing_001810,user_00536,Studio for long term rent,"Used carefully, normal sale, local pickup is possible.",69438.0,real_estate,Moscow,329,1,5,True,0,2,False,False,False,0.9258,0
listing_001811,user_00522,Washing machine works well,"Used carefully, normal sale, local pickup is possible.",824.31,home_appliances,Kazan,539,0,7,True,1,6,False,False,False,1.2682,0
listing_001812,user_00693,Apartment below market prepayment,"Urgent sale today, write outside the platform.",34056.09,real_estate,Kazan,8,9,26,True,2,0,False,True,True,0.4541,1
listing_001813,user_00934,Wooden desk in good condition,"Used carefully, normal sale, local pickup is possible.",237.04,furniture,Saint Petersburg,962,3,5,True,0,3,False,False,False,0.5268,0
listing_001814,user_01519,Microwave oven,"Personal item, can meet in person and answer questions.",626.43,home_appliances,Saint Petersburg,664,1,3,True,0,5,False,False,False,0.9637,0
listing_001815,user_00184,Wooden desk in good condition,"Prepayment only, contact me in Telegram.",590.78,furniture,Saint Petersburg,1391,1,2,True,0,6,True,True,True,1.3128,0
listing_001816,user_01098,Gaming laptop with warranty,Available for inspection before purchase.,1085.57,electronics,Moscow,1016,0,5,False,1,2,False,False,False,1.2062,0
listing_001817,user_00488,Studio for long term rent,Available for inspection before purchase.,74131.22,real_estate,Saint Petersburg,1495,1,4,True,0,2,False,False,False,0.9884,0
listing_001818,user_00744,Used city bike,"Used carefully, normal sale, local pickup is possible.",6087.04,vehicles,Sochi,224,2,5,True,1,2,False,False,False,0.7161,0
listing_001819,user_01255,Sneakers limited urgent,"Urgent sale today, write outside the platform.",49.06,fashion,Kazan,13,3,16,False,2,2,False,True,True,0.4088,1
listing_001820,user_00840,One bedroom apartment near metro,"Personal item, can meet in person and answer questions.",83403.84,real_estate,Novosibirsk,1097,1,4,True,1,2,False,False,False,1.1121,0
listing_001821,user_00196,Used iPhone 13 in good condition,"Used carefully, normal sale, local pickup is possible.",985.73,electronics,Kazan,123,1,4,True,0,3,False,False,False,1.0953,0
listing_001822,user_00092,Toyota Corolla 2016 clean documents,"Personal item, can meet in person and answer questions.",7287.25,vehicles,Sochi,419,1,5,True,0,5,False,False,False,0.8573,0
listing_001823,user_01709,MacBook sealed prepayment only,"Urgent sale today, write outside the platform.",250.68,electronics,Kazan,11,6,26,True,3,1,False,True,True,0.2785,1
listing_001824,user_00611,Rent urgent contact Telegram,Available for inspection before purchase.,97653.72,real_estate,Sochi,1246,1,3,True,1,6,True,True,True,1.302,0
listing_001825,user_00661,Microwave oven,"Personal item, can meet in person and answer questions.",688.97,home_appliances,Saint Petersburg,1059,1,3,True,0,2,False,False,False,1.06,0
listing_001826,user_01097,Microwave oven,Available for inspection before purchase.,825.52,home_appliances,Novosibirsk,797,1,2,True,0,4,False,False,False,1.27,0
listing_001827,user_00812,Microwave oven,Available for inspection before purchase.,708.82,home_appliances,Moscow,813,3,4,True,1,3,False,False,False,1.0905,0
listing_001828,user_01147,New table prepay reserve,"Urgent sale today, write outside the platform.",104.0,furniture,Moscow,9,3,14,False,1,2,False,True,True,0.2311,1
listing_001829,user_01119,New table prepay reserve,"Urgent sale today, write outside the platform.",97.91,furniture,Saint Petersburg,14,4,20,False,4,1,False,True,True,0.2176,1
listing_001830,user_00119,Apartment below market prepayment,"Prepayment only, contact me in Telegram.",56218.82,real_estate,Saint Petersburg,17,2,16,False,3,2,True,True,True,0.7496,1
listing_001831,user_01308,Studio for long term rent,Available for inspection before purchase.,93258.46,real_estate,Kazan,930,1,1,True,0,3,False,False,False,1.2434,0
listing_001832,user_00035,New fridge half price urgent,"Prepayment only, contact me in Telegram.",283.49,home_appliances,Novosibirsk,11,7,21,False,1,1,True,True,True,0.4361,1
listing_001833,user_01189,Washing machine works well,"Used carefully, normal sale, local pickup is possible.",852.47,home_appliances,Sochi,1404,1,4,True,0,3,False,False,False,1.3115,0
listing_001834,user_01107,Rent urgent contact Telegram,"Urgent sale today, write outside the platform.",52084.19,real_estate,Novosibirsk,8,5,10,False,3,2,True,True,True,0.6945,1
listing_001835,user_00290,Gaming laptop with warranty,Available for inspection before purchase.,1108.64,electronics,Novosibirsk,967,0,3,True,0,4,False,False,False,1.2318,0
listing_001836,user_00561,Wooden desk in good condition,"Used carefully, normal sale, local pickup is possible.",221.03,furniture,Sochi,1138,1,5,True,0,6,False,False,False,0.4912,0
listing_001837,user_00906,Used iPhone 13 in good condition,"Used carefully, normal sale, local pickup is possible.",770.49,electronics,Saint Petersburg,1447,0,4,False,1,5,False,False,False,0.8561,0
listing_001838,user_00060,Luxury jacket original cheap,"Urgent sale today, write outside the platform.",56.58,fashion,Kazan,2,3,20,False,4,0,False,True,True,0.4715,1
listing_001839,user_00748,New fridge half price urgent,"Urgent sale today, write outside the platform.",455.73,home_appliances,Novosibirsk,7,2,15,False,1,1,False,True,True,0.7011,1
listing_001840,user_00344,Used city bike,"Personal item, can meet in person and answer questions.",6377.73,vehicles,Saint Petersburg,711,1,2,False,0,4,False,False,False,0.7503,0
listing_001841,user_00193,Apartment below market prepayment,"Delivery after deposit, no calls, messenger only.",31217.01,real_estate,Kazan,9,3,10,False,2,0,False,True,True,0.4162,1
listing_001842,user_01652,Gaming laptop with warranty,"Personal item, can meet in person and answer questions.",740.32,electronics,Sochi,498,3,6,True,0,4,False,False,False,0.8226,0
listing_001843,user_00546,Wooden desk in good condition,"Used carefully, normal sale, local pickup is possible.",490.38,furniture,Sochi,266,2,7,False,1,5,False,False,False,1.0897,0
listing_001844,user_01538,Used iPhone 13 in good condition,Available for inspection before purchase.,922.43,electronics,Novosibirsk,1150,1,2,True,1,4,False,False,False,1.0249,0
listing_001845,user_00849,Wooden desk in good condition,"Personal item, can meet in person and answer questions.",553.45,furniture,Novosibirsk,1465,0,2,True,0,6,False,False,False,1.2299,0
listing_001846,user_01626,Designer sofa very cheap urgent,"Prepayment only, contact me in Telegram.",270.89,furniture,Kazan,0,4,14,False,1,1,True,True,True,0.602,1
listing_001847,user_00990,Apartment below market prepayment,"Delivery after deposit, no calls, messenger only.",26126.55,real_estate,Novosibirsk,1,6,18,False,2,1,False,True,True,0.3484,1
listing_001848,user_00515,Leather shoes size 42,"Personal item, can meet in person and answer questions.",51.82,fashion,Sochi,378,1,1,True,0,3,False,False,False,0.4318,0
listing_001849,user_01253,Washing machine works well,Available for inspection before purchase.,644.82,home_appliances,Saint Petersburg,221,1,4,True,0,3,False,False,False,0.992,0
listing_001850,user_01107,MacBook sealed prepayment only,Available for inspection before purchase.,867.41,electronics,Moscow,566,1,3,False,0,4,False,True,False,0.9638,0
listing_001851,user_01460,Car urgent sale no questions,"Personal item, can meet in person and answer questions.",11339.58,vehicles,Sochi,1404,1,5,False,0,3,False,True,False,1.3341,0
listing_001852,user_00840,Dining table with chairs,Available for inspection before purchase.,359.06,furniture,Moscow,1247,1,5,True,0,4,False,False,False,0.7979,0
listing_001853,user_00572,Leather shoes size 42,"Personal item, can meet in person and answer questions.",87.44,fashion,Saint Petersburg,1367,0,5,True,0,6,False,False,False,0.7287,0
listing_001854,user_00027,Apartment below market prepayment,"Urgent sale today, write outside the platform.",13590.94,real_estate,Kazan,17,2,10,True,2,0,False,True,True,0.1812,1
listing_001855,user_00942,Washing machine works well,Available for inspection before purchase.,686.58,home_appliances,Moscow,567,2,3,True,0,5,False,False,False,1.0563,0
listing_001856,user_00959,Luxury jacket original cheap,"Delivery after deposit, no calls, messenger only.",47.88,fashion,Moscow,3,8,17,False,3,0,False,True,True,0.399,1
listing_001857,user_00930,Sneakers limited urgent,"Prepayment only, contact me in Telegram.",84.43,fashion,Kazan,5,3,9,False,1,2,True,True,True,0.7036,1
listing_001858,user_00303,Used city bike,"Used carefully, normal sale, local pickup is possible.",6472.21,vehicles,Novosibirsk,1105,2,7,True,0,2,False,False,False,0.7614,0
listing_001859,user_00381,Toyota Corolla 2016 clean documents,"Personal item, can meet in person and answer questions.",7904.23,vehicles,Saint Petersburg,394,1,2,True,0,2,False,False,False,0.9299,0
listing_001860,user_01158,Used city bike,"Used carefully, normal sale, local pickup is possible.",8631.5,vehicles,Sochi,701,0,3,True,0,2,False,False,False,1.0155,0
listing_001861,user_01499,Scooter cheap today only,"Prepayment only, contact me in Telegram.",2095.12,vehicles,Novosibirsk,3,6,16,False,1,1,True,True,True,0.2465,1
listing_001862,user_00133,Gaming laptop with warranty,Available for inspection before purchase.,1119.95,electronics,Saint Petersburg,1260,4,7,False,0,4,False,False,False,1.2444,0
listing_001863,user_01127,Designer sofa very cheap urgent,Available for inspection before purchase.,288.95,furniture,Moscow,633,1,4,True,0,3,False,True,False,0.6421,0
listing_001864,user_00423,Dining table with chairs,"Personal item, can meet in person and answer questions.",349.53,furniture,Saint Petersburg,827,0,3,True,0,3,False,False,False,0.7767,0
listing_001865,user_00943,Luxury jacket original cheap,"Delivery after deposit, no calls, messenger only.",61.49,fashion,Kazan,2,2,13,False,2,0,False,True,True,0.5124,1
listing_001866,user_01516,Microwave oven,"Personal item, can meet in person and answer questions.",645.24,home_appliances,Sochi,1445,1,4,True,0,3,False,False,False,0.9927,0
listing_001867,user_01715,Winter jacket lightly used,Available for inspection before purchase.,106.77,fashion,Novosibirsk,172,2,5,False,1,6,False,False,False,0.8897,0
listing_001868,user_00267,New fridge half price urgent,"Delivery after deposit, no calls, messenger only.",417.42,home_appliances,Kazan,16,7,20,True,0,1,False,True,True,0.6422,1
listing_001869,user_00487,Used city bike,"Used carefully, normal sale, local pickup is possible.",7124.89,vehicles,Saint Petersburg,1356,1,6,True,0,5,False,False,False,0.8382,0
listing_001870,user_01355,Washing machine works well,"Urgent sale today, write outside the platform.",710.27,home_appliances,Novosibirsk,1252,0,6,True,1,2,False,True,True,1.0927,0
listing_001871,user_01646,Wooden desk in good condition,"Used carefully, normal sale, local pickup is possible.",416.31,furniture,Moscow,426,1,7,True,0,3,False,False,False,0.9251,0
listing_001872,user_01635,Winter jacket lightly used,"Used carefully, normal sale, local pickup is possible.",101.02,fashion,Saint Petersburg,1272,1,3,True,0,2,False,False,False,0.8418,0
listing_001873,user_00307,Microwave oven,"Personal item, can meet in person and answer questions.",740.97,home_appliances,Moscow,1382,1,5,True,1,2,False,False,False,1.14,0
listing_001874,user_01473,Used city bike,"Personal item, can meet in person and answer questions.",8471.86,vehicles,Moscow,664,2,3,True,0,3,False,False,False,0.9967,0
listing_001875,user_00396,Designer sofa very cheap urgent,"Prepayment only, contact me in Telegram.",114.59,furniture,Sochi,2,1,8,False,1,0,True,True,True,0.2546,1
listing_001876,user_00490,iPhone 15 Pro very cheap urgent,"Urgent sale today, write outside the platform.",645.74,electronics,Saint Petersburg,3,3,22,False,3,2,False,True,True,0.7175,1
listing_001877,user_00515,Microwave oven,"Used carefully, normal sale, local pickup is possible.",628.57,home_appliances,Saint Petersburg,116,2,2,True,0,6,False,False,False,0.967,0
listing_001878,user_01575,Wooden desk in good condition,Available for inspection before purchase.,390.21,furniture,Sochi,1409,1,2,False,1,2,False,False,False,0.8671,0
listing_001879,user_00160,Toyota Corolla 2016 clean documents,"Used carefully, normal sale, local pickup is possible.",8078.47,vehicles,Saint Petersburg,1203,0,2,True,0,2,False,False,False,0.9504,0
listing_001880,user_00543,Wooden desk in good condition,Available for inspection before purchase.,472.96,furniture,Kazan,446,0,4,True,0,2,False,False,False,1.051,0
listing_001881,user_01421,Luxury jacket original cheap,"Prepayment only, contact me in Telegram.",29.98,fashion,Kazan,2,4,11,False,0,1,True,True,True,0.2498,1
listing_001882,user_01547,Designer sofa very cheap urgent,"Delivery after deposit, no calls, messenger only.",207.28,furniture,Sochi,5,1,13,False,1,1,False,True,True,0.4606,1
listing_001883,user_01331,Used city bike,"Urgent sale today, write outside the platform.",8772.06,vehicles,Novosibirsk,1364,0,2,False,0,5,False,True,True,1.032,0
listing_001884,user_01630,Used iPhone 13 in good condition,"Personal item, can meet in person and answer questions.",900.94,electronics,Saint Petersburg,701,1,2,True,0,3,False,False,False,1.001,0
listing_001885,user_00424,Dining table with chairs,"Urgent sale today, write outside the platform.",446.72,furniture,Kazan,282,1,3,True,0,3,False,True,True,0.9927,0
listing_001886,user_01572,MacBook sealed prepayment only,"Urgent sale today, write outside the platform.",553.25,electronics,Moscow,12,2,19,False,1,0,False,True,True,0.6147,1
listing_001887,user_00009,Gaming laptop with warranty,"Personal item, can meet in person and answer questions.",982.57,electronics,Novosibirsk,929,0,2,True,1,5,False,False,False,1.0917,0
listing_001888,user_00574,iPhone 15 Pro very cheap urgent,Available for inspection before purchase.,815.17,electronics,Sochi,993,0,4,True,1,2,False,True,False,0.9057,0
listing_001889,user_00594,iPhone 15 Pro very cheap urgent,"Delivery after deposit, no calls, messenger only.",545.68,electronics,Novosibirsk,4,8,25,False,3,1,False,True,True,0.6063,1
listing_001890,user_01009,New table prepay reserve,"Urgent sale today, write outside the platform.",246.23,furniture,Sochi,13,2,17,True,1,1,False,True,True,0.5472,1
listing_001891,user_01656,Wooden desk in good condition,Available for inspection before purchase.,573.33,furniture,Kazan,679,4,4,True,1,6,False,False,False,1.2741,0
listing_001892,user_01514,Gaming laptop with warranty,Available for inspection before purchase.,721.1,electronics,Moscow,875,3,6,True,0,6,False,False,False,0.8012,0
listing_001893,user_00154,Designer sofa very cheap urgent,"Prepayment only, contact me in Telegram.",204.77,furniture,Saint Petersburg,10,2,12,True,1,1,True,True,True,0.455,1
listing_001894,user_01582,One bedroom apartment near metro,"Used carefully, normal sale, local pickup is possible.",57192.11,real_estate,Novosibirsk,666,0,1,True,0,6,False,False,False,0.7626,0
listing_001895,user_00168,Apartment below market prepayment,"Urgent sale today, write outside the platform.",32346.34,real_estate,Sochi,1,8,19,False,2,2,False,True,True,0.4313,1
listing_001896,user_01233,Used city bike,Available for inspection before purchase.,8045.06,vehicles,Moscow,635,1,6,True,1,2,False,False,False,0.9465,0
listing_001897,user_00700,Gaming laptop with warranty,"Used carefully, normal sale, local pickup is possible.",859.31,electronics,Novosibirsk,666,3,6,True,0,3,False,False,False,0.9548,0
listing_001898,user_00120,MacBook sealed prepayment only,"Prepayment only, contact me in Telegram.",354.19,electronics,Saint Petersburg,6,5,16,True,1,2,True,True,True,0.3935,1
listing_001899,user_00027,Sneakers limited urgent,"Urgent sale today, write outside the platform.",63.25,fashion,Novosibirsk,9,5,19,False,2,2,False,True,True,0.5271,1
listing_001900,user_00608,Luxury jacket original cheap,"Delivery after deposit, no calls, messenger only.",51.82,fashion,Moscow,12,5,14,False,0,0,False,True,True,0.4318,1
listing_001901,user_00221,Gaming laptop with warranty,Available for inspection before purchase.,977.94,electronics,Kazan,1466,0,4,True,0,2,False,False,False,1.0866,0
listing_001902,user_00956,MacBook sealed prepayment only,"Prepayment only, contact me in Telegram.",302.04,electronics,Sochi,2,7,17,False,2,2,True,True,True,0.3356,1
listing_001903,user_01248,Washer cheap Telegram,"Prepayment only, contact me in Telegram.",411.86,home_appliances,Novosibirsk,19,2,11,False,3,0,True,True,True,0.6336,1
listing_001904,user_01629,Microwave oven,"Used carefully, normal sale, local pickup is possible.",752.27,home_appliances,Sochi,929,0,1,False,1,4,False,False,False,1.1573,0
listing_001905,user_00631,Winter jacket lightly used,"Personal item, can meet in person and answer questions.",92.18,fashion,Kazan,920,1,6,True,0,6,False,False,False,0.7682,0
listing_001906,user_01669,Rent urgent contact Telegram,"Delivery after deposit, no calls, messenger only.",43512.17,real_estate,Kazan,19,6,16,False,2,1,True,True,True,0.5802,1
listing_001907,user_00398,Winter jacket lightly used,"Used carefully, normal sale, local pickup is possible.",134.97,fashion,Sochi,491,0,4,False,0,2,False,False,False,1.1247,0
listing_001908,user_00128,Leather shoes size 42,"Used carefully, normal sale, local pickup is possible.",149.27,fashion,Moscow,416,1,4,True,0,4,False,False,False,1.2439,0
listing_001909,user_00876,iPhone 15 Pro very cheap urgent,"Urgent sale today, write outside the platform.",454.27,electronics,Kazan,20,2,13,False,0,2,False,True,True,0.5047,0
listing_001910,user_01005,New fridge half price urgent,"Prepayment only, contact me in Telegram.",429.57,home_appliances,Novosibirsk,5,6,17,False,0,1,True,True,True,0.6609,1
listing_001911,user_00228,Used city bike,"Urgent sale today, write outside the platform.",11143.7,vehicles,Kazan,1063,0,5,True,0,4,False,True,True,1.311,0
listing_001912,user_00138,Used city bike,"Used carefully, normal sale, local pickup is possible.",9590.81,vehicles,Sochi,821,0,2,True,0,5,False,False,False,1.1283,0
listing_001913,user_00795,Used city bike,"Used carefully, normal sale, local pickup is possible.",9403.56,vehicles,Saint Petersburg,710,1,4,True,0,3,False,False,False,1.1063,0
listing_001914,user_00429,Luxury jacket original cheap,"Urgent sale today, write outside the platform.",20.19,fashion,Moscow,11,5,15,False,1,0,False,True,True,0.1683,1
listing_001915,user_00584,Leather shoes size 42,Available for inspection before purchase.,117.61,fashion,Saint Petersburg,477,2,4,True,0,2,False,False,False,0.9801,0
listing_001916,user_01352,Used city bike,Available for inspection before purchase.,9212.52,vehicles,Sochi,256,0,2,True,0,2,False,False,False,1.0838,0
listing_001917,user_00110,Scooter cheap today only,"Prepayment only, contact me in Telegram.",3537.4,vehicles,Moscow,7,6,19,False,0,1,True,True,True,0.4162,1
listing_001918,user_00554,Microwave oven,Available for inspection before purchase.,551.94,home_appliances,Saint Petersburg,215,0,3,True,0,6,False,False,False,0.8491,0
listing_001919,user_00305,MacBook sealed prepayment only,"Urgent sale today, write outside the platform.",567.3,electronics,Sochi,12,7,21,False,0,2,False,True,True,0.6303,0
listing_001920,user_00419,Used city bike,"Personal item, can meet in person and answer questions.",7148.97,vehicles,Moscow,1044,1,5,True,0,4,False,False,False,0.8411,0
listing_001921,user_01038,Washing machine works well,Available for inspection before purchase.,797.22,home_appliances,Moscow,820,1,2,True,0,2,False,False,False,1.2265,0
listing_001922,user_00877,Gaming laptop with warranty,"Used carefully, normal sale, local pickup is possible.",788.21,electronics,Kazan,459,0,4,False,0,3,False,False,False,0.8758,0
listing_001923,user_00742,Gaming laptop with warranty,"Prepayment only, contact me in Telegram.",959.33,electronics,Kazan,639,2,5,True,0,6,True,True,True,1.0659,0
listing_001924,user_01667,Gaming laptop with warranty,"Used carefully, normal sale, local pickup is possible.",1030.58,electronics,Sochi,1192,0,2,True,0,4,False,False,False,1.1451,0
listing_001925,user_00551,Used city bike,"Delivery after deposit, no calls, messenger only.",9987.81,vehicles,Kazan,542,1,3,False,0,5,False,True,True,1.175,0
listing_001926,user_01426,Studio for long term rent,"Used carefully, normal sale, local pickup is possible.",78129.14,real_estate,Saint Petersburg,87,3,4,True,1,5,False,False,False,1.0417,0
listing_001927,user_00453,Toyota Corolla 2016 clean documents,"Used carefully, normal sale, local pickup is possible.",10452.06,vehicles,Saint Petersburg,513,2,8,True,0,3,False,False,False,1.2297,0
listing_001928,user_00559,Microwave oven,"Personal item, can meet in person and answer questions.",573.92,home_appliances,Moscow,459,1,4,True,0,5,False,False,False,0.883,0
listing_001929,user_00699,New table prepay reserve,"Delivery after deposit, no calls, messenger only.",125.84,furniture,Moscow,12,3,13,True,3,1,False,True,True,0.2796,1
listing_001930,user_01425,Microwave oven,"Personal item, can meet in person and answer questions.",669.67,home_appliances,Moscow,1214,0,1,True,1,3,False,False,False,1.0303,0
listing_001931,user_00395,Designer sofa very cheap urgent,"Delivery after deposit, no calls, messenger only.",138.14,furniture,Moscow,5,4,16,True,1,1,False,True,True,0.307,1
listing_001932,user_01067,Winter jacket lightly used,"Used carefully, normal sale, local pickup is possible.",133.64,fashion,Saint Petersburg,172,2,5,False,0,4,False,False,False,1.1137,0
listing_001933,user_00132,Dining table with chairs,Available for inspection before purchase.,444.13,furniture,Saint Petersburg,683,2,7,False,1,6,False,False,False,0.987,0
listing_001934,user_00367,Toyota Corolla 2016 clean documents,Available for inspection before purchase.,7119.05,vehicles,Moscow,343,4,7,True,0,3,False,False,False,0.8375,0
listing_001935,user_01506,Car urgent sale no questions,"Urgent sale today, write outside the platform.",5625.19,vehicles,Novosibirsk,19,7,23,False,1,0,False,True,True,0.6618,1
listing_001936,user_01705,Wooden desk in good condition,Available for inspection before purchase.,614.11,furniture,Kazan,568,1,3,True,0,3,False,False,False,1.3647,0
listing_001937,user_00362,Gaming laptop with warranty,Available for inspection before purchase.,1171.78,electronics,Moscow,1196,2,6,True,0,2,False,False,False,1.302,0
listing_001938,user_00025,One bedroom apartment near metro,"Used carefully, normal sale, local pickup is possible.",75076.86,real_estate,Sochi,659,2,6,True,1,6,False,False,False,1.001,0
listing_001939,user_01525,Wooden desk in good condition,"Used carefully, normal sale, local pickup is possible.",447.65,furniture,Moscow,691,1,4,False,0,3,False,False,False,0.9948,0
listing_001940,user_01061,Used iPhone 13 in good condition,"Personal item, can meet in person and answer questions.",926.44,electronics,Moscow,388,1,2,False,1,4,False,False,False,1.0294,0
listing_001941,user_00639,Studio for long term rent,"Prepayment only, contact me in Telegram.",31973.59,real_estate,Kazan,1193,2,2,False,1,2,True,True,True,0.4263,1
listing_001942,user_00651,Designer sofa very cheap urgent,"Delivery after deposit, no calls, messenger only.",171.18,furniture,Moscow,20,3,13,False,0,2,False,True,True,0.3804,1
listing_001943,user_01314,New fridge half price urgent,"Urgent sale today, write outside the platform.",305.52,home_appliances,Sochi,7,6,18,False,0,1,False,True,True,0.47,1
listing_001944,user_00729,Winter jacket lightly used,"Used carefully, normal sale, local pickup is possible.",101.93,fashion,Sochi,480,2,6,True,1,3,False,False,False,0.8494,0
listing_001945,user_00204,Sneakers limited urgent,"Urgent sale today, write outside the platform.",63.07,fashion,Novosibirsk,15,7,22,False,4,2,False,True,True,0.5256,1
listing_001946,user_00934,Luxury jacket original cheap,"Delivery after deposit, no calls, messenger only.",77.49,fashion,Kazan,19,4,12,False,0,1,False,True,True,0.6457,0
listing_001947,user_00648,Used city bike,"Used carefully, normal sale, local pickup is possible.",8858.94,vehicles,Sochi,650,2,4,False,0,3,False,False,False,1.0422,0
listing_001948,user_00390,Dining table with chairs,Available for inspection before purchase.,558.37,furniture,Sochi,688,0,1,True,1,4,False,False,False,1.2408,0
listing_001949,user_00925,Winter jacket lightly used,"Personal item, can meet in person and answer questions.",120.9,fashion,Moscow,1371,3,6,False,0,4,False,False,False,1.0075,0
listing_001950,user_01005,Gaming laptop with warranty,"Personal item, can meet in person and answer questions.",1106.03,electronics,Sochi,831,2,5,True,0,2,False,False,False,1.2289,0
listing_001951,user_00438,Leather shoes size 42,"Personal item, can meet in person and answer questions.",154.63,fashion,Saint Petersburg,507,1,6,True,0,2,False,False,False,1.2886,0
listing_001952,user_00026,Washing machine works well,"Personal item, can meet in person and answer questions.",800.66,home_appliances,Novosibirsk,1014,3,6,True,0,4,False,False,False,1.2318,0
listing_001953,user_00909,Scooter cheap today only,"Urgent sale today, write outside the platform.",5874.2,vehicles,Sochi,7,5,23,False,3,1,False,True,True,0.6911,1
listing_001954,user_01714,Gaming laptop with warranty,"Personal item, can meet in person and answer questions.",1026.77,electronics,Sochi,35,0,5,False,0,5,False,False,False,1.1409,0
listing_001955,user_00869,Leather shoes size 42,"Personal item, can meet in person and answer questions.",112.24,fashion,Sochi,60,1,7,True,0,6,False,False,False,0.9353,0
listing_001956,user_00277,Wooden desk in good condition,"Personal item, can meet in person and answer questions.",434.05,furniture,Novosibirsk,1382,1,3,True,0,4,False,False,False,0.9646,0
listing_001957,user_00816,Apartment below market prepayment,"Urgent sale today, write outside the platform.",27646.69,real_estate,Sochi,16,5,15,False,1,0,False,True,True,0.3686,1
listing_001958,user_00014,Used city bike,"Used carefully, normal sale, local pickup is possible.",9030.62,vehicles,Moscow,944,0,1,True,0,4,False,False,False,1.0624,0
listing_001959,user_01109,Designer sofa very cheap urgent,"Prepayment only, contact me in Telegram.",239.04,furniture,Kazan,13,7,24,False,1,0,True,True,True,0.5312,1
listing_001960,user_00924,One bedroom apartment near metro,"Used carefully, normal sale, local pickup is possible.",76787.84,real_estate,Moscow,951,2,4,False,1,2,False,False,False,1.0238,0
listing_001961,user_00417,Designer sofa very cheap urgent,"Personal item, can meet in person and answer questions.",425.04,furniture,Sochi,64,2,5,True,0,5,False,True,False,0.9445,0
listing_001962,user_01308,Rent urgent contact Telegram,"Urgent sale today, write outside the platform.",33536.57,real_estate,Saint Petersburg,5,7,18,False,2,2,True,True,True,0.4472,1
listing_001963,user_00312,Leather shoes size 42,"Personal item, can meet in person and answer questions.",119.69,fashion,Saint Petersburg,219,2,4,True,0,3,False,False,False,0.9974,0
listing_001964,user_01157,Studio for long term rent,Available for inspection before purchase.,97056.8,real_estate,Saint Petersburg,354,1,5,True,0,3,False,False,False,1.2941,0
listing_001965,user_00059,Used iPhone 13 in good condition,"Personal item, can meet in person and answer questions.",651.19,electronics,Moscow,883,0,8,False,0,6,False,False,False,0.7235,0
listing_001966,user_01647,Gaming laptop with warranty,"Personal item, can meet in person and answer questions.",1023.82,electronics,Sochi,215,1,4,True,0,3,False,False,False,1.1376,0
listing_001967,user_00183,Toyota Corolla 2016 clean documents,"Used carefully, normal sale, local pickup is possible.",10980.04,vehicles,Kazan,1028,0,6,True,0,4,False,False,False,1.2918,0
listing_001968,user_00538,Gaming laptop with warranty,"Used carefully, normal sale, local pickup is possible.",870.7,electronics,Moscow,1299,1,3,True,0,2,False,False,False,0.9674,0
listing_001969,user_00835,Used city bike,"Personal item, can meet in person and answer questions.",7972.6,vehicles,Moscow,1479,0,5,True,0,2,False,False,False,0.938,0
listing_001970,user_00551,Studio for long term rent,Available for inspection before purchase.,64924.98,real_estate,Kazan,336,0,4,True,1,2,False,False,False,0.8657,0
listing_001971,user_01672,Used iPhone 13 in good condition,"Used carefully, normal sale, local pickup is possible.",927.78,electronics,Saint Petersburg,1030,1,6,False,0,2,False,False,False,1.0309,0
listing_001972,user_01739,Wooden desk in good condition,Available for inspection before purchase.,416.74,furniture,Moscow,367,0,4,True,0,3,False,False,False,0.9261,0
listing_001973,user_01743,Car urgent sale no questions,"Delivery after deposit, no calls, messenger only.",5088.37,vehicles,Kazan,20,4,21,False,4,1,False,True,True,0.5986,1
listing_001974,user_01528,New fridge half price urgent,Available for inspection before purchase.,735.62,home_appliances,Kazan,160,0,2,True,0,3,False,True,False,1.1317,0
listing_001975,user_01653,Car urgent sale no questions,"Prepayment only, contact me in Telegram.",3719.74,vehicles,Sochi,16,6,21,False,2,1,True,True,True,0.4376,1
listing_001976,user_00997,Washing machine works well,Available for inspection before purchase.,681.86,home_appliances,Moscow,1387,1,8,True,0,4,False,False,False,1.049,0
listing_001977,user_00425,Studio for long term rent,"Personal item, can meet in person and answer questions.",72185.42,real_estate,Sochi,813,1,4,True,0,5,False,False,False,0.9625,0
listing_001978,user_00233,Gaming laptop with warranty,"Used carefully, normal sale, local pickup is possible.",1133.11,electronics,Saint Petersburg,675,0,2,True,1,2,False,False,False,1.259,0
listing_001979,user_01339,One bedroom apartment near metro,Available for inspection before purchase.,65824.07,real_estate,Kazan,929,3,6,True,0,4,False,False,False,0.8777,0
listing_001980,user_00754,Designer sofa very cheap urgent,"Delivery after deposit, no calls, messenger only.",267.85,furniture,Sochi,20,3,16,False,2,2,False,True,True,0.5952,1
listing_001981,user_00914,Winter jacket lightly used,"Personal item, can meet in person and answer questions.",101.11,fashion,Saint Petersburg,856,2,5,True,0,2,False,False,False,0.8426,0
listing_001982,user_01741,Designer sofa very cheap urgent,"Delivery after deposit, no calls, messenger only.",91.45,furniture,Moscow,16,3,9,False,1,2,False,True,True,0.2032,1
listing_001983,user_01257,New fridge half price urgent,"Delivery after deposit, no calls, messenger only.",298.66,home_appliances,Saint Petersburg,10,5,17,False,1,1,False,True,True,0.4595,1
listing_001984,user_00658,Studio for long term rent,Available for inspection before purchase.,84228.42,real_estate,Novosibirsk,457,0,4,True,1,6,False,False,False,1.123,0
listing_001985,user_00949,Scooter cheap today only,"Prepayment only, contact me in Telegram.",6314.5,vehicles,Moscow,3,5,20,False,1,0,True,True,True,0.7429,1
listing_001986,user_01541,Gaming laptop with warranty,"Used carefully, normal sale, local pickup is possible.",721.0,electronics,Novosibirsk,158,1,3,True,0,3,False,False,False,0.8011,0
listing_001987,user_00165,One bedroom apartment near metro,"Used carefully, normal sale, local pickup is possible.",75797.72,real_estate,Moscow,409,1,5,True,0,2,False,False,False,1.0106,0
listing_001988,user_00239,iPhone 15 Pro very cheap urgent,"Urgent sale today, write outside the platform.",483.48,electronics,Kazan,12,2,15,False,0,1,False,True,True,0.5372,1
listing_001989,user_01720,One bedroom apartment near metro,Available for inspection before purchase.,66115.31,real_estate,Sochi,1433,1,2,True,1,2,False,False,False,0.8815,0
listing_001990,user_01548,Studio for long term rent,Available for inspection before purchase.,88560.15,real_estate,Sochi,1477,1,7,True,0,2,False,False,False,1.1808,0
listing_001991,user_00803,MacBook sealed prepayment only,"Delivery after deposit, no calls, messenger only.",317.58,electronics,Novosibirsk,1,10,23,False,1,0,False,True,True,0.3529,1
listing_001992,user_00816,Winter jacket lightly used,"Personal item, can meet in person and answer questions.",159.27,fashion,Sochi,1343,1,5,True,1,4,False,False,False,1.3273,0
listing_001993,user_01712,Microwave oven,"Personal item, can meet in person and answer questions.",672.01,home_appliances,Saint Petersburg,169,1,6,True,0,4,False,False,False,1.0339,0
listing_001994,user_00966,Wooden desk in good condition,"Delivery after deposit, no calls, messenger only.",621.22,furniture,Sochi,624,0,3,True,1,4,False,True,True,1.3805,0
listing_001995,user_01501,Dining table with chairs,Available for inspection before purchase.,549.51,furniture,Sochi,861,1,5,False,1,3,False,False,False,1.2211,0
listing_001996,user_01355,Used city bike,"Personal item, can meet in person and answer questions.",8254.62,vehicles,Saint Petersburg,578,1,5,True,0,5,False,False,False,0.9711,0
listing_001997,user_00795,Wooden desk in good condition,"Used carefully, normal sale, local pickup is possible.",449.22,furniture,Moscow,802,1,2,True,0,4,False,False,False,0.9983,0
listing_001998,user_00708,Dining table with chairs,Available for inspection before purchase.,637.36,furniture,Novosibirsk,220,1,4,True,0,2,False,False,False,1.4164,0
listing_001999,user_00771,Used city bike,"Personal item, can meet in person and answer questions.",4733.83,vehicles,Moscow,431,0,8,False,1,5,False,False,False,0.5569,0
listing_002000,user_00802,Leather shoes size 42,Available for inspection before purchase.,159.02,fashion,Kazan,215,1,5,True,1,3,False,False,False,1.3252,0
listing_002001,user_00072,Designer sofa very cheap urgent,"Urgent sale today, write outside the platform.",297.67,furniture,Moscow,5,6,24,False,1,1,False,True,True,0.6615,1
listing_002002,user_01355,iPhone 15 Pro very cheap urgent,"Delivery after deposit, no calls, messenger only.",435.86,electronics,Kazan,16,2,16,False,1,1,False,True,True,0.4843,1
listing_002003,user_01390,Apartment below market prepayment,"Urgent sale today, write outside the platform.",29144.33,real_estate,Kazan,11,3,19,False,2,2,False,True,True,0.3886,1
listing_002004,user_01657,Washer cheap Telegram,"Urgent sale today, write outside the platform.",417.09,home_appliances,Moscow,1,7,18,False,1,2,True,True,True,0.6417,1
listing_002005,user_00800,Microwave oven,"Personal item, can meet in person and answer questions.",698.72,home_appliances,Moscow,1194,0,1,True,0,5,False,False,False,1.075,0
listing_002006,user_00876,Gaming laptop with warranty,"Used carefully, normal sale, local pickup is possible.",1128.47,electronics,Novosibirsk,933,2,5,True,0,4,False,False,False,1.2539,0
listing_002007,user_00834,Washer cheap Telegram,"Urgent sale today, write outside the platform.",732.2,home_appliances,Saint Petersburg,1079,1,2,True,0,5,True,True,True,1.1265,0
listing_002008,user_01441,Gaming laptop with warranty,"Used carefully, normal sale, local pickup is possible.",1043.76,electronics,Kazan,1456,1,3,True,0,3,False,False,False,1.1597,0
listing_002009,user_00876,Rent urgent contact Telegram,Available for inspection before purchase.,64365.7,real_estate,Kazan,793,1,5,True,0,4,True,True,True,0.8582,0
listing_002010,user_01009,One bedroom apartment near metro,"Personal item, can meet in person and answer questions.",55797.12,real_estate,Novosibirsk,1356,3,5,False,0,4,False,False,False,0.744,0
listing_002011,user_00347,Used iPhone 13 in good condition,Available for inspection before purchase.,972.32,electronics,Sochi,208,2,3,True,0,5,False,False,False,1.0804,0
listing_002012,user_01566,iPhone 15 Pro very cheap urgent,"Urgent sale today, write outside the platform.",544.38,electronics,Moscow,6,7,19,True,0,0,False,True,True,0.6049,1
listing_002013,user_01585,Toyota Corolla 2016 clean documents,Available for inspection before purchase.,5910.39,vehicles,Saint Petersburg,725,0,1,True,0,3,False,False,False,0.6953,0
listing_002014,user_01649,Gaming laptop with warranty,"Personal item, can meet in person and answer questions.",535.15,electronics,Sochi,1182,1,9,True,1,2,False,False,False,0.5946,0
listing_002015,user_00663,Used iPhone 13 in good condition,"Urgent sale today, write outside the platform.",986.7,electronics,Sochi,560,1,2,False,0,5,False,True,True,1.0963,0
listing_002016,user_00690,Dining table with chairs,"Prepayment only, contact me in Telegram.",452.73,furniture,Moscow,868,3,5,True,0,5,True,True,True,1.0061,0
listing_002017,user_00475,Used iPhone 13 in good condition,"Personal item, can meet in person and answer questions.",993.2,electronics,Novosibirsk,448,3,7,False,0,3,False,False,False,1.1036,0
listing_002018,user_00750,One bedroom apartment near metro,Available for inspection before purchase.,89487.15,real_estate,Novosibirsk,1311,0,1,False,0,2,False,False,False,1.1932,0
listing_002019,user_00339,Scooter cheap today only,"Used carefully, normal sale, local pickup is possible.",7243.85,vehicles,Sochi,1058,0,4,False,1,3,False,True,False,0.8522,0
listing_002020,user_00148,Winter jacket lightly used,"Used carefully, normal sale, local pickup is possible.",104.74,fashion,Novosibirsk,486,1,5,True,1,2,False,False,False,0.8728,0
listing_002021,user_00572,Winter jacket lightly used,"Personal item, can meet in person and answer questions.",147.99,fashion,Saint Petersburg,479,4,7,False,0,6,False,False,False,1.2333,0
listing_002022,user_01001,Used iPhone 13 in good condition,"Personal item, can meet in person and answer questions.",1229.31,electronics,Sochi,1309,1,5,True,1,6,False,False,False,1.3659,0
listing_002023,user_00785,Designer sofa very cheap urgent,"Prepayment only, contact me in Telegram.",231.44,furniture,Moscow,18,9,17,False,1,2,True,True,True,0.5143,1
listing_002024,user_00484,Wooden desk in good condition,Available for inspection before purchase.,547.36,furniture,Saint Petersburg,544,0,3,True,0,6,False,False,False,1.2164,0
listing_002025,user_00401,Washing machine works well,Available for inspection before purchase.,831.13,home_appliances,Saint Petersburg,1057,0,2,True,0,2,False,False,False,1.2787,0
listing_002026,user_01065,Gaming laptop with warranty,"Used carefully, normal sale, local pickup is possible.",546.84,electronics,Saint Petersburg,1195,2,9,True,1,2,False,False,False,0.6076,0
listing_002027,user_00840,MacBook sealed prepayment only,"Delivery after deposit, no calls, messenger only.",474.47,electronics,Sochi,0,6,23,True,2,1,False,True,True,0.5272,1
listing_002028,user_01076,Washer cheap Telegram,"Urgent sale today, write outside the platform.",262.6,home_appliances,Saint Petersburg,5,5,10,True,1,0,True,True,True,0.404,1
listing_002029,user_01075,Microwave oven,"Used carefully, normal sale, local pickup is possible.",504.48,home_appliances,Novosibirsk,1391,1,6,True,1,3,False,False,False,0.7761,0
listing_002030,user_00616,Leather shoes size 42,Available for inspection before purchase.,118.95,fashion,Novosibirsk,480,0,4,False,0,2,False,False,False,0.9913,0
listing_002031,user_00649,Used city bike,Available for inspection before purchase.,9176.05,vehicles,Sochi,146,1,3,True,1,4,False,False,False,1.0795,0
listing_002032,user_00318,One bedroom apartment near metro,"Personal item, can meet in person and answer questions.",94207.26,real_estate,Novosibirsk,1205,0,3,True,0,3,False,False,False,1.2561,0
listing_002033,user_01422,Used iPhone 13 in good condition,"Personal item, can meet in person and answer questions.",1125.69,electronics,Novosibirsk,336,1,7,True,0,5,False,False,False,1.2508,0
listing_002034,user_01565,Gaming laptop with warranty,"Prepayment only, contact me in Telegram.",956.34,electronics,Moscow,1498,0,1,True,0,4,True,True,True,1.0626,0
listing_002035,user_01164,Dining table with chairs,"Personal item, can meet in person and answer questions.",485.91,furniture,Kazan,1443,0,6,True,0,2,False,False,False,1.0798,0
listing_002036,user_00775,Designer sofa very cheap urgent,"Prepayment only, contact me in Telegram.",105.59,furniture,Sochi,9,4,16,False,2,1,True,True,True,0.2346,1
listing_002037,user_00493,Toyota Corolla 2016 clean documents,Available for inspection before purchase.,7303.01,vehicles,Sochi,1316,1,3,False,0,2,False,False,False,0.8592,0
listing_002038,user_00024,Wooden desk in good condition,"Personal item, can meet in person and answer questions.",599.16,furniture,Novosibirsk,1063,0,2,False,1,4,False,False,False,1.3315,0
listing_002039,user_01662,Rent urgent contact Telegram,"Prepayment only, contact me in Telegram.",23802.2,real_estate,Novosibirsk,12,5,11,False,0,1,True,True,True,0.3174,1
listing_002040,user_00549,Gaming laptop with warranty,Available for inspection before purchase.,1032.27,electronics,Kazan,72,2,8,True,0,3,False,False,False,1.147,0
listing_002041,user_01784,Scooter cheap today only,"Urgent sale today, write outside the platform.",5426.77,vehicles,Sochi,1,8,16,True,1,1,False,True,True,0.6384,1
listing_002042,user_01687,Microwave oven,"Delivery after deposit, no calls, messenger only.",644.33,home_appliances,Saint Petersburg,168,1,3,True,0,2,False,True,True,0.9913,0
listing_002043,user_01791,Apartment below market prepayment,"Personal item, can meet in person and answer questions.",82886.1,real_estate,Saint Petersburg,467,0,1,True,0,5,False,False,False,1.1051,0
listing_002044,user_01227,MacBook sealed prepayment only,"Urgent sale today, write outside the platform.",581.71,electronics,Kazan,9,8,19,False,1,0,False,True,True,0.6463,1
listing_002045,user_00916,Leather shoes size 42,"Used carefully, normal sale, local pickup is possible.",132.61,fashion,Moscow,1119,1,4,True,1,4,False,False,False,1.1051,0
listing_002046,user_01446,Used iPhone 13 in good condition,"Prepayment only, contact me in Telegram.",1109.86,electronics,Moscow,1390,0,2,True,0,5,True,True,True,1.2332,0
listing_002047,user_01106,Wooden desk in good condition,"Used carefully, normal sale, local pickup is possible.",513.66,furniture,Novosibirsk,52,2,6,True,1,6,False,False,False,1.1415,0
listing_002048,user_01616,iPhone 15 Pro very cheap urgent,"Urgent sale today, write outside the platform.",333.5,electronics,Saint Petersburg,19,8,23,False,2,0,False,True,True,0.3706,1
listing_002049,user_00617,Washer cheap Telegram,"Urgent sale today, write outside the platform.",346.85,home_appliances,Moscow,7,6,19,True,4,1,True,True,True,0.5336,1
listing_002050,user_01608,Leather shoes size 42,Available for inspection before purchase.,109.29,fashion,Saint Petersburg,1058,0,7,False,0,5,False,False,False,0.9108,0
listing_002051,user_01407,Used city bike,"Personal item, can meet in person and answer questions.",10493.32,vehicles,Saint Petersburg,1065,0,2,True,1,6,False,False,False,1.2345,0
listing_002052,user_00729,Car urgent sale no questions,"Urgent sale today, write outside the platform.",2051.99,vehicles,Sochi,20,5,22,False,4,0,False,True,True,0.2414,1
listing_002053,user_00591,Microwave oven,"Used carefully, normal sale, local pickup is possible.",562.6,home_appliances,Saint Petersburg,704,1,5,True,0,2,False,False,False,0.8655,0
listing_002054,user_00870,Sneakers limited urgent,"Delivery after deposit, no calls, messenger only.",22.8,fashion,Kazan,13,9,22,False,2,0,False,True,True,0.19,1
listing_002055,user_00791,Leather shoes size 42,"Used carefully, normal sale, local pickup is possible.",158.02,fashion,Sochi,140,0,3,False,0,4,False,False,False,1.3168,0
listing_002056,user_00380,Microwave oven,Available for inspection before purchase.,698.94,home_appliances,Kazan,136,0,3,True,0,4,False,False,False,1.0753,0
listing_002057,user_01590,Dining table with chairs,"Used carefully, normal sale, local pickup is possible.",468.67,furniture,Moscow,519,0,2,True,0,3,False,False,False,1.0415,0
listing_002058,user_01358,Gaming laptop with warranty,Available for inspection before purchase.,665.53,electronics,Sochi,1461,0,1,True,0,5,False,False,False,0.7395,0
listing_002059,user_00536,Washing machine works well,"Personal item, can meet in person and answer questions.",801.24,home_appliances,Saint Petersburg,735,0,3,True,1,6,False,False,False,1.2327,0
listing_002060,user_01764,MacBook sealed prepayment only,"Urgent sale today, write outside the platform.",581.88,electronics,Novosibirsk,20,4,14,False,0,1,False,True,True,0.6465,0
listing_002061,user_00636,Apartment below market prepayment,"Delivery after deposit, no calls, messenger only.",56127.68,real_estate,Novosibirsk,15,3,15,False,0,2,False,True,True,0.7484,0
listing_002062,user_00350,Apartment below market prepayment,"Urgent sale today, write outside the platform.",59309.92,real_estate,Novosibirsk,1277,1,3,True,0,4,False,True,True,0.7908,0
listing_002063,user_00080,Toyota Corolla 2016 clean documents,"Personal item, can meet in person and answer questions.",10088.1,vehicles,Novosibirsk,204,2,3,True,0,4,False,False,False,1.1868,0
listing_002064,user_01629,Winter jacket lightly used,"Used carefully, normal sale, local pickup is possible.",163.47,fashion,Saint Petersburg,1266,1,4,True,0,5,False,False,False,1.3622,0
listing_002065,user_00205,Wooden desk in good condition,"Personal item, can meet in person and answer questions.",557.36,furniture,Kazan,873,0,3,True,0,6,False,False,False,1.2386,0
listing_002066,user_00321,Car urgent sale no questions,"Urgent sale today, write outside the platform.",5935.74,vehicles,Moscow,11,11,23,False,2,1,False,True,True,0.6983,1
listing_002067,user_00740,Leather shoes size 42,"Personal item, can meet in person and answer questions.",105.05,fashion,Moscow,722,3,6,False,0,2,False,False,False,0.8754,0
listing_002068,user_00544,Used city bike,Available for inspection before purchase.,9206.46,vehicles,Moscow,1227,1,5,False,0,3,False,False,False,1.0831,0
listing_002069,user_01527,Toyota Corolla 2016 clean documents,"Used carefully, normal sale, local pickup is possible.",7769.57,vehicles,Saint Petersburg,558,1,3,False,1,4,False,False,False,0.9141,0
listing_002070,user_01527,One bedroom apartment near metro,"Prepayment only, contact me in Telegram.",95686.49,real_estate,Kazan,518,1,4,True,1,6,True,True,True,1.2758,0
listing_002071,user_01745,Luxury jacket original cheap,"Delivery after deposit, no calls, messenger only.",80.81,fashion,Moscow,17,6,24,True,2,1,False,True,True,0.6734,1
listing_002072,user_01131,Gaming laptop with warranty,"Used carefully, normal sale, local pickup is possible.",791.69,electronics,Saint Petersburg,1068,3,8,True,0,6,False,False,False,0.8797,0
listing_002073,user_01601,Wooden desk in good condition,"Personal item, can meet in person and answer questions.",449.75,furniture,Sochi,1205,1,2,True,0,2,False,False,False,0.9994,0
listing_002074,user_00896,Scooter cheap today only,"Delivery after deposit, no calls, messenger only.",1670.44,vehicles,Novosibirsk,10,4,20,True,2,0,False,True,True,0.1965,1
listing_002075,user_01725,Winter jacket lightly used,"Personal item, can meet in person and answer questions.",143.37,fashion,Sochi,1361,1,4,True,0,3,False,False,False,1.1947,0
listing_002076,user_01404,MacBook sealed prepayment only,"Urgent sale today, write outside the platform.",534.31,electronics,Kazan,9,8,20,False,0,0,False,True,True,0.5937,1
listing_002077,user_00646,Washing machine works well,"Prepayment only, contact me in Telegram.",830.44,home_appliances,Kazan,1328,0,2,True,1,3,True,True,True,1.2776,0
listing_002078,user_01258,Gaming laptop with warranty,"Prepayment only, contact me in Telegram.",761.49,electronics,Sochi,1363,0,3,True,0,5,True,True,True,0.8461,0
listing_002079,user_00009,Used iPhone 13 in good condition,"Used carefully, normal sale, local pickup is possible.",1115.93,electronics,Novosibirsk,401,3,3,True,0,3,False,False,False,1.2399,0
listing_002080,user_01406,Leather shoes size 42,Available for inspection before purchase.,144.26,fashion,Moscow,927,2,4,False,0,4,False,False,False,1.2022,0
listing_002081,user_01263,Leather shoes size 42,Available for inspection before purchase.,95.97,fashion,Moscow,857,1,3,False,0,5,False,False,False,0.7997,0
listing_002082,user_01058,Used iPhone 13 in good condition,"Personal item, can meet in person and answer questions.",697.97,electronics,Sochi,974,0,2,True,0,6,False,False,False,0.7755,0
listing_002083,user_00915,Used city bike,"Personal item, can meet in person and answer questions.",7443.12,vehicles,Sochi,303,2,5,False,1,5,False,False,False,0.8757,0
listing_002084,user_01092,Winter jacket lightly used,"Urgent sale today, write outside the platform.",152.48,fashion,Sochi,111,1,3,True,1,2,False,True,True,1.2707,0
listing_002085,user_00617,iPhone 15 Pro very cheap urgent,"Delivery after deposit, no calls, messenger only.",234.01,electronics,Kazan,7,7,19,False,1,1,False,True,True,0.26,1
listing_002086,user_00253,iPhone 15 Pro very cheap urgent,"Delivery after deposit, no calls, messenger only.",639.44,electronics,Saint Petersburg,18,7,16,False,2,0,False,True,True,0.7105,1
listing_002087,user_00888,iPhone 15 Pro very cheap urgent,"Prepayment only, contact me in Telegram.",613.58,electronics,Saint Petersburg,11,4,14,False,2,1,True,True,True,0.6818,1
listing_002088,user_01755,Winter jacket lightly used,Available for inspection before purchase.,115.28,fashion,Sochi,134,0,2,True,0,6,False,False,False,0.9607,0
listing_002089,user_01784,Used city bike,"Personal item, can meet in person and answer questions.",11536.52,vehicles,Moscow,1439,0,3,True,0,4,False,False,False,1.3572,0
listing_002090,user_01783,Winter jacket lightly used,Available for inspection before purchase.,150.26,fashion,Novosibirsk,169,1,3,True,0,5,False,False,False,1.2522,0
listing_002091,user_01324,iPhone 15 Pro very cheap urgent,"Prepayment only, contact me in Telegram.",574.04,electronics,Moscow,8,3,16,False,2,1,True,True,True,0.6378,1
listing_002092,user_01586,Leather shoes size 42,"Personal item, can meet in person and answer questions.",108.19,fashion,Sochi,1297,0,4,True,0,5,False,False,False,0.9016,0
listing_002093,user_00011,Dining table with chairs,"Personal item, can meet in person and answer questions.",551.51,furniture,Sochi,497,1,3,True,0,2,False,False,False,1.2256,0
listing_002094,user_00393,Wooden desk in good condition,"Used carefully, normal sale, local pickup is possible.",484.76,furniture,Saint Petersburg,1136,3,7,True,0,4,False,False,False,1.0772,0
listing_002095,user_01247,Toyota Corolla 2016 clean documents,"Personal item, can meet in person and answer questions.",9705.32,vehicles,Kazan,442,1,4,True,0,3,False,False,False,1.1418,0
listing_002096,user_01417,Sneakers limited urgent,"Prepayment only, contact me in Telegram.",56.79,fashion,Sochi,0,3,12,False,1,0,True,True,True,0.4733,1
listing_002097,user_00889,iPhone 15 Pro very cheap urgent,"Urgent sale today, write outside the platform.",344.01,electronics,Kazan,17,4,13,False,2,1,False,True,True,0.3822,1
listing_002098,user_01141,Microwave oven,"Personal item, can meet in person and answer questions.",748.03,home_appliances,Novosibirsk,1226,0,0,True,0,4,False,False,False,1.1508,0
listing_002099,user_00208,Washing machine works well,Available for inspection before purchase.,722.89,home_appliances,Sochi,299,0,2,True,0,2,False,False,False,1.1121,0
listing_002100,user_01547,Rent urgent contact Telegram,"Prepayment only, contact me in Telegram.",16956.79,real_estate,Saint Petersburg,17,5,20,False,1,1,True,True,True,0.2261,1
listing_002101,user_00993,Leather shoes size 42,Available for inspection before purchase.,92.06,fashion,Kazan,215,3,8,True,0,4,False,False,False,0.7672,0
listing_002102,user_01022,New fridge half price urgent,Available for inspection before purchase.,792.43,home_appliances,Novosibirsk,1157,1,3,True,0,4,False,True,False,1.2191,0
listing_002103,user_01469,Studio for long term rent,"Used carefully, normal sale, local pickup is possible.",94520.52,real_estate,Novosibirsk,1129,2,4,True,0,4,False,False,False,1.2603,0
listing_002104,user_00847,Used city bike,"Personal item, can meet in person and answer questions.",3858.52,vehicles,Kazan,557,1,1,False,0,4,False,False,False,0.4539,0
listing_002105,user_00230,Rent urgent contact Telegram,"Delivery after deposit, no calls, messenger only.",54550.87,real_estate,Saint Petersburg,16,5,12,False,1,0,True,True,True,0.7273,1
listing_002106,user_00558,Winter jacket lightly used,Available for inspection before purchase.,119.73,fashion,Moscow,1057,1,3,True,1,6,False,False,False,0.9978,0
listing_002107,user_01166,MacBook sealed prepayment only,"Delivery after deposit, no calls, messenger only.",518.41,electronics,Sochi,2,10,17,False,2,1,False,True,True,0.576,1
listing_002108,user_01322,Washer cheap Telegram,"Prepayment only, contact me in Telegram.",131.89,home_appliances,Sochi,4,4,21,False,2,2,True,True,True,0.2029,1
listing_002109,user_01409,Winter jacket lightly used,Available for inspection before purchase.,155.17,fashion,Sochi,907,0,3,True,0,2,False,False,False,1.2931,0
listing_002110,user_01713,Microwave oven,"Personal item, can meet in person and answer questions.",809.07,home_appliances,Sochi,680,0,4,True,0,3,False,False,False,1.2447,0
listing_002111,user_01691,iPhone 15 Pro very cheap urgent,"Urgent sale today, write outside the platform.",301.25,electronics,Moscow,8,5,22,False,0,0,False,True,True,0.3347,1
listing_002112,user_00294,Washing machine works well,"Personal item, can meet in person and answer questions.",491.31,home_appliances,Moscow,649,2,5,True,0,6,False,False,False,0.7559,0
listing_002113,user_00475,Wooden desk in good condition,"Used carefully, normal sale, local pickup is possible.",443.62,furniture,Moscow,1230,0,6,True,0,5,False,False,False,0.9858,0
listing_002114,user_00320,Winter jacket lightly used,"Used carefully, normal sale, local pickup is possible.",130.6,fashion,Moscow,951,0,3,True,0,2,False,False,False,1.0883,0
listing_002115,user_01274,Dining table with chairs,"Personal item, can meet in person and answer questions.",361.75,furniture,Kazan,1297,1,3,True,0,5,False,False,False,0.8039,0
listing_002116,user_00873,New fridge half price urgent,"Urgent sale today, write outside the platform.",475.84,home_appliances,Novosibirsk,19,4,13,False,1,1,False,True,True,0.7321,0
listing_002117,user_01533,iPhone 15 Pro very cheap urgent,"Delivery after deposit, no calls, messenger only.",547.05,electronics,Moscow,1,6,19,False,1,1,False,True,True,0.6078,1
listing_002118,user_01169,One bedroom apartment near metro,"Used carefully, normal sale, local pickup is possible.",80906.76,real_estate,Kazan,225,1,5,True,0,3,False,False,False,1.0788,0
listing_002119,user_01027,Wooden desk in good condition,"Personal item, can meet in person and answer questions.",460.55,furniture,Kazan,205,1,3,False,0,3,False,False,False,1.0234,0
listing_002120,user_01727,Gaming laptop with warranty,"Delivery after deposit, no calls, messenger only.",1020.86,electronics,Kazan,139,0,4,False,1,5,False,True,True,1.1343,0
listing_002121,user_00558,Washing machine works well,"Used carefully, normal sale, local pickup is possible.",783.34,home_appliances,Moscow,558,0,5,True,1,6,False,False,False,1.2051,0
listing_002122,user_00984,Winter jacket lightly used,Available for inspection before purchase.,136.16,fashion,Novosibirsk,699,3,3,True,0,6,False,False,False,1.1347,0
listing_002123,user_00647,Toyota Corolla 2016 clean documents,"Used carefully, normal sale, local pickup is possible.",8903.92,vehicles,Saint Petersburg,1186,0,1,True,0,2,False,False,False,1.0475,0
listing_002124,user_01176,MacBook sealed prepayment only,"Urgent sale today, write outside the platform.",659.02,electronics,Moscow,13,3,17,False,2,0,False,True,True,0.7322,1
listing_002125,user_01592,Wooden desk in good condition,Available for inspection before purchase.,451.39,furniture,Novosibirsk,1347,3,7,False,0,5,False,False,False,1.0031,0
listing_002126,user_01354,One bedroom apartment near metro,"Urgent sale today, write outside the platform.",93163.83,real_estate,Moscow,291,0,4,True,0,2,False,True,True,1.2422,0
listing_002127,user_01137,One bedroom apartment near metro,Available for inspection before purchase.,64012.97,real_estate,Saint Petersburg,766,2,5,True,0,6,False,False,False,0.8535,0
listing_002128,user_00032,Studio for long term rent,Available for inspection before purchase.,81286.89,real_estate,Kazan,1160,2,9,True,0,4,False,False,False,1.0838,0
listing_002129,user_00825,Washing machine works well,"Used carefully, normal sale, local pickup is possible.",619.52,home_appliances,Novosibirsk,545,0,4,True,0,2,False,False,False,0.9531,0
listing_002130,user_01154,New fridge half price urgent,"Delivery after deposit, no calls, messenger only.",312.44,home_appliances,Saint Petersburg,2,5,13,False,0,1,False,True,True,0.4807,1
listing_002131,user_00640,Microwave oven,"Used carefully, normal sale, local pickup is possible.",814.96,home_appliances,Sochi,1279,2,5,True,0,3,False,False,False,1.2538,0
listing_002132,user_01139,Washer cheap Telegram,"Delivery after deposit, no calls, messenger only.",261.17,home_appliances,Saint Petersburg,4,1,13,True,2,1,True,True,True,0.4018,1
listing_002133,user_00964,Microwave oven,Available for inspection before purchase.,803.48,home_appliances,Novosibirsk,1106,2,7,True,1,6,False,False,False,1.2361,0
listing_002134,user_00073,Used city bike,"Used carefully, normal sale, local pickup is possible.",8261.24,vehicles,Kazan,688,0,1,True,0,3,False,False,False,0.9719,0
listing_002135,user_01272,Wooden desk in good condition,"Used carefully, normal sale, local pickup is possible.",465.02,furniture,Novosibirsk,1322,0,4,True,1,4,False,False,False,1.0334,0
listing_002136,user_01110,Washing machine works well,"Used carefully, normal sale, local pickup is possible.",680.57,home_appliances,Sochi,797,0,2,True,0,3,False,False,False,1.047,0
listing_002137,user_01433,Used city bike,"Personal item, can meet in person and answer questions.",7110.37,vehicles,Kazan,1302,1,3,False,0,6,False,False,False,0.8365,0
listing_002138,user_01734,Dining table with chairs,"Personal item, can meet in person and answer questions.",386.45,furniture,Saint Petersburg,793,0,0,True,1,5,False,False,False,0.8588,0
listing_002139,user_00169,iPhone 15 Pro very cheap urgent,"Prepayment only, contact me in Telegram.",716.03,electronics,Kazan,18,5,17,False,2,1,True,True,True,0.7956,1
listing_002140,user_00289,Sneakers limited urgent,"Delivery after deposit, no calls, messenger only.",61.52,fashion,Moscow,3,4,16,False,0,2,False,True,True,0.5127,1
listing_002141,user_01657,Washing machine works well,Available for inspection before purchase.,597.35,home_appliances,Saint Petersburg,139,1,3,True,0,2,False,False,False,0.919,0
listing_002142,user_00010,Washing machine works well,Available for inspection before purchase.,778.4,home_appliances,Sochi,987,1,2,True,0,3,False,False,False,1.1975,0
listing_002143,user_01095,Used city bike,"Personal item, can meet in person and answer questions.",8155.85,vehicles,Moscow,1143,2,5,True,1,2,False,False,False,0.9595,0
listing_002144,user_01120,Used city bike,"Personal item, can meet in person and answer questions.",9486.47,vehicles,Kazan,1326,0,2,False,0,5,False,False,False,1.1161,0
listing_002145,user_01121,One bedroom apartment near metro,"Prepayment only, contact me in Telegram.",70482.55,real_estate,Novosibirsk,536,0,5,True,1,5,True,True,True,0.9398,0
listing_002146,user_01405,New table prepay reserve,"Urgent sale today, write outside the platform.",328.9,furniture,Sochi,4,4,16,False,2,1,False,True,True,0.7309,1
listing_002147,user_00860,Used iPhone 13 in good condition,"Used carefully, normal sale, local pickup is possible.",644.97,electronics,Novosibirsk,1051,2,4,True,0,6,False,False,False,0.7166,0
listing_002148,user_00603,Wooden desk in good condition,Available for inspection before purchase.,574.24,furniture,Sochi,690,0,6,True,0,3,False,False,False,1.2761,0
listing_002149,user_00017,Rent urgent contact Telegram,"Personal item, can meet in person and answer questions.",60387.75,real_estate,Novosibirsk,1147,2,8,True,0,3,True,True,True,0.8052,0
listing_002150,user_00730,Car urgent sale no questions,"Used carefully, normal sale, local pickup is possible.",6755.57,vehicles,Novosibirsk,55,0,5,True,0,5,False,True,False,0.7948,0
listing_002151,user_00645,Designer sofa very cheap urgent,"Urgent sale today, write outside the platform.",274.67,furniture,Kazan,8,7,18,True,0,0,False,True,True,0.6104,0
listing_002152,user_00758,Leather shoes size 42,Available for inspection before purchase.,96.54,fashion,Sochi,1111,2,3,False,0,4,False,False,False,0.8045,0
listing_002153,user_00797,New table prepay reserve,"Urgent sale today, write outside the platform.",142.19,furniture,Kazan,20,5,25,False,0,1,False,True,True,0.316,1
listing_002154,user_01689,Microwave oven,"Personal item, can meet in person and answer questions.",723.27,home_appliances,Sochi,563,2,6,False,0,4,False,False,False,1.1127,0
listing_002155,user_00462,Winter jacket lightly used,Available for inspection before purchase.,154.74,fashion,Kazan,153,1,9,True,0,3,False,False,False,1.2895,0
listing_002156,user_01375,One bedroom apartment near metro,"Personal item, can meet in person and answer questions.",95505.43,real_estate,Kazan,217,0,2,True,1,4,False,False,False,1.2734,0
listing_002157,user_00594,Washing machine works well,"Personal item, can meet in person and answer questions.",369.92,home_appliances,Novosibirsk,763,1,7,True,0,6,False,False,False,0.5691,0
listing_002158,user_01345,Washing machine works well,"Used carefully, normal sale, local pickup is possible.",878.82,home_appliances,Saint Petersburg,508,1,4,True,0,3,False,False,False,1.352,0
listing_002159,user_01762,Microwave oven,Available for inspection before purchase.,717.49,home_appliances,Saint Petersburg,509,0,3,True,1,5,False,False,False,1.1038,0
listing_002160,user_00780,One bedroom apartment near metro,"Personal item, can meet in person and answer questions.",67735.82,real_estate,Sochi,1222,0,6,True,0,3,False,False,False,0.9031,0
listing_002161,user_00837,Microwave oven,Available for inspection before purchase.,528.9,home_appliances,Novosibirsk,151,0,2,True,0,4,False,False,False,0.8137,0
listing_002162,user_00389,Studio for long term rent,"Personal item, can meet in person and answer questions.",103195.8,real_estate,Kazan,1162,1,2,False,1,3,False,False,False,1.3759,0
listing_002163,user_00523,Winter jacket lightly used,"Used carefully, normal sale, local pickup is possible.",157.77,fashion,Sochi,934,0,4,True,0,2,False,False,False,1.3148,0
listing_002164,user_01283,iPhone 15 Pro very cheap urgent,"Urgent sale today, write outside the platform.",572.51,electronics,Sochi,19,3,16,False,3,0,False,True,True,0.6361,1
listing_002165,user_01065,Luxury jacket original cheap,"Urgent sale today, write outside the platform.",66.52,fashion,Sochi,13,4,19,True,1,1,False,True,True,0.5543,0
listing_002166,user_01468,Sneakers limited urgent,"Prepayment only, contact me in Telegram.",44.67,fashion,Novosibirsk,10,6,14,False,0,1,True,True,True,0.3723,1
listing_002167,user_00287,One bedroom apartment near metro,"Used carefully, normal sale, local pickup is possible.",78195.71,real_estate,Moscow,1459,0,2,False,0,6,False,False,False,1.0426,0
listing_002168,user_01617,Used city bike,"Used carefully, normal sale, local pickup is possible.",7660.61,vehicles,Novosibirsk,343,1,6,True,0,5,False,False,False,0.9012,0
listing_002169,user_01312,Used iPhone 13 in good condition,"Used carefully, normal sale, local pickup is possible.",863.64,electronics,Moscow,1451,3,8,True,1,6,False,False,False,0.9596,0
listing_002170,user_01554,Washing machine works well,"Personal item, can meet in person and answer questions.",580.43,home_appliances,Kazan,232,3,11,True,0,3,False,False,False,0.893,0
listing_002171,user_01337,Washer cheap Telegram,"Prepayment only, contact me in Telegram.",445.29,home_appliances,Novosibirsk,0,4,12,False,1,0,True,True,True,0.6851,1
listing_002172,user_00877,Sneakers limited urgent,"Urgent sale today, write outside the platform.",53.07,fashion,Novosibirsk,12,5,16,False,3,1,False,True,True,0.4422,1
listing_002173,user_00588,Used city bike,Available for inspection before purchase.,11657.34,vehicles,Novosibirsk,653,1,3,True,0,5,False,False,False,1.3715,0
listing_002174,user_00578,Microwave oven,"Personal item, can meet in person and answer questions.",717.88,home_appliances,Sochi,1020,1,2,True,0,3,False,False,False,1.1044,0
listing_002175,user_00144,Gaming laptop with warranty,"Personal item, can meet in person and answer questions.",885.74,electronics,Kazan,1337,2,4,True,0,3,False,False,False,0.9842,0
listing_002176,user_01283,Winter jacket lightly used,"Delivery after deposit, no calls, messenger only.",110.15,fashion,Kazan,1199,1,3,True,0,2,False,True,True,0.9179,0
listing_002177,user_00103,Studio for long term rent,"Used carefully, normal sale, local pickup is possible.",70551.61,real_estate,Sochi,187,0,3,True,0,6,False,False,False,0.9407,0
listing_002178,user_00693,One bedroom apartment near metro,Available for inspection before purchase.,71808.5,real_estate,Moscow,1386,2,4,True,1,5,False,False,False,0.9574,0
listing_002179,user_00247,Designer sofa very cheap urgent,"Prepayment only, contact me in Telegram.",321.81,furniture,Novosibirsk,2,4,18,False,0,1,True,True,True,0.7151,1
listing_002180,user_01176,Dining table with chairs,"Personal item, can meet in person and answer questions.",562.98,furniture,Saint Petersburg,1254,1,2,True,1,4,False,False,False,1.2511,0
listing_002181,user_01525,Winter jacket lightly used,Available for inspection before purchase.,119.98,fashion,Sochi,1067,0,4,True,1,2,False,False,False,0.9998,0
listing_002182,user_00382,Sneakers limited urgent,"Used carefully, normal sale, local pickup is possible.",113.95,fashion,Saint Petersburg,192,2,4,True,1,4,False,True,False,0.9496,0
listing_002183,user_00960,Sneakers limited urgent,"Delivery after deposit, no calls, messenger only.",56.15,fashion,Novosibirsk,8,4,19,True,4,2,False,True,True,0.4679,1
listing_002184,user_01018,Designer sofa very cheap urgent,"Delivery after deposit, no calls, messenger only.",200.84,furniture,Saint Petersburg,18,7,17,True,1,1,False,True,True,0.4463,1
listing_002185,user_00546,iPhone 15 Pro very cheap urgent,"Delivery after deposit, no calls, messenger only.",303.72,electronics,Saint Petersburg,5,3,14,False,2,0,False,True,True,0.3375,1
listing_002186,user_01478,Wooden desk in good condition,"Delivery after deposit, no calls, messenger only.",517.56,furniture,Novosibirsk,541,0,3,False,1,6,False,True,True,1.1501,0
listing_002187,user_00084,One bedroom apartment near metro,Available for inspection before purchase.,86831.65,real_estate,Novosibirsk,1229,1,8,True,0,3,False,False,False,1.1578,0
listing_002188,user_00946,Winter jacket lightly used,"Personal item, can meet in person and answer questions.",162.0,fashion,Sochi,1268,0,6,False,1,5,False,False,False,1.35,0
listing_002189,user_01202,Gaming laptop with warranty,"Personal item, can meet in person and answer questions.",790.04,electronics,Moscow,950,1,6,True,0,2,False,False,False,0.8778,0
listing_002190,user_01155,Studio for long term rent,Available for inspection before purchase.,62709.35,real_estate,Moscow,627,0,4,True,1,3,False,False,False,0.8361,0
listing_002191,user_00184,Winter jacket lightly used,"Personal item, can meet in person and answer questions.",145.71,fashion,Kazan,194,1,5,True,1,5,False,False,False,1.2143,0
listing_002192,user_00110,Leather shoes size 42,Available for inspection before purchase.,130.88,fashion,Moscow,276,1,6,False,0,6,False,False,False,1.0907,0
listing_002193,user_00975,Designer sofa very cheap urgent,"Prepayment only, contact me in Telegram.",136.33,furniture,Sochi,4,6,15,True,1,0,True,True,True,0.303,1
listing_002194,user_00279,Microwave oven,"Used carefully, normal sale, local pickup is possible.",697.74,home_appliances,Kazan,825,1,7,True,1,5,False,False,False,1.0734,0
listing_002195,user_00157,Apartment below market prepayment,"Prepayment only, contact me in Telegram.",33849.73,real_estate,Novosibirsk,8,3,14,False,3,1,True,True,True,0.4513,1
listing_002196,user_00802,Microwave oven,Available for inspection before purchase.,644.91,home_appliances,Saint Petersburg,888,0,3,True,0,3,False,False,False,0.9922,0
listing_002197,user_00097,Gaming laptop with warranty,Available for inspection before purchase.,976.26,electronics,Moscow,580,4,6,True,0,6,False,False,False,1.0847,0
listing_002198,user_00018,Dining table with chairs,"Used carefully, normal sale, local pickup is possible.",228.08,furniture,Novosibirsk,134,0,2,False,1,3,False,False,False,0.5068,0
listing_002199,user_01590,Washing machine works well,"Used carefully, normal sale, local pickup is possible.",232.66,home_appliances,Saint Petersburg,1133,1,4,True,0,2,False,False,False,0.3579,0
listing_002200,user_01318,Luxury jacket original cheap,"Urgent sale today, write outside the platform.",69.7,fashion,Saint Petersburg,13,6,20,False,0,1,False,True,True,0.5808,1
listing_002201,user_01310,Washing machine works well,"Used carefully, normal sale, local pickup is possible.",385.45,home_appliances,Novosibirsk,1387,1,4,True,0,2,False,False,False,0.593,0
listing_002202,user_01076,Used city bike,"Personal item, can meet in person and answer questions.",6944.31,vehicles,Novosibirsk,782,1,6,True,1,4,False,False,False,0.817,0
listing_002203,user_00283,Wooden desk in good condition,"Personal item, can meet in person and answer questions.",506.09,furniture,Kazan,1218,0,4,True,0,6,False,False,False,1.1246,0
listing_002204,user_00250,One bedroom apartment near metro,"Personal item, can meet in person and answer questions.",70745.69,real_estate,Novosibirsk,1136,0,5,True,0,2,False,False,False,0.9433,0
listing_002205,user_00619,Leather shoes size 42,"Personal item, can meet in person and answer questions.",141.44,fashion,Novosibirsk,1042,3,5,False,1,2,False,False,False,1.1787,0
listing_002206,user_00167,Used city bike,"Urgent sale today, write outside the platform.",6772.3,vehicles,Saint Petersburg,408,3,6,False,1,4,False,True,True,0.7967,0
listing_002207,user_00078,Wooden desk in good condition,Available for inspection before purchase.,459.52,furniture,Kazan,1185,3,6,False,1,3,False,False,False,1.0212,0
listing_002208,user_00300,Dining table with chairs,"Personal item, can meet in person and answer questions.",623.42,furniture,Saint Petersburg,191,2,7,True,1,6,False,False,False,1.3854,0
listing_002209,user_00534,Used iPhone 13 in good condition,Available for inspection before purchase.,853.14,electronics,Novosibirsk,1068,1,3,True,0,2,False,False,False,0.9479,0
listing_002210,user_00088,Studio for long term rent,"Personal item, can meet in person and answer questions.",94252.86,real_estate,Saint Petersburg,462,0,6,True,1,2,False,False,False,1.2567,0
listing_002211,user_00966,Rent urgent contact Telegram,"Delivery after deposit, no calls, messenger only.",27457.73,real_estate,Saint Petersburg,20,4,17,False,2,1,True,True,True,0.3661,1
listing_002212,user_00468,Designer sofa very cheap urgent,"Prepayment only, contact me in Telegram.",234.07,furniture,Kazan,3,6,14,False,1,1,True,True,True,0.5202,1
listing_002213,user_00534,Studio for long term rent,"Used carefully, normal sale, local pickup is possible.",87428.71,real_estate,Saint Petersburg,836,2,5,False,1,5,False,False,False,1.1657,0
listing_002214,user_00216,Luxury jacket original cheap,"Urgent sale today, write outside the platform.",53.38,fashion,Sochi,12,2,15,False,3,1,False,True,True,0.4448,1
listing_002215,user_01483,MacBook sealed prepayment only,"Delivery after deposit, no calls, messenger only.",591.37,electronics,Novosibirsk,14,6,17,True,0,1,False,True,True,0.6571,1
listing_002216,user_01000,New fridge half price urgent,"Used carefully, normal sale, local pickup is possible.",872.43,home_appliances,Kazan,660,1,6,False,0,3,False,True,False,1.3422,0
listing_002217,user_00041,Microwave oven,Available for inspection before purchase.,622.79,home_appliances,Kazan,253,1,4,True,0,5,False,False,False,0.9581,0
listing_002218,user_01758,Microwave oven,Available for inspection before purchase.,731.21,home_appliances,Kazan,1480,0,2,False,0,3,False,False,False,1.1249,0
listing_002219,user_00966,Apartment below market prepayment,"Prepayment only, contact me in Telegram.",18622.14,real_estate,Novosibirsk,0,6,16,False,5,2,True,True,True,0.2483,1
listing_002220,user_00094,Microwave oven,"Used carefully, normal sale, local pickup is possible.",828.46,home_appliances,Saint Petersburg,599,0,4,False,1,5,False,False,False,1.2746,0
listing_002221,user_01179,Gaming laptop with warranty,"Prepayment only, contact me in Telegram.",1105.56,electronics,Moscow,1159,0,7,True,1,2,True,True,True,1.2284,0
listing_002222,user_00871,New fridge half price urgent,"Delivery after deposit, no calls, messenger only.",147.91,home_appliances,Sochi,15,8,26,False,0,1,False,True,True,0.2276,1
listing_002223,user_00691,Sneakers limited urgent,Available for inspection before purchase.,148.99,fashion,Saint Petersburg,999,1,4,False,0,6,False,True,False,1.2416,0
listing_002224,user_00661,Toyota Corolla 2016 clean documents,"Used carefully, normal sale, local pickup is possible.",10837.93,vehicles,Novosibirsk,1066,1,4,False,0,3,False,False,False,1.2751,0
listing_002225,user_00869,Leather shoes size 42,"Personal item, can meet in person and answer questions.",119.56,fashion,Novosibirsk,788,0,5,True,0,3,False,False,False,0.9963,0
listing_002226,user_00666,Apartment below market prepayment,"Prepayment only, contact me in Telegram.",26523.58,real_estate,Sochi,7,6,21,False,2,2,True,True,True,0.3536,1
listing_002227,user_00985,Winter jacket lightly used,"Personal item, can meet in person and answer questions.",140.13,fashion,Moscow,1209,1,1,True,1,4,False,False,False,1.1678,0
listing_002228,user_00547,Dining table with chairs,"Used carefully, normal sale, local pickup is possible.",556.01,furniture,Saint Petersburg,768,1,3,True,0,3,False,False,False,1.2356,0
listing_002229,user_01413,Used city bike,"Personal item, can meet in person and answer questions.",6519.61,vehicles,Novosibirsk,319,1,4,True,0,2,False,False,False,0.767,0
listing_002230,user_01552,Used city bike,"Used carefully, normal sale, local pickup is possible.",7668.64,vehicles,Kazan,941,0,5,False,0,2,False,False,False,0.9022,0
listing_002231,user_01120,Sneakers limited urgent,"Urgent sale today, write outside the platform.",48.4,fashion,Novosibirsk,18,3,13,False,2,1,False,True,True,0.4033,1
listing_002232,user_01623,Scooter cheap today only,"Delivery after deposit, no calls, messenger only.",5770.1,vehicles,Kazan,1,7,21,True,1,2,False,True,True,0.6788,1
listing_002233,user_01751,iPhone 15 Pro very cheap urgent,"Urgent sale today, write outside the platform.",249.44,electronics,Sochi,12,3,17,False,3,1,False,True,True,0.2772,1
listing_002234,user_01212,Leather shoes size 42,"Used carefully, normal sale, local pickup is possible.",140.18,fashion,Saint Petersburg,1283,2,4,True,0,2,False,False,False,1.1682,0
listing_002235,user_01098,Apartment below market prepayment,"Prepayment only, contact me in Telegram.",38288.27,real_estate,Novosibirsk,10,4,15,True,1,2,True,True,True,0.5105,1
listing_002236,user_00232,Wooden desk in good condition,"Personal item, can meet in person and answer questions.",409.69,furniture,Novosibirsk,1299,1,4,True,0,2,False,False,False,0.9104,0
listing_002237,user_01226,Toyota Corolla 2016 clean documents,Available for inspection before purchase.,6667.2,vehicles,Sochi,936,0,4,True,0,4,False,False,False,0.7844,0
listing_002238,user_00087,Microwave oven,Available for inspection before purchase.,862.05,home_appliances,Moscow,793,0,1,True,0,3,False,False,False,1.3262,0
listing_002239,user_01406,Dining table with chairs,"Prepayment only, contact me in Telegram.",531.61,furniture,Moscow,153,1,2,True,0,4,True,True,True,1.1814,0
listing_002240,user_00533,Leather shoes size 42,"Personal item, can meet in person and answer questions.",106.83,fashion,Novosibirsk,294,0,4,True,0,3,False,False,False,0.8902,0
listing_002241,user_00247,Microwave oven,Available for inspection before purchase.,685.82,home_appliances,Sochi,989,2,4,False,0,6,False,False,False,1.0551,0
listing_002242,user_01111,One bedroom apartment near metro,"Used carefully, normal sale, local pickup is possible.",55566.87,real_estate,Novosibirsk,64,2,6,False,0,3,False,False,False,0.7409,0
listing_002243,user_00494,Used city bike,Available for inspection before purchase.,7000.55,vehicles,Sochi,1248,0,3,True,0,6,False,False,False,0.8236,0
listing_002244,user_00973,Sneakers limited urgent,"Urgent sale today, write outside the platform.",91.74,fashion,Novosibirsk,18,6,21,False,0,1,False,True,True,0.7645,1
listing_002245,user_01536,Gaming laptop with warranty,"Personal item, can meet in person and answer questions.",717.22,electronics,Moscow,1177,0,3,True,0,4,False,False,False,0.7969,0
listing_002246,user_00012,Winter jacket lightly used,"Used carefully, normal sale, local pickup is possible.",147.5,fashion,Kazan,554,2,5,True,0,3,False,False,False,1.2292,0
listing_002247,user_00361,Toyota Corolla 2016 clean documents,"Used carefully, normal sale, local pickup is possible.",10824.45,vehicles,Novosibirsk,202,1,6,True,0,3,False,False,False,1.2735,0
listing_002248,user_01762,Washing machine works well,"Used carefully, normal sale, local pickup is possible.",664.1,home_appliances,Kazan,1245,0,0,True,0,2,False,False,False,1.0217,0
listing_002249,user_00550,Used iPhone 13 in good condition,"Personal item, can meet in person and answer questions.",1104.2,electronics,Novosibirsk,1071,1,5,False,0,6,False,False,False,1.2269,0
listing_002250,user_00755,One bedroom apartment near metro,"Personal item, can meet in person and answer questions.",69034.9,real_estate,Saint Petersburg,851,0,4,True,0,2,False,False,False,0.9205,0
listing_002251,user_01462,Gaming laptop with warranty,"Used carefully, normal sale, local pickup is possible.",1190.46,electronics,Sochi,659,3,9,False,1,6,False,False,False,1.3227,0
listing_002252,user_01615,Gaming laptop with warranty,"Used carefully, normal sale, local pickup is possible.",991.82,electronics,Novosibirsk,1085,1,4,True,1,2,False,False,False,1.102,0
listing_002253,user_00675,Toyota Corolla 2016 clean documents,"Personal item, can meet in person and answer questions.",8487.03,vehicles,Kazan,184,1,5,False,1,5,False,False,False,0.9985,0
listing_002254,user_00929,Washing machine works well,"Delivery after deposit, no calls, messenger only.",751.07,home_appliances,Moscow,486,0,0,True,0,2,False,True,True,1.1555,0
listing_002255,user_01289,Gaming laptop with warranty,"Used carefully, normal sale, local pickup is possible.",1064.62,electronics,Saint Petersburg,1123,0,4,True,1,4,False,False,False,1.1829,0
listing_002256,user_01581,iPhone 15 Pro very cheap urgent,"Prepayment only, contact me in Telegram.",187.9,electronics,Sochi,11,8,15,False,1,2,True,True,True,0.2088,1
listing_002257,user_00637,Scooter cheap today only,"Delivery after deposit, no calls, messenger only.",6088.28,vehicles,Novosibirsk,17,2,25,False,2,1,False,True,True,0.7163,1
listing_002258,user_00713,Microwave oven,"Personal item, can meet in person and answer questions.",798.83,home_appliances,Moscow,1148,2,2,True,0,5,False,False,False,1.229,0
listing_002259,user_01551,Used city bike,"Personal item, can meet in person and answer questions.",7518.5,vehicles,Saint Petersburg,111,1,5,True,0,3,False,False,False,0.8845,0
listing_002260,user_00540,Dining table with chairs,Available for inspection before purchase.,199.69,furniture,Moscow,1076,0,4,True,0,3,False,False,False,0.4438,0
listing_002261,user_00814,Dining table with chairs,Available for inspection before purchase.,351.98,furniture,Novosibirsk,620,1,2,False,0,4,False,False,False,0.7822,0
listing_002262,user_01423,One bedroom apartment near metro,Available for inspection before purchase.,91152.06,real_estate,Sochi,572,0,3,True,1,4,False,False,False,1.2154,0
listing_002263,user_01345,Studio for long term rent,"Personal item, can meet in person and answer questions.",85643.03,real_estate,Saint Petersburg,172,0,0,False,0,6,False,False,False,1.1419,0
listing_002264,user_01659,Apartment below market prepayment,"Prepayment only, contact me in Telegram.",32629.89,real_estate,Novosibirsk,8,8,16,False,1,1,True,True,True,0.4351,1
listing_002265,user_00980,New fridge half price urgent,Available for inspection before purchase.,724.06,home_appliances,Kazan,506,2,5,True,0,5,False,True,False,1.1139,0
listing_002266,user_00696,Used city bike,"Personal item, can meet in person and answer questions.",7430.91,vehicles,Moscow,90,1,8,False,1,5,False,False,False,0.8742,0
listing_002267,user_01561,Gaming laptop with warranty,"Prepayment only, contact me in Telegram.",998.04,electronics,Novosibirsk,93,2,4,True,0,4,True,True,True,1.1089,0
listing_002268,user_01771,Microwave oven,Available for inspection before purchase.,804.86,home_appliances,Novosibirsk,73,0,3,True,0,2,False,False,False,1.2382,0
listing_002269,user_01699,Studio for long term rent,"Used carefully, normal sale, local pickup is possible.",86241.87,real_estate,Novosibirsk,680,1,4,False,0,3,False,False,False,1.1499,0
listing_002270,user_00452,New table prepay reserve,"Delivery after deposit, no calls, messenger only.",188.98,furniture,Saint Petersburg,3,4,15,False,0,1,False,True,True,0.42,1
listing_002271,user_00533,Rent urgent contact Telegram,"Prepayment only, contact me in Telegram.",18067.03,real_estate,Saint Petersburg,8,7,20,False,1,1,True,True,True,0.2409,1
listing_002272,user_00325,Washing machine works well,"Used carefully, normal sale, local pickup is possible.",661.96,home_appliances,Saint Petersburg,312,0,3,False,0,6,False,False,False,1.0184,0
listing_002273,user_00744,Microwave oven,"Personal item, can meet in person and answer questions.",379.1,home_appliances,Sochi,725,1,4,True,0,5,False,False,False,0.5832,0
listing_002274,user_00314,Luxury jacket original cheap,"Urgent sale today, write outside the platform.",62.62,fashion,Sochi,6,10,17,False,2,0,False,True,True,0.5218,1
listing_002275,user_01047,Used city bike,"Personal item, can meet in person and answer questions.",8220.38,vehicles,Novosibirsk,332,1,4,True,0,5,False,False,False,0.9671,0
listing_002276,user_01768,Microwave oven,"Used carefully, normal sale, local pickup is possible.",490.5,home_appliances,Moscow,1114,1,4,True,0,3,False,False,False,0.7546,0
listing_002277,user_01169,Dining table with chairs,"Used carefully, normal sale, local pickup is possible.",366.9,furniture,Sochi,118,3,7,True,0,3,False,False,False,0.8153,0
listing_002278,user_00917,Wooden desk in good condition,"Used carefully, normal sale, local pickup is possible.",581.7,furniture,Sochi,1408,2,6,True,1,3,False,False,False,1.2927,0
listing_002279,user_01632,Dining table with chairs,"Urgent sale today, write outside the platform.",516.01,furniture,Sochi,1004,0,4,True,0,2,False,True,True,1.1467,0
listing_002280,user_01084,Washing machine works well,"Personal item, can meet in person and answer questions.",732.67,home_appliances,Sochi,763,0,3,True,0,2,False,False,False,1.1272,0
listing_002281,user_01049,Used iPhone 13 in good condition,"Personal item, can meet in person and answer questions.",1241.44,electronics,Saint Petersburg,941,0,4,True,0,2,False,False,False,1.3794,0
listing_002282,user_00278,Used city bike,"Personal item, can meet in person and answer questions.",8305.21,vehicles,Kazan,1146,0,5,True,0,3,False,False,False,0.9771,0
listing_002283,user_00433,Dining table with chairs,"Personal item, can meet in person and answer questions.",530.38,furniture,Moscow,691,0,4,False,1,6,False,False,False,1.1786,0
listing_002284,user_00657,Gaming laptop with warranty,"Used carefully, normal sale, local pickup is possible.",697.36,electronics,Kazan,579,1,1,True,0,6,False,False,False,0.7748,0
listing_002285,user_01698,One bedroom apartment near metro,Available for inspection before purchase.,77567.63,real_estate,Sochi,968,2,6,True,0,2,False,False,False,1.0342,0
listing_002286,user_01531,Dining table with chairs,Available for inspection before purchase.,420.71,furniture,Saint Petersburg,188,0,2,True,0,6,False,False,False,0.9349,0
listing_002287,user_01461,Winter jacket lightly used,"Used carefully, normal sale, local pickup is possible.",145.12,fashion,Saint Petersburg,1052,0,2,True,1,4,False,False,False,1.2093,0
listing_002288,user_00454,Gaming laptop with warranty,Available for inspection before purchase.,654.84,electronics,Sochi,557,2,2,True,1,4,False,False,False,0.7276,0
listing_002289,user_00255,Dining table with chairs,"Personal item, can meet in person and answer questions.",525.88,furniture,Novosibirsk,1403,0,5,True,0,5,False,False,False,1.1686,0
listing_002290,user_00497,Studio for long term rent,Available for inspection before purchase.,89736.95,real_estate,Moscow,1086,3,7,True,0,4,False,False,False,1.1965,0
listing_002291,user_00422,Winter jacket lightly used,Available for inspection before purchase.,139.43,fashion,Sochi,176,1,5,True,0,5,False,False,False,1.1619,0
listing_002292,user_00470,Leather shoes size 42,Available for inspection before purchase.,109.54,fashion,Moscow,1262,1,3,True,1,3,False,False,False,0.9128,0
listing_002293,user_00230,iPhone 15 Pro very cheap urgent,"Delivery after deposit, no calls, messenger only.",363.0,electronics,Kazan,20,5,13,False,1,2,False,True,True,0.4033,1
listing_002294,user_00810,Microwave oven,"Used carefully, normal sale, local pickup is possible.",523.67,home_appliances,Sochi,1146,0,1,True,0,6,False,False,False,0.8056,0
listing_002295,user_01126,One bedroom apartment near metro,"Used carefully, normal sale, local pickup is possible.",98961.94,real_estate,Saint Petersburg,1390,2,6,False,1,4,False,False,False,1.3195,0
listing_002296,user_00230,Studio for long term rent,"Used carefully, normal sale, local pickup is possible.",99414.88,real_estate,Moscow,877,2,5,True,0,5,False,False,False,1.3255,0
listing_002297,user_00318,Used city bike,"Personal item, can meet in person and answer questions.",10038.06,vehicles,Novosibirsk,636,0,3,True,0,6,False,False,False,1.1809,0
listing_002298,user_00986,Washer cheap Telegram,"Urgent sale today, write outside the platform.",180.15,home_appliances,Saint Petersburg,0,7,24,False,0,1,True,True,True,0.2772,1
listing_002299,user_01125,Dining table with chairs,"Personal item, can meet in person and answer questions.",384.13,furniture,Novosibirsk,465,2,6,False,1,2,False,False,False,0.8536,0
listing_002300,user_01121,Used iPhone 13 in good condition,"Personal item, can meet in person and answer questions.",827.03,electronics,Saint Petersburg,337,1,4,True,1,5,False,False,False,0.9189,0
listing_002301,user_01297,Winter jacket lightly used,"Used carefully, normal sale, local pickup is possible.",127.92,fashion,Saint Petersburg,433,0,4,True,1,3,False,False,False,1.066,0
listing_002302,user_01160,Car urgent sale no questions,"Prepayment only, contact me in Telegram.",4358.89,vehicles,Moscow,4,4,13,True,2,2,True,True,True,0.5128,1
listing_002303,user_00884,Used iPhone 13 in good condition,Available for inspection before purchase.,1243.74,electronics,Sochi,733,1,3,True,1,4,False,False,False,1.3819,0
listing_002304,user_00247,Designer sofa very cheap urgent,"Used carefully, normal sale, local pickup is possible.",411.65,furniture,Moscow,1028,2,3,True,0,2,False,True,False,0.9148,0
listing_002305,user_00663,Gaming laptop with warranty,"Personal item, can meet in person and answer questions.",828.39,electronics,Kazan,892,0,0,True,0,3,False,False,False,0.9204,0
listing_002306,user_01761,Microwave oven,Available for inspection before purchase.,677.62,home_appliances,Sochi,1049,4,7,True,0,2,False,False,False,1.0425,0
listing_002307,user_01014,Dining table with chairs,"Personal item, can meet in person and answer questions.",332.97,furniture,Novosibirsk,1391,1,2,True,0,6,False,False,False,0.7399,0
listing_002308,user_01396,Studio for long term rent,"Urgent sale today, write outside the platform.",62181.89,real_estate,Kazan,619,2,8,True,1,4,False,True,True,0.8291,0
listing_002309,user_00759,Toyota Corolla 2016 clean documents,"Used carefully, normal sale, local pickup is possible.",10145.31,vehicles,Moscow,858,0,1,False,0,6,False,False,False,1.1936,0
listing_002310,user_00789,Wooden desk in good condition,"Personal item, can meet in person and answer questions.",405.85,furniture,Sochi,707,1,4,True,0,4,False,False,False,0.9019,0
listing_002311,user_00949,Wooden desk in good condition,"Urgent sale today, write outside the platform.",362.68,furniture,Kazan,447,0,4,True,0,3,False,True,True,0.806,0
listing_002312,user_01670,Used iPhone 13 in good condition,Available for inspection before purchase.,707.23,electronics,Novosibirsk,162,1,6,True,0,4,False,False,False,0.7858,0
listing_002313,user_01308,Car urgent sale no questions,"Urgent sale today, write outside the platform.",5541.17,vehicles,Sochi,6,6,15,True,2,2,False,True,True,0.6519,1
listing_002314,user_00712,Washing machine works well,Available for inspection before purchase.,826.24,home_appliances,Moscow,917,1,5,True,0,5,False,False,False,1.2711,0
listing_002315,user_00270,Dining table with chairs,"Used carefully, normal sale, local pickup is possible.",470.33,furniture,Kazan,1479,0,4,False,0,5,False,False,False,1.0452,0
listing_002316,user_01652,iPhone 15 Pro very cheap urgent,"Prepayment only, contact me in Telegram.",876.49,electronics,Novosibirsk,329,1,4,True,1,4,True,True,True,0.9739,0
listing_002317,user_01537,Designer sofa very cheap urgent,"Prepayment only, contact me in Telegram.",82.7,furniture,Moscow,14,5,15,False,0,2,True,True,True,0.1838,1
listing_002318,user_00388,Leather shoes size 42,"Personal item, can meet in person and answer questions.",106.16,fashion,Moscow,576,1,3,True,0,5,False,False,False,0.8847,0
listing_002319,user_01312,Leather shoes size 42,"Used carefully, normal sale, local pickup is possible.",168.66,fashion,Novosibirsk,459,2,3,False,0,3,False,False,False,1.4055,0
listing_002320,user_01261,Washing machine works well,"Personal item, can meet in person and answer questions.",665.81,home_appliances,Kazan,699,1,2,False,0,6,False,False,False,1.0243,0
listing_002321,user_00563,Microwave oven,"Used carefully, normal sale, local pickup is possible.",483.77,home_appliances,Kazan,255,1,3,True,1,4,False,False,False,0.7443,0
listing_002322,user_00245,Luxury jacket original cheap,"Prepayment only, contact me in Telegram.",73.52,fashion,Novosibirsk,17,8,19,False,3,0,True,True,True,0.6127,1
listing_002323,user_00208,Leather shoes size 42,"Used carefully, normal sale, local pickup is possible.",103.9,fashion,Moscow,767,1,4,True,0,5,False,False,False,0.8658,0
listing_002324,user_01412,Rent urgent contact Telegram,"Prepayment only, contact me in Telegram.",53411.58,real_estate,Sochi,20,8,18,True,1,1,True,True,True,0.7122,1
listing_002325,user_00608,Wooden desk in good condition,Available for inspection before purchase.,431.07,furniture,Sochi,1228,1,6,False,1,3,False,False,False,0.9579,0
listing_002326,user_01120,New table prepay reserve,"Urgent sale today, write outside the platform.",292.95,furniture,Novosibirsk,18,3,14,True,1,1,False,True,True,0.651,0
listing_002327,user_00732,Washing machine works well,"Personal item, can meet in person and answer questions.",706.81,home_appliances,Saint Petersburg,405,1,4,True,0,4,False,False,False,1.0874,0
listing_002328,user_00430,Gaming laptop with warranty,Available for inspection before purchase.,766.63,electronics,Novosibirsk,75,3,9,True,0,4,False,False,False,0.8518,0
listing_002329,user_01712,Wooden desk in good condition,"Used carefully, normal sale, local pickup is possible.",482.83,furniture,Novosibirsk,980,1,6,True,0,4,False,False,False,1.073,0
listing_002330,user_01324,Gaming laptop with warranty,"Prepayment only, contact me in Telegram.",989.76,electronics,Kazan,977,1,3,True,0,4,True,True,True,1.0997,0
listing_002331,user_00404,iPhone 15 Pro very cheap urgent,"Delivery after deposit, no calls, messenger only.",475.06,electronics,Novosibirsk,7,5,18,False,4,1,False,True,True,0.5278,1
listing_002332,user_00318,Toyota Corolla 2016 clean documents,Available for inspection before purchase.,9113.06,vehicles,Saint Petersburg,610,1,6,True,0,2,False,False,False,1.0721,0
listing_002333,user_00542,Apartment below market prepayment,"Prepayment only, contact me in Telegram.",33849.97,real_estate,Novosibirsk,14,5,20,False,1,1,True,True,True,0.4513,1
listing_002334,user_00337,Leather shoes size 42,"Personal item, can meet in person and answer questions.",137.02,fashion,Novosibirsk,287,1,4,True,0,3,False,False,False,1.1418,0
listing_002335,user_00671,Gaming laptop with warranty,Available for inspection before purchase.,1083.67,electronics,Kazan,462,0,1,True,0,2,False,False,False,1.2041,0
listing_002336,user_01020,Washing machine works well,"Delivery after deposit, no calls, messenger only.",786.31,home_appliances,Moscow,195,0,6,True,0,4,False,True,True,1.2097,0
listing_002337,user_01410,Sneakers limited urgent,"Delivery after deposit, no calls, messenger only.",61.04,fashion,Sochi,13,6,17,False,2,1,False,True,True,0.5087,1
listing_002338,user_01232,Washing machine works well,"Used carefully, normal sale, local pickup is possible.",687.87,home_appliances,Saint Petersburg,1113,0,4,True,0,6,False,False,False,1.0583,0
listing_002339,user_01310,Apartment below market prepayment,"Prepayment only, contact me in Telegram.",55566.1,real_estate,Kazan,6,7,20,True,0,2,True,True,True,0.7409,1
listing_002340,user_01317,Used city bike,Available for inspection before purchase.,7461.46,vehicles,Novosibirsk,126,0,3,True,0,3,False,False,False,0.8778,0
listing_002341,user_01302,Luxury jacket original cheap,"Used carefully, normal sale, local pickup is possible.",119.13,fashion,Saint Petersburg,367,0,4,True,0,5,False,False,False,0.9927,0
listing_002342,user_00125,Scooter cheap today only,"Delivery after deposit, no calls, messenger only.",4368.11,vehicles,Saint Petersburg,5,3,12,False,1,2,False,True,True,0.5139,1
listing_002343,user_01216,Gaming laptop with warranty,"Urgent sale today, write outside the platform.",849.41,electronics,Saint Petersburg,1153,1,2,True,1,6,False,True,True,0.9438,0
listing_002344,user_00601,Scooter cheap today only,"Urgent sale today, write outside the platform.",5000.16,vehicles,Kazan,2,4,19,False,1,1,False,True,True,0.5883,1
listing_002345,user_00932,Scooter cheap today only,"Delivery after deposit, no calls, messenger only.",2851.81,vehicles,Novosibirsk,16,7,22,False,2,1,False,True,True,0.3355,1
listing_002346,user_00783,Microwave oven,"Personal item, can meet in person and answer questions.",547.72,home_appliances,Moscow,1157,0,3,True,1,2,False,False,False,0.8426,0
listing_002347,user_00904,One bedroom apartment near metro,Available for inspection before purchase.,59125.83,real_estate,Saint Petersburg,226,1,2,True,0,6,False,False,False,0.7883,0
listing_002348,user_00744,Winter jacket lightly used,"Personal item, can meet in person and answer questions.",143.81,fashion,Saint Petersburg,756,1,5,True,0,4,False,False,False,1.1984,0
listing_002349,user_00482,Luxury jacket original cheap,"Urgent sale today, write outside the platform.",61.86,fashion,Novosibirsk,0,5,17,False,4,0,False,True,True,0.5155,1
listing_002350,user_01724,Rent urgent contact Telegram,"Urgent sale today, write outside the platform.",30710.07,real_estate,Sochi,4,2,11,False,1,0,True,True,True,0.4095,1
listing_002351,user_01518,Winter jacket lightly used,"Used carefully, normal sale, local pickup is possible.",123.64,fashion,Saint Petersburg,1478,0,2,True,0,2,False,False,False,1.0303,0
listing_002352,user_01285,Used city bike,"Personal item, can meet in person and answer questions.",10684.32,vehicles,Saint Petersburg,1283,0,3,True,0,6,False,False,False,1.257,0
listing_002353,user_01185,Used city bike,Available for inspection before purchase.,8785.45,vehicles,Kazan,175,0,3,False,1,6,False,False,False,1.0336,0
listing_002354,user_00528,Luxury jacket original cheap,"Prepayment only, contact me in Telegram.",63.34,fashion,Moscow,19,5,17,False,1,1,True,True,True,0.5278,1
listing_002355,user_01354,Used city bike,"Delivery after deposit, no calls, messenger only.",10477.59,vehicles,Kazan,657,2,4,True,0,2,False,True,True,1.2327,0
listing_002356,user_01126,New fridge half price urgent,"Urgent sale today, write outside the platform.",508.44,home_appliances,Saint Petersburg,4,4,15,False,2,2,False,True,True,0.7822,1
listing_002357,user_01258,Designer sofa very cheap urgent,"Urgent sale today, write outside the platform.",274.11,furniture,Sochi,3,6,17,False,1,2,False,True,True,0.6091,1
listing_002358,user_01344,Leather shoes size 42,"Personal item, can meet in person and answer questions.",102.28,fashion,Novosibirsk,151,2,5,True,0,6,False,False,False,0.8523,0
listing_002359,user_01161,MacBook sealed prepayment only,"Delivery after deposit, no calls, messenger only.",291.51,electronics,Sochi,8,2,23,False,3,0,False,True,True,0.3239,1
listing_002360,user_00326,Gaming laptop with warranty,Available for inspection before purchase.,720.44,electronics,Sochi,531,0,1,True,0,6,False,False,False,0.8005,0
listing_002361,user_00316,Washing machine works well,Available for inspection before purchase.,573.08,home_appliances,Novosibirsk,563,0,1,True,0,2,False,False,False,0.8817,0
listing_002362,user_01644,Car urgent sale no questions,"Prepayment only, contact me in Telegram.",4734.88,vehicles,Kazan,4,5,16,True,1,1,True,True,True,0.557,1
listing_002363,user_00678,Leather shoes size 42,"Personal item, can meet in person and answer questions.",139.42,fashion,Novosibirsk,1449,1,5,True,0,5,False,False,False,1.1618,0
listing_002364,user_01584,Studio for long term rent,Available for inspection before purchase.,89612.78,real_estate,Moscow,1193,0,4,True,0,2,False,False,False,1.1948,0
listing_002365,user_00483,Apartment below market prepayment,"Urgent sale today, write outside the platform.",22023.94,real_estate,Kazan,13,7,16,True,1,2,False,True,True,0.2937,1
listing_002366,user_00830,Rent urgent contact Telegram,"Urgent sale today, write outside the platform.",43407.54,real_estate,Moscow,6,10,25,False,1,2,True,True,True,0.5788,1
listing_002367,user_01635,Wooden desk in good condition,"Used carefully, normal sale, local pickup is possible.",458.02,furniture,Saint Petersburg,708,0,4,True,0,6,False,False,False,1.0178,0
listing_002368,user_00182,Apartment below market prepayment,"Prepayment only, contact me in Telegram.",24129.34,real_estate,Novosibirsk,18,2,12,False,2,0,True,True,True,0.3217,1
listing_002369,user_00306,Dining table with chairs,Available for inspection before purchase.,367.09,furniture,Kazan,204,3,8,True,0,6,False,False,False,0.8158,0
listing_002370,user_00821,Toyota Corolla 2016 clean documents,"Used carefully, normal sale, local pickup is possible.",6093.55,vehicles,Sochi,585,2,5,True,1,5,False,False,False,0.7169,0
listing_002371,user_00586,Wooden desk in good condition,"Personal item, can meet in person and answer questions.",494.57,furniture,Novosibirsk,429,0,4,True,1,6,False,False,False,1.099,0
listing_002372,user_01791,Used city bike,"Used carefully, normal sale, local pickup is possible.",8399.7,vehicles,Saint Petersburg,445,1,2,True,0,6,False,False,False,0.9882,0
listing_002373,user_00589,Dining table with chairs,"Used carefully, normal sale, local pickup is possible.",456.96,furniture,Sochi,1451,0,2,True,0,2,False,False,False,1.0155,0
listing_002374,user_00146,Sneakers limited urgent,"Urgent sale today, write outside the platform.",28.94,fashion,Sochi,12,7,23,False,1,1,False,True,True,0.2412,1
listing_002375,user_00683,Used city bike,Available for inspection before purchase.,7813.59,vehicles,Saint Petersburg,769,1,2,False,1,3,False,False,False,0.9192,0
listing_002376,user_00074,Car urgent sale no questions,"Urgent sale today, write outside the platform.",5389.3,vehicles,Saint Petersburg,12,8,23,False,1,1,False,True,True,0.634,1
listing_002377,user_00201,Gaming laptop with warranty,"Urgent sale today, write outside the platform.",936.38,electronics,Saint Petersburg,1254,0,2,False,0,3,False,True,True,1.0404,0
listing_002378,user_01652,Winter jacket lightly used,Available for inspection before purchase.,115.62,fashion,Saint Petersburg,40,1,5,True,0,2,False,False,False,0.9635,0
listing_002379,user_01104,Studio for long term rent,Available for inspection before purchase.,83939.0,real_estate,Saint Petersburg,851,5,9,True,0,6,False,False,False,1.1192,0
listing_002380,user_01479,Rent urgent contact Telegram,"Delivery after deposit, no calls, messenger only.",56664.45,real_estate,Moscow,5,2,14,False,1,1,True,True,True,0.7555,1
listing_002381,user_00243,MacBook sealed prepayment only,"Prepayment only, contact me in Telegram.",381.26,electronics,Kazan,12,5,13,True,1,1,True,True,True,0.4236,1
listing_002382,user_01761,Washing machine works well,"Used carefully, normal sale, local pickup is possible.",527.23,home_appliances,Moscow,1302,0,3,True,0,4,False,False,False,0.8111,0
listing_002383,user_01166,Apartment below market prepayment,"Prepayment only, contact me in Telegram.",35600.74,real_estate,Moscow,6,2,10,False,2,1,True,True,True,0.4747,1
listing_002384,user_01239,Toyota Corolla 2016 clean documents,"Personal item, can meet in person and answer questions.",9593.63,vehicles,Moscow,1134,2,7,True,0,2,False,False,False,1.1287,0
listing_002385,user_00115,Scooter cheap today only,"Prepayment only, contact me in Telegram.",2921.89,vehicles,Saint Petersburg,3,7,21,True,2,2,True,True,True,0.3438,1
listing_002386,user_01025,Studio for long term rent,"Personal item, can meet in person and answer questions.",48335.08,real_estate,Kazan,586,0,3,True,0,6,False,False,False,0.6445,0
listing_002387,user_01186,Washing machine works well,"Used carefully, normal sale, local pickup is possible.",755.6,home_appliances,Moscow,1014,2,3,True,1,5,False,False,False,1.1625,0
listing_002388,user_00524,Winter jacket lightly used,"Personal item, can meet in person and answer questions.",129.29,fashion,Saint Petersburg,941,2,5,True,0,4,False,False,False,1.0774,0
listing_002389,user_00895,Gaming laptop with warranty,"Personal item, can meet in person and answer questions.",727.76,electronics,Kazan,259,2,4,True,0,4,False,False,False,0.8086,0
listing_002390,user_00835,Winter jacket lightly used,Available for inspection before purchase.,139.92,fashion,Sochi,31,3,4,False,0,2,False,False,False,1.166,0
listing_002391,user_01739,Studio for long term rent,"Used carefully, normal sale, local pickup is possible.",71627.48,real_estate,Novosibirsk,1001,0,2,False,0,3,False,False,False,0.955,0
listing_002392,user_00842,One bedroom apartment near metro,"Used carefully, normal sale, local pickup is possible.",98581.3,real_estate,Novosibirsk,254,0,3,True,0,4,False,False,False,1.3144,0
listing_002393,user_00861,Washer cheap Telegram,"Prepayment only, contact me in Telegram.",485.18,home_appliances,Saint Petersburg,16,6,18,False,1,2,True,True,True,0.7464,1
listing_002394,user_00274,Washing machine works well,Available for inspection before purchase.,773.95,home_appliances,Kazan,1264,0,1,True,0,6,False,False,False,1.1907,0
listing_002395,user_00915,Rent urgent contact Telegram,"Prepayment only, contact me in Telegram.",46473.53,real_estate,Novosibirsk,10,4,17,False,0,1,True,True,True,0.6196,1
listing_002396,user_00172,Washer cheap Telegram,"Delivery after deposit, no calls, messenger only.",203.67,home_appliances,Sochi,14,3,15,False,1,2,True,True,True,0.3133,1
listing_002397,user_00806,Leather shoes size 42,"Personal item, can meet in person and answer questions.",127.46,fashion,Moscow,783,0,3,True,0,4,False,False,False,1.0622,0
listing_002398,user_01336,Used city bike,Available for inspection before purchase.,5188.36,vehicles,Moscow,1253,1,2,True,0,2,False,False,False,0.6104,0
listing_002399,user_00750,Winter jacket lightly used,"Prepayment only, contact me in Telegram.",137.08,fashion,Novosibirsk,1440,1,5,True,0,4,True,True,True,1.1423,0
listing_002400,user_01260,MacBook sealed prepayment only,"Delivery after deposit, no calls, messenger only.",347.48,electronics,Kazan,15,5,18,False,2,2,False,True,True,0.3861,1
listing_002401,user_01393,Washing machine works well,"Personal item, can meet in person and answer questions.",612.36,home_appliances,Kazan,862,1,3,True,0,3,False,False,False,0.9421,0
listing_002402,user_00859,Apartment below market prepayment,"Prepayment only, contact me in Telegram.",46115.64,real_estate,Sochi,20,4,13,False,1,0,True,True,True,0.6149,1
listing_002403,user_01064,Apartment below market prepayment,"Used carefully, normal sale, local pickup is possible.",90790.11,real_estate,Novosibirsk,1079,0,1,False,0,5,False,False,False,1.2105,0
listing_002404,user_00618,Car urgent sale no questions,"Delivery after deposit, no calls, messenger only.",1664.15,vehicles,Novosibirsk,16,9,25,False,2,0,False,True,True,0.1958,1
listing_002405,user_01662,Microwave oven,"Personal item, can meet in person and answer questions.",737.87,home_appliances,Moscow,661,2,4,True,0,4,False,False,False,1.1352,0
listing_002406,user_01197,Leather shoes size 42,"Personal item, can meet in person and answer questions.",96.91,fashion,Novosibirsk,767,1,4,True,1,6,False,False,False,0.8076,0
listing_002407,user_01439,Winter jacket lightly used,"Prepayment only, contact me in Telegram.",134.76,fashion,Sochi,82,0,1,False,0,5,True,True,True,1.123,0
listing_002408,user_01088,Used city bike,"Used carefully, normal sale, local pickup is possible.",12116.93,vehicles,Novosibirsk,550,3,4,False,0,5,False,False,False,1.4255,0
listing_002409,user_01496,Car urgent sale no questions,"Delivery after deposit, no calls, messenger only.",5811.6,vehicles,Sochi,13,4,15,False,2,1,False,True,True,0.6837,1
listing_002410,user_00858,Leather shoes size 42,Available for inspection before purchase.,164.43,fashion,Novosibirsk,1074,0,2,True,0,5,False,False,False,1.3702,0
listing_002411,user_00433,MacBook sealed prepayment only,"Delivery after deposit, no calls, messenger only.",314.12,electronics,Kazan,4,10,28,True,0,1,False,True,True,0.349,1
listing_002412,user_00504,Gaming laptop with warranty,"Used carefully, normal sale, local pickup is possible.",1122.27,electronics,Kazan,131,0,5,True,0,3,False,False,False,1.247,0
listing_002413,user_01133,Sneakers limited urgent,"Urgent sale today, write outside the platform.",82.11,fashion,Kazan,16,3,17,False,1,1,False,True,True,0.6843,1
listing_002414,user_00194,Gaming laptop with warranty,"Personal item, can meet in person and answer questions.",680.83,electronics,Sochi,257,0,4,True,0,2,False,False,False,0.7565,0
listing_002415,user_00601,Washer cheap Telegram,"Prepayment only, contact me in Telegram.",175.64,home_appliances,Saint Petersburg,3,6,23,True,1,2,True,True,True,0.2702,1
listing_002416,user_01098,Used iPhone 13 in good condition,"Personal item, can meet in person and answer questions.",810.3,electronics,Novosibirsk,776,2,6,True,0,4,False,False,False,0.9003,0
listing_002417,user_00981,Dining table with chairs,"Urgent sale today, write outside the platform.",542.34,furniture,Moscow,369,2,2,True,0,6,False,True,True,1.2052,0
listing_002418,user_00863,Washing machine works well,"Personal item, can meet in person and answer questions.",752.34,home_appliances,Saint Petersburg,427,1,4,True,1,2,False,False,False,1.1574,0
listing_002419,user_01768,Luxury jacket original cheap,"Urgent sale today, write outside the platform.",67.52,fashion,Kazan,7,4,12,False,5,1,False,True,True,0.5627,1
listing_002420,user_01232,Toyota Corolla 2016 clean documents,"Personal item, can meet in person and answer questions.",8608.43,vehicles,Novosibirsk,816,0,5,True,0,6,False,False,False,1.0128,0
listing_002421,user_01636,Studio for long term rent,Available for inspection before purchase.,60961.45,real_estate,Moscow,1167,0,2,True,1,5,False,False,False,0.8128,0
listing_002422,user_01540,One bedroom apartment near metro,"Used carefully, normal sale, local pickup is possible.",72939.43,real_estate,Sochi,480,3,7,True,1,5,False,False,False,0.9725,0
listing_002423,user_01114,Used city bike,"Prepayment only, contact me in Telegram.",7351.63,vehicles,Saint Petersburg,409,1,5,True,0,6,True,True,True,0.8649,0
listing_002424,user_01415,Washing machine works well,"Personal item, can meet in person and answer questions.",721.96,home_appliances,Sochi,926,2,5,True,0,5,False,False,False,1.1107,0
listing_002425,user_00793,Used iPhone 13 in good condition,Available for inspection before purchase.,1113.49,electronics,Kazan,1163,1,3,True,1,6,False,False,False,1.2372,0
listing_002426,user_01793,Dining table with chairs,"Personal item, can meet in person and answer questions.",505.94,furniture,Sochi,1117,1,4,True,0,5,False,False,False,1.1243,0
listing_002427,user_00618,Toyota Corolla 2016 clean documents,Available for inspection before purchase.,9678.85,vehicles,Sochi,725,1,5,True,0,3,False,False,False,1.1387,0
listing_002428,user_01309,Dining table with chairs,"Personal item, can meet in person and answer questions.",342.89,furniture,Kazan,318,1,3,True,0,4,False,False,False,0.762,0
listing_002429,user_00325,Used iPhone 13 in good condition,"Personal item, can meet in person and answer questions.",819.74,electronics,Kazan,478,1,6,True,0,4,False,False,False,0.9108,0
listing_002430,user_01178,Washing machine works well,"Used carefully, normal sale, local pickup is possible.",574.61,home_appliances,Sochi,1062,4,6,False,0,2,False,False,False,0.884,0
listing_002431,user_00437,Wooden desk in good condition,Available for inspection before purchase.,477.04,furniture,Kazan,1455,1,6,False,0,5,False,False,False,1.0601,0
listing_002432,user_00174,Sneakers limited urgent,"Used carefully, normal sale, local pickup is possible.",157.5,fashion,Novosibirsk,334,0,3,True,1,2,False,True,False,1.3125,0
listing_002433,user_00598,Designer sofa very cheap urgent,"Delivery after deposit, no calls, messenger only.",287.82,furniture,Novosibirsk,2,3,17,False,1,1,False,True,True,0.6396,1
listing_002434,user_00642,New table prepay reserve,"Urgent sale today, write outside the platform.",130.65,furniture,Saint Petersburg,16,7,13,True,2,0,False,True,True,0.2903,1
listing_002435,user_01378,Studio for long term rent,"Used carefully, normal sale, local pickup is possible.",89109.33,real_estate,Saint Petersburg,421,2,4,False,0,2,False,False,False,1.1881,0
listing_002436,user_00110,Leather shoes size 42,"Urgent sale today, write outside the platform.",114.59,fashion,Moscow,1276,0,4,True,0,2,False,True,True,0.9549,0
listing_002437,user_01015,Toyota Corolla 2016 clean documents,"Used carefully, normal sale, local pickup is possible.",9781.73,vehicles,Sochi,1274,0,5,False,0,6,False,False,False,1.1508,0
listing_002438,user_01164,Gaming laptop with warranty,Available for inspection before purchase.,1184.89,electronics,Saint Petersburg,574,1,5,True,0,3,False,False,False,1.3165,0
listing_002439,user_01642,Car urgent sale no questions,"Delivery after deposit, no calls, messenger only.",6014.97,vehicles,Novosibirsk,0,8,21,False,2,2,False,True,True,0.7076,1
listing_002440,user_00301,Leather shoes size 42,"Used carefully, normal sale, local pickup is possible.",137.66,fashion,Saint Petersburg,815,3,5,True,0,2,False,False,False,1.1472,0
listing_002441,user_01130,Washing machine works well,"Used carefully, normal sale, local pickup is possible.",342.11,home_appliances,Sochi,427,1,5,True,0,3,False,False,False,0.5263,0
listing_002442,user_00716,Wooden desk in good condition,"Personal item, can meet in person and answer questions.",458.07,furniture,Novosibirsk,866,0,2,True,1,6,False,False,False,1.0179,0
listing_002443,user_00277,Used iPhone 13 in good condition,"Used carefully, normal sale, local pickup is possible.",1151.59,electronics,Saint Petersburg,766,1,3,True,0,6,False,False,False,1.2795,0
listing_002444,user_01558,Luxury jacket original cheap,"Delivery after deposit, no calls, messenger only.",76.96,fashion,Moscow,18,5,20,False,1,0,False,True,True,0.6413,1
listing_002445,user_00338,New fridge half price urgent,"Prepayment only, contact me in Telegram.",374.93,home_appliances,Saint Petersburg,17,6,21,True,0,0,True,True,True,0.5768,1
listing_002446,user_00895,Used city bike,"Personal item, can meet in person and answer questions.",9486.23,vehicles,Moscow,287,1,6,True,0,5,False,False,False,1.116,0
listing_002447,user_00805,Gaming laptop with warranty,"Used carefully, normal sale, local pickup is possible.",784.01,electronics,Kazan,88,1,6,True,0,5,False,False,False,0.8711,0
listing_002448,user_00374,Used iPhone 13 in good condition,"Used carefully, normal sale, local pickup is possible.",446.18,electronics,Kazan,1328,2,5,True,0,6,False,False,False,0.4958,0
listing_002449,user_00394,Scooter cheap today only,"Urgent sale today, write outside the platform.",5419.87,vehicles,Kazan,7,2,18,False,2,2,False,True,True,0.6376,0
listing_002450,user_00831,Leather shoes size 42,"Personal item, can meet in person and answer questions.",116.92,fashion,Moscow,1167,0,5,True,0,5,False,False,False,0.9743,0
listing_002451,user_01367,MacBook sealed prepayment only,"Delivery after deposit, no calls, messenger only.",402.96,electronics,Novosibirsk,9,5,15,False,0,0,False,True,True,0.4477,1
listing_002452,user_01396,Microwave oven,"Personal item, can meet in person and answer questions.",536.87,home_appliances,Kazan,1215,0,3,True,1,5,False,False,False,0.826,0
listing_002453,user_01284,Wooden desk in good condition,Available for inspection before purchase.,500.33,furniture,Novosibirsk,513,1,5,True,0,6,False,False,False,1.1118,0
listing_002454,user_00754,Dining table with chairs,Available for inspection before purchase.,485.7,furniture,Saint Petersburg,170,2,4,True,0,3,False,False,False,1.0793,0
listing_002455,user_01078,Wooden desk in good condition,"Used carefully, normal sale, local pickup is possible.",572.85,furniture,Sochi,1130,1,3,False,0,5,False,False,False,1.273,0
listing_002456,user_01309,New table prepay reserve,"Delivery after deposit, no calls, messenger only.",172.5,furniture,Kazan,15,6,22,False,2,0,False,True,True,0.3833,1
listing_002457,user_00011,Washing machine works well,"Used carefully, normal sale, local pickup is possible.",705.62,home_appliances,Kazan,186,1,2,True,0,6,False,False,False,1.0856,0
listing_002458,user_00715,Toyota Corolla 2016 clean documents,"Used carefully, normal sale, local pickup is possible.",9288.53,vehicles,Sochi,732,1,6,True,0,2,False,False,False,1.0928,0
listing_002459,user_01546,iPhone 15 Pro very cheap urgent,"Urgent sale today, write outside the platform.",694.57,electronics,Kazan,6,4,12,True,3,1,False,True,True,0.7717,1
listing_002460,user_00332,Microwave oven,"Used carefully, normal sale, local pickup is possible.",716.29,home_appliances,Moscow,279,0,2,True,1,2,False,False,False,1.102,0
listing_002461,user_00137,Studio for long term rent,"Personal item, can meet in person and answer questions.",81249.01,real_estate,Moscow,420,1,4,True,0,2,False,False,False,1.0833,0
listing_002462,user_01768,Used iPhone 13 in good condition,Available for inspection before purchase.,995.83,electronics,Saint Petersburg,1419,2,4,False,1,3,False,False,False,1.1065,0
listing_002463,user_00593,Microwave oven,"Personal item, can meet in person and answer questions.",872.96,home_appliances,Saint Petersburg,238,1,3,True,0,6,False,False,False,1.343,0
listing_002464,user_00053,Used city bike,Available for inspection before purchase.,7392.32,vehicles,Moscow,1091,1,6,False,0,3,False,False,False,0.8697,0
listing_002465,user_00572,Dining table with chairs,"Used carefully, normal sale, local pickup is possible.",321.63,furniture,Sochi,756,0,7,True,1,6,False,False,False,0.7147,0
listing_002466,user_01306,Used iPhone 13 in good condition,"Delivery after deposit, no calls, messenger only.",979.0,electronics,Kazan,1102,0,4,True,1,2,False,True,True,1.0878,0
listing_002467,user_00030,Dining table with chairs,"Used carefully, normal sale, local pickup is possible.",483.97,furniture,Novosibirsk,695,0,3,True,0,4,False,False,False,1.0755,0
listing_002468,user_01002,One bedroom apartment near metro,"Personal item, can meet in person and answer questions.",73496.24,real_estate,Saint Petersburg,1206,0,2,False,0,5,False,False,False,0.9799,0
listing_002469,user_01272,New fridge half price urgent,"Delivery after deposit, no calls, messenger only.",368.32,home_appliances,Kazan,7,3,15,False,2,1,False,True,True,0.5666,1
listing_002470,user_00306,Designer sofa very cheap urgent,"Prepayment only, contact me in Telegram.",155.35,furniture,Kazan,15,5,12,False,1,0,True,True,True,0.3452,1
listing_002471,user_00371,Car urgent sale no questions,"Urgent sale today, write outside the platform.",2192.73,vehicles,Sochi,17,5,22,False,3,2,False,True,True,0.258,1
listing_002472,user_00070,Car urgent sale no questions,"Delivery after deposit, no calls, messenger only.",4637.62,vehicles,Moscow,14,11,23,False,1,0,False,True,True,0.5456,1
listing_002473,user_00493,Designer sofa very cheap urgent,"Urgent sale today, write outside the platform.",351.1,furniture,Kazan,1410,1,3,True,0,2,False,True,True,0.7802,0
listing_002474,user_01177,One bedroom apartment near metro,"Urgent sale today, write outside the platform.",74908.04,real_estate,Sochi,555,1,4,False,0,6,False,True,True,0.9988,0
listing_002475,user_00906,Used city bike,Available for inspection before purchase.,9399.27,vehicles,Sochi,1465,2,5,True,0,4,False,False,False,1.1058,0
listing_002476,user_00200,Toyota Corolla 2016 clean documents,"Used carefully, normal sale, local pickup is possible.",7258.1,vehicles,Novosibirsk,1231,1,3,True,1,3,False,False,False,0.8539,0
listing_002477,user_00657,Studio for long term rent,"Personal item, can meet in person and answer questions.",86830.92,real_estate,Kazan,608,1,2,True,0,5,False,False,False,1.1577,0
listing_002478,user_01624,Leather shoes size 42,"Personal item, can meet in person and answer questions.",111.6,fashion,Saint Petersburg,90,2,4,True,1,3,False,False,False,0.93,0
listing_002479,user_00645,Used city bike,"Used carefully, normal sale, local pickup is possible.",12020.68,vehicles,Moscow,891,0,7,True,0,3,False,False,False,1.4142,0
listing_002480,user_00571,Winter jacket lightly used,Available for inspection before purchase.,131.74,fashion,Saint Petersburg,306,3,7,True,1,2,False,False,False,1.0978,0
listing_002481,user_01364,One bedroom apartment near metro,"Used carefully, normal sale, local pickup is possible.",63221.92,real_estate,Kazan,1198,2,3,True,0,4,False,False,False,0.843,0
listing_002482,user_01546,Used city bike,"Used carefully, normal sale, local pickup is possible.",10142.38,vehicles,Novosibirsk,150,1,4,True,0,5,False,False,False,1.1932,0
listing_002483,user_00627,One bedroom apartment near metro,Available for inspection before purchase.,58169.01,real_estate,Sochi,1079,1,2,False,1,2,False,False,False,0.7756,0
listing_002484,user_00864,Designer sofa very cheap urgent,"Delivery after deposit, no calls, messenger only.",148.31,furniture,Saint Petersburg,14,10,25,False,1,0,False,True,True,0.3296,1
listing_002485,user_00602,Washing machine works well,"Used carefully, normal sale, local pickup is possible.",572.25,home_appliances,Sochi,1094,1,6,True,0,3,False,False,False,0.8804,0
listing_002486,user_01506,Dining table with chairs,"Personal item, can meet in person and answer questions.",361.33,furniture,Kazan,116,1,3,True,1,5,False,False,False,0.803,0
listing_002487,user_00048,Toyota Corolla 2016 clean documents,"Used carefully, normal sale, local pickup is possible.",6184.72,vehicles,Moscow,1297,0,3,True,0,5,False,False,False,0.7276,0
listing_002488,user_01255,Scooter cheap today only,"Delivery after deposit, no calls, messenger only.",5848.88,vehicles,Sochi,20,6,14,False,1,1,False,True,True,0.6881,1
listing_002489,user_00556,Leather shoes size 42,"Used carefully, normal sale, local pickup is possible.",132.02,fashion,Kazan,727,1,4,True,0,6,False,False,False,1.1002,0
listing_002490,user_01021,Studio for long term rent,Available for inspection before purchase.,90687.51,real_estate,Moscow,633,2,6,False,0,2,False,False,False,1.2092,0
listing_002491,user_01247,One bedroom apartment near metro,Available for inspection before purchase.,88716.19,real_estate,Sochi,1472,0,4,True,1,4,False,False,False,1.1829,0
listing_002492,user_01242,Car urgent sale no questions,"Urgent sale today, write outside the platform.",3335.18,vehicles,Novosibirsk,7,10,16,False,2,1,False,True,True,0.3924,1
listing_002493,user_00446,Winter jacket lightly used,"Delivery after deposit, no calls, messenger only.",134.79,fashion,Novosibirsk,1122,1,4,True,0,6,False,True,True,1.1232,0
listing_002494,user_01055,One bedroom apartment near metro,"Used carefully, normal sale, local pickup is possible.",76439.82,real_estate,Saint Petersburg,1413,1,5,False,1,2,False,False,False,1.0192,0
listing_002495,user_01462,Microwave oven,"Personal item, can meet in person and answer questions.",689.83,home_appliances,Saint Petersburg,1466,0,5,False,1,4,False,False,False,1.0613,0
listing_002496,user_01130,Dining table with chairs,"Urgent sale today, write outside the platform.",559.53,furniture,Novosibirsk,1178,2,6,False,0,6,False,True,True,1.2434,0
listing_002497,user_00101,Apartment below market prepayment,"Urgent sale today, write outside the platform.",43797.05,real_estate,Moscow,13,4,19,False,0,0,False,True,True,0.584,0
listing_002498,user_00504,Dining table with chairs,"Used carefully, normal sale, local pickup is possible.",584.73,furniture,Moscow,640,0,4,False,0,4,False,False,False,1.2994,0
listing_002499,user_00207,Leather shoes size 42,"Used carefully, normal sale, local pickup is possible.",99.6,fashion,Saint Petersburg,464,0,6,False,0,2,False,False,False,0.83,0
listing_002500,user_01294,Used iPhone 13 in good condition,"Personal item, can meet in person and answer questions.",837.93,electronics,Saint Petersburg,1250,1,4,True,0,6,False,False,False,0.931,0
listing_002501,user_01294,Used city bike,Available for inspection before purchase.,10887.44,vehicles,Sochi,525,1,6,False,1,5,False,False,False,1.2809,0
listing_002502,user_00934,Luxury jacket original cheap,"Delivery after deposit, no calls, messenger only.",38.81,fashion,Kazan,16,4,13,False,2,0,False,True,True,0.3234,1
listing_002503,user_00127,Washing machine works well,"Personal item, can meet in person and answer questions.",794.98,home_appliances,Sochi,1159,0,0,True,0,5,False,False,False,1.223,0
listing_002504,user_00474,Toyota Corolla 2016 clean documents,"Used carefully, normal sale, local pickup is possible.",9142.62,vehicles,Kazan,242,0,0,True,1,2,False,False,False,1.0756,0
listing_002505,user_00975,Winter jacket lightly used,"Personal item, can meet in person and answer questions.",139.51,fashion,Novosibirsk,956,1,3,False,0,6,False,False,False,1.1626,0
listing_002506,user_00052,Sneakers limited urgent,"Delivery after deposit, no calls, messenger only.",81.62,fashion,Novosibirsk,11,5,19,False,0,2,False,True,True,0.6802,1
listing_002507,user_00169,Washing machine works well,"Urgent sale today, write outside the platform.",580.54,home_appliances,Moscow,59,2,6,False,0,4,False,True,True,0.8931,0
listing_002508,user_01191,MacBook sealed prepayment only,"Prepayment only, contact me in Telegram.",352.57,electronics,Kazan,9,10,22,False,2,2,True,True,True,0.3917,1
listing_002509,user_00880,Luxury jacket original cheap,"Urgent sale today, write outside the platform.",36.71,fashion,Kazan,17,3,15,False,2,2,False,True,True,0.3059,1
listing_002510,user_00889,Rent urgent contact Telegram,"Used carefully, normal sale, local pickup is possible.",94538.9,real_estate,Moscow,1056,2,5,True,0,3,True,True,True,1.2605,0
listing_002511,user_01775,Studio for long term rent,"Used carefully, normal sale, local pickup is possible.",62267.15,real_estate,Kazan,530,1,2,True,1,3,False,False,False,0.8302,0
listing_002512,user_01791,Used city bike,"Personal item, can meet in person and answer questions.",11624.82,vehicles,Sochi,1051,2,5,True,0,6,False,False,False,1.3676,0
listing_002513,user_00382,One bedroom apartment near metro,"Urgent sale today, write outside the platform.",83111.42,real_estate,Saint Petersburg,336,4,12,True,0,6,False,True,True,1.1082,0
listing_002514,user_01335,Luxury jacket original cheap,"Prepayment only, contact me in Telegram.",70.82,fashion,Moscow,3,2,18,False,2,1,True,True,True,0.5902,1
listing_002515,user_01094,Designer sofa very cheap urgent,"Delivery after deposit, no calls, messenger only.",147.74,furniture,Saint Petersburg,5,6,20,False,1,1,False,True,True,0.3283,1
listing_002516,user_01134,Gaming laptop with warranty,Available for inspection before purchase.,1021.33,electronics,Saint Petersburg,503,0,4,False,1,6,False,False,False,1.1348,0
listing_002517,user_01293,Used city bike,"Used carefully, normal sale, local pickup is possible.",8797.41,vehicles,Sochi,51,0,3,False,0,4,False,False,False,1.035,0
listing_002518,user_00857,Winter jacket lightly used,"Personal item, can meet in person and answer questions.",116.66,fashion,Novosibirsk,131,0,0,False,1,3,False,False,False,0.9722,0
listing_002519,user_01569,Washing machine works well,"Used carefully, normal sale, local pickup is possible.",733.11,home_appliances,Saint Petersburg,146,0,0,True,0,4,False,False,False,1.1279,0
listing_002520,user_00845,Washing machine works well,"Personal item, can meet in person and answer questions.",877.32,home_appliances,Kazan,868,0,3,True,0,6,False,False,False,1.3497,0
listing_002521,user_00540,MacBook sealed prepayment only,"Delivery after deposit, no calls, messenger only.",520.25,electronics,Kazan,6,4,14,False,1,2,False,True,True,0.5781,1
listing_002522,user_01524,Winter jacket lightly used,"Used carefully, normal sale, local pickup is possible.",71.97,fashion,Saint Petersburg,285,0,2,True,0,4,False,False,False,0.5998,0
listing_002523,user_00839,Toyota Corolla 2016 clean documents,"Personal item, can meet in person and answer questions.",10467.52,vehicles,Saint Petersburg,967,0,3,True,0,3,False,False,False,1.2315,0
listing_002524,user_00616,Wooden desk in good condition,"Personal item, can meet in person and answer questions.",495.94,furniture,Moscow,772,1,2,True,0,3,False,False,False,1.1021,0
listing_002525,user_00188,Microwave oven,"Delivery after deposit, no calls, messenger only.",659.31,home_appliances,Sochi,998,0,3,True,1,6,False,True,True,1.0143,0
listing_002526,user_01653,Used city bike,Available for inspection before purchase.,10399.36,vehicles,Sochi,1037,4,10,True,1,6,False,False,False,1.2235,0
listing_002527,user_00951,Used city bike,"Used carefully, normal sale, local pickup is possible.",11292.81,vehicles,Saint Petersburg,1221,2,3,True,0,6,False,False,False,1.3286,0
listing_002528,user_00796,Wooden desk in good condition,"Prepayment only, contact me in Telegram.",499.1,furniture,Moscow,297,1,4,True,0,5,True,True,True,1.1091,0
listing_002529,user_00590,Leather shoes size 42,"Used carefully, normal sale, local pickup is possible.",110.28,fashion,Moscow,273,1,2,True,1,3,False,False,False,0.919,0
listing_002530,user_01678,Winter jacket lightly used,Available for inspection before purchase.,110.81,fashion,Moscow,672,0,1,True,1,5,False,False,False,0.9234,0
listing_002531,user_00751,Sneakers limited urgent,"Personal item, can meet in person and answer questions.",134.96,fashion,Kazan,1111,1,5,True,0,5,False,True,False,1.1247,0
listing_002532,user_01758,Winter jacket lightly used,"Used carefully, normal sale, local pickup is possible.",54.27,fashion,Sochi,1085,0,5,False,1,6,False,False,False,0.4523,0
listing_002533,user_01645,Washer cheap Telegram,"Urgent sale today, write outside the platform.",218.74,home_appliances,Moscow,19,1,14,False,0,2,True,True,True,0.3365,1
listing_002534,user_00152,Sneakers limited urgent,"Delivery after deposit, no calls, messenger only.",72.02,fashion,Novosibirsk,5,11,24,False,1,2,False,True,True,0.6002,1
listing_002535,user_01327,Washing machine works well,"Used carefully, normal sale, local pickup is possible.",701.57,home_appliances,Saint Petersburg,1361,2,4,True,0,4,False,False,False,1.0793,0
listing_002536,user_00469,Rent urgent contact Telegram,"Delivery after deposit, no calls, messenger only.",45795.72,real_estate,Moscow,14,2,10,False,1,1,True,True,True,0.6106,1
listing_002537,user_00525,Sneakers limited urgent,"Prepayment only, contact me in Telegram.",29.6,fashion,Novosibirsk,7,12,23,True,0,1,True,True,True,0.2467,1
listing_002538,user_00838,Rent urgent contact Telegram,Available for inspection before purchase.,76913.4,real_estate,Sochi,1204,2,4,True,0,4,True,True,True,1.0255,0
listing_002539,user_00465,New fridge half price urgent,"Prepayment only, contact me in Telegram.",217.85,home_appliances,Kazan,15,2,17,False,3,2,True,True,True,0.3352,1
listing_002540,user_00598,Used city bike,Available for inspection before purchase.,6355.26,vehicles,Sochi,654,0,5,True,1,5,False,False,False,0.7477,0
listing_002541,user_00337,New table prepay reserve,"Urgent sale today, write outside the platform.",108.17,furniture,Moscow,2,2,10,False,2,2,False,True,True,0.2404,1
listing_002542,user_00391,Toyota Corolla 2016 clean documents,"Personal item, can meet in person and answer questions.",7390.45,vehicles,Saint Petersburg,193,2,9,True,0,2,False,False,False,0.8695,0
listing_002543,user_00565,iPhone 15 Pro very cheap urgent,"Prepayment only, contact me in Telegram.",399.7,electronics,Saint Petersburg,0,13,24,False,2,1,True,True,True,0.4441,1
listing_002544,user_01512,MacBook sealed prepayment only,"Urgent sale today, write outside the platform.",458.74,electronics,Saint Petersburg,0,8,24,False,3,0,False,True,True,0.5097,1
listing_002545,user_00893,Leather shoes size 42,"Personal item, can meet in person and answer questions.",115.98,fashion,Saint Petersburg,389,0,0,False,0,2,False,False,False,0.9665,0
listing_002546,user_01635,New fridge half price urgent,Available for inspection before purchase.,486.09,home_appliances,Moscow,1179,1,7,False,1,4,False,True,False,0.7478,0
listing_002547,user_01554,One bedroom apartment near metro,"Urgent sale today, write outside the platform.",85577.46,real_estate,Moscow,864,1,3,True,1,3,False,True,True,1.141,0
listing_002548,user_01669,Gaming laptop with warranty,"Used carefully, normal sale, local pickup is possible.",1072.54,electronics,Kazan,1178,1,4,True,1,2,False,False,False,1.1917,0
listing_002549,user_01322,Used iPhone 13 in good condition,Available for inspection before purchase.,846.17,electronics,Saint Petersburg,531,0,3,True,1,2,False,False,False,0.9402,0
listing_002550,user_00743,New table prepay reserve,"Personal item, can meet in person and answer questions.",256.53,furniture,Saint Petersburg,1067,0,4,True,0,4,False,False,False,0.5701,0
listing_002551,user_00302,Studio for long term rent,Available for inspection before purchase.,61881.4,real_estate,Kazan,452,1,4,True,0,2,False,False,False,0.8251,0
listing_002552,user_01131,Leather shoes size 42,"Used carefully, normal sale, local pickup is possible.",99.26,fashion,Saint Petersburg,1370,0,4,True,1,5,False,False,False,0.8272,0
listing_002553,user_01639,iPhone 15 Pro very cheap urgent,"Delivery after deposit, no calls, messenger only.",416.37,electronics,Saint Petersburg,9,4,19,False,1,1,False,True,True,0.4626,1
listing_002554,user_00095,New fridge half price urgent,"Delivery after deposit, no calls, messenger only.",309.19,home_appliances,Novosibirsk,8,6,14,False,2,2,False,True,True,0.4757,1
listing_002555,user_01077,Used iPhone 13 in good condition,Available for inspection before purchase.,691.09,electronics,Kazan,205,0,2,True,0,3,False,False,False,0.7679,0
listing_002556,user_01107,Winter jacket lightly used,"Personal item, can meet in person and answer questions.",118.59,fashion,Sochi,630,2,6,True,0,4,False,False,False,0.9883,0
listing_002557,user_00449,Washing machine works well,"Personal item, can meet in person and answer questions.",694.24,home_appliances,Moscow,1381,2,3,True,0,3,False,False,False,1.0681,0
listing_002558,user_01771,Gaming laptop with warranty,Available for inspection before purchase.,683.73,electronics,Kazan,390,0,3,True,1,6,False,False,False,0.7597,0
listing_002559,user_01515,Winter jacket lightly used,"Used carefully, normal sale, local pickup is possible.",137.58,fashion,Moscow,168,1,3,True,1,3,False,False,False,1.1465,0
listing_002560,user_00876,Gaming laptop with warranty,"Used carefully, normal sale, local pickup is possible.",1033.71,electronics,Novosibirsk,394,1,4,True,0,3,False,False,False,1.1486,0
listing_002561,user_00812,Sneakers limited urgent,"Urgent sale today, write outside the platform.",66.73,fashion,Kazan,15,7,26,True,1,1,False,True,True,0.5561,1
listing_002562,user_00994,Washer cheap Telegram,"Prepayment only, contact me in Telegram.",189.93,home_appliances,Moscow,19,4,14,False,0,1,True,True,True,0.2922,1
listing_002563,user_00639,Winter jacket lightly used,"Personal item, can meet in person and answer questions.",146.49,fashion,Moscow,492,1,4,True,0,4,False,False,False,1.2208,0
listing_002564,user_01078,Winter jacket lightly used,"Delivery after deposit, no calls, messenger only.",155.63,fashion,Novosibirsk,1371,4,8,True,0,3,False,True,True,1.2969,0
listing_002565,user_00307,Apartment below market prepayment,"Prepayment only, contact me in Telegram.",27438.58,real_estate,Sochi,12,3,13,False,2,0,True,True,True,0.3658,1
listing_002566,user_00082,Used city bike,"Personal item, can meet in person and answer questions.",10056.49,vehicles,Saint Petersburg,55,2,3,True,0,2,False,False,False,1.1831,0
listing_002567,user_00408,Used city bike,Available for inspection before purchase.,8817.58,vehicles,Kazan,1016,0,3,True,0,6,False,False,False,1.0374,0
listing_002568,user_01723,Winter jacket lightly used,"Personal item, can meet in person and answer questions.",120.13,fashion,Saint Petersburg,224,0,1,False,1,6,False,False,False,1.0011,0
listing_002569,user_00728,Dining table with chairs,Available for inspection before purchase.,454.6,furniture,Sochi,102,2,3,True,0,2,False,False,False,1.0102,0
listing_002570,user_00634,Dining table with chairs,Available for inspection before purchase.,584.95,furniture,Sochi,168,1,3,True,1,4,False,False,False,1.2999,0
listing_002571,user_00904,Sneakers limited urgent,"Urgent sale today, write outside the platform.",74.08,fashion,Novosibirsk,12,7,19,True,0,0,False,True,True,0.6173,0
listing_002572,user_00992,Wooden desk in good condition,"Personal item, can meet in person and answer questions.",510.78,furniture,Sochi,1247,1,5,False,0,4,False,False,False,1.1351,0
listing_002573,user_00305,Washing machine works well,"Personal item, can meet in person and answer questions.",711.98,home_appliances,Moscow,896,1,3,True,0,3,False,False,False,1.0954,0
listing_002574,user_00836,MacBook sealed prepayment only,"Prepayment only, contact me in Telegram.",190.66,electronics,Sochi,10,4,22,False,3,0,True,True,True,0.2118,1
listing_002575,user_00688,Dining table with chairs,"Personal item, can meet in person and answer questions.",597.58,furniture,Kazan,656,0,1,False,1,6,False,False,False,1.328,0
listing_002576,user_00050,Leather shoes size 42,"Used carefully, normal sale, local pickup is possible.",91.26,fashion,Saint Petersburg,1461,1,6,True,0,4,False,False,False,0.7605,0
listing_002577,user_00290,Winter jacket lightly used,"Prepayment only, contact me in Telegram.",125.46,fashion,Saint Petersburg,65,1,5,True,1,5,True,True,True,1.0455,0
listing_002578,user_00419,Wooden desk in good condition,"Used carefully, normal sale, local pickup is possible.",425.68,furniture,Saint Petersburg,216,1,1,True,0,6,False,False,False,0.946,0
listing_002579,user_00053,Scooter cheap today only,"Personal item, can meet in person and answer questions.",4625.11,vehicles,Moscow,1421,1,5,True,1,5,False,True,False,0.5441,0
listing_002580,user_01423,Sneakers limited urgent,"Personal item, can meet in person and answer questions.",110.8,fashion,Saint Petersburg,1460,0,4,True,0,5,False,True,False,0.9233,0
listing_002581,user_01420,Studio for long term rent,"Personal item, can meet in person and answer questions.",75853.76,real_estate,Moscow,204,0,2,True,0,5,False,False,False,1.0114,0
listing_002582,user_00240,Wooden desk in good condition,"Personal item, can meet in person and answer questions.",367.28,furniture,Moscow,1322,1,4,True,0,4,False,False,False,0.8162,0
listing_002583,user_01642,Dining table with chairs,Available for inspection before purchase.,516.45,furniture,Novosibirsk,76,2,7,True,0,2,False,False,False,1.1477,0
listing_002584,user_00132,Toyota Corolla 2016 clean documents,"Personal item, can meet in person and answer questions.",8941.01,vehicles,Kazan,373,1,1,False,0,2,False,False,False,1.0519,0
listing_002585,user_01766,Wooden desk in good condition,"Personal item, can meet in person and answer questions.",545.06,furniture,Moscow,231,2,2,True,0,3,False,False,False,1.2112,0
listing_002586,user_00446,MacBook sealed prepayment only,Available for inspection before purchase.,392.63,electronics,Novosibirsk,815,2,4,True,0,5,False,True,False,0.4363,0
listing_002587,user_00313,Washing machine works well,Available for inspection before purchase.,864.33,home_appliances,Moscow,877,1,3,False,0,6,False,False,False,1.3297,0
listing_002588,user_00462,Washing machine works well,"Prepayment only, contact me in Telegram.",752.98,home_appliances,Saint Petersburg,183,1,5,True,0,2,True,True,True,1.1584,0
listing_002589,user_01212,Wooden desk in good condition,"Personal item, can meet in person and answer questions.",513.99,furniture,Kazan,362,1,5,True,1,6,False,False,False,1.1422,0
listing_002590,user_00114,Used city bike,Available for inspection before purchase.,7647.12,vehicles,Saint Petersburg,433,1,1,True,0,2,False,False,False,0.8997,0
listing_002591,user_00981,New table prepay reserve,"Delivery after deposit, no calls, messenger only.",276.17,furniture,Moscow,20,4,15,False,1,2,False,True,True,0.6137,1
listing_002592,user_00332,Dining table with chairs,"Used carefully, normal sale, local pickup is possible.",399.74,furniture,Kazan,1289,1,5,True,0,3,False,False,False,0.8883,0
listing_002593,user_01017,Apartment below market prepayment,"Urgent sale today, write outside the platform.",44162.67,real_estate,Moscow,0,2,16,False,1,2,False,True,True,0.5888,1
listing_002594,user_01339,Leather shoes size 42,"Personal item, can meet in person and answer questions.",130.18,fashion,Moscow,229,0,4,True,0,2,False,False,False,1.0848,0
listing_002595,user_01641,Luxury jacket original cheap,Available for inspection before purchase.,114.36,fashion,Kazan,479,1,5,True,0,4,False,False,False,0.953,0
listing_002596,user_00744,Scooter cheap today only,"Delivery after deposit, no calls, messenger only.",8800.28,vehicles,Sochi,256,1,3,True,0,4,False,True,True,1.0353,0
listing_002597,user_00719,Washing machine works well,"Delivery after deposit, no calls, messenger only.",824.85,home_appliances,Kazan,1487,0,5,True,1,5,False,True,True,1.269,0
listing_002598,user_00110,New table prepay reserve,"Urgent sale today, write outside the platform.",463.55,furniture,Moscow,409,1,3,True,0,5,False,True,True,1.0301,0
listing_002599,user_01312,Used city bike,"Used carefully, normal sale, local pickup is possible.",11078.01,vehicles,Moscow,1339,0,2,True,1,5,False,False,False,1.3033,0
listing_002600,user_01163,One bedroom apartment near metro,"Urgent sale today, write outside the platform.",60179.79,real_estate,Kazan,1255,0,3,True,1,5,False,True,True,0.8024,0
listing_002601,user_00228,Washing machine works well,"Used carefully, normal sale, local pickup is possible.",515.55,home_appliances,Saint Petersburg,309,4,7,True,0,5,False,False,False,0.7932,0
listing_002602,user_00038,Dining table with chairs,Available for inspection before purchase.,163.69,furniture,Novosibirsk,274,1,3,True,0,4,False,False,False,0.3638,0
listing_002603,user_00266,Studio for long term rent,Available for inspection before purchase.,77574.75,real_estate,Sochi,255,0,4,True,0,4,False,False,False,1.0343,0
listing_002604,user_00835,Winter jacket lightly used,"Personal item, can meet in person and answer questions.",116.5,fashion,Saint Petersburg,1099,0,2,False,0,4,False,False,False,0.9708,0
listing_002605,user_00456,New table prepay reserve,"Urgent sale today, write outside the platform.",215.18,furniture,Sochi,17,6,17,False,1,1,False,True,True,0.4782,1
listing_002606,user_01077,Washing machine works well,"Used carefully, normal sale, local pickup is possible.",654.02,home_appliances,Sochi,447,1,3,True,1,4,False,False,False,1.0062,0
listing_002607,user_01120,One bedroom apartment near metro,"Personal item, can meet in person and answer questions.",92728.57,real_estate,Kazan,424,0,5,True,1,3,False,False,False,1.2364,0
listing_002608,user_00521,Dining table with chairs,Available for inspection before purchase.,450.86,furniture,Saint Petersburg,1154,0,3,True,0,4,False,False,False,1.0019,0
listing_002609,user_01786,One bedroom apartment near metro,"Personal item, can meet in person and answer questions.",88235.56,real_estate,Sochi,637,1,3,True,0,4,False,False,False,1.1765,0
listing_002610,user_01091,iPhone 15 Pro very cheap urgent,"Used carefully, normal sale, local pickup is possible.",1205.38,electronics,Sochi,1158,1,6,True,0,2,False,True,False,1.3393,0
listing_002611,user_00235,Winter jacket lightly used,"Used carefully, normal sale, local pickup is possible.",112.87,fashion,Saint Petersburg,876,2,2,True,0,4,False,False,False,0.9406,0
listing_002612,user_01390,New fridge half price urgent,"Prepayment only, contact me in Telegram.",131.98,home_appliances,Kazan,10,4,17,False,1,2,True,True,True,0.203,1
listing_002613,user_01166,Toyota Corolla 2016 clean documents,"Used carefully, normal sale, local pickup is possible.",10157.03,vehicles,Moscow,1243,3,6,True,0,5,False,False,False,1.1949,0
listing_002614,user_00709,Leather shoes size 42,"Used carefully, normal sale, local pickup is possible.",131.75,fashion,Saint Petersburg,888,0,0,True,0,6,False,False,False,1.0979,0
listing_002615,user_00563,Wooden desk in good condition,"Personal item, can meet in person and answer questions.",453.29,furniture,Sochi,96,0,2,True,0,2,False,False,False,1.0073,0
listing_002616,user_00995,Winter jacket lightly used,"Used carefully, normal sale, local pickup is possible.",150.84,fashion,Moscow,582,1,7,True,0,6,False,False,False,1.257,0
listing_002617,user_01498,Washing machine works well,"Personal item, can meet in person and answer questions.",740.78,home_appliances,Kazan,724,1,5,False,0,4,False,False,False,1.1397,0
listing_002618,user_01536,One bedroom apartment near metro,"Used carefully, normal sale, local pickup is possible.",63775.59,real_estate,Sochi,287,2,5,False,0,6,False,False,False,0.8503,0
listing_002619,user_01087,Winter jacket lightly used,"Personal item, can meet in person and answer questions.",105.22,fashion,Saint Petersburg,364,0,5,True,0,3,False,False,False,0.8768,0
listing_002620,user_01701,Leather shoes size 42,"Personal item, can meet in person and answer questions.",136.95,fashion,Novosibirsk,364,0,3,False,0,2,False,False,False,1.1412,0
listing_002621,user_01537,Designer sofa very cheap urgent,"Urgent sale today, write outside the platform.",352.2,furniture,Kazan,13,3,14,False,1,2,False,True,True,0.7827,0
listing_002622,user_01001,Used city bike,"Personal item, can meet in person and answer questions.",6179.26,vehicles,Novosibirsk,1371,0,5,True,0,2,False,False,False,0.727,0
listing_002623,user_01040,Wooden desk in good condition,Available for inspection before purchase.,581.78,furniture,Kazan,1163,0,2,True,0,5,False,False,False,1.2928,0
listing_002624,user_01089,Studio for long term rent,"Personal item, can meet in person and answer questions.",95900.71,real_estate,Novosibirsk,149,1,6,False,0,2,False,False,False,1.2787,0
listing_002625,user_01213,One bedroom apartment near metro,"Personal item, can meet in person and answer questions.",96566.95,real_estate,Kazan,1267,2,4,True,0,3,False,False,False,1.2876,0
listing_002626,user_00914,Used iPhone 13 in good condition,"Personal item, can meet in person and answer questions.",1138.7,electronics,Novosibirsk,279,0,1,True,0,4,False,False,False,1.2652,0
listing_002627,user_00390,Microwave oven,"Used carefully, normal sale, local pickup is possible.",497.92,home_appliances,Saint Petersburg,634,1,3,False,0,5,False,False,False,0.766,0
listing_002628,user_01456,Used iPhone 13 in good condition,"Used carefully, normal sale, local pickup is possible.",1208.29,electronics,Kazan,1388,1,2,False,1,3,False,False,False,1.3425,0
listing_002629,user_00679,One bedroom apartment near metro,Available for inspection before purchase.,87851.65,real_estate,Kazan,769,1,8,False,0,4,False,False,False,1.1714,0
listing_002630,user_01077,Designer sofa very cheap urgent,"Delivery after deposit, no calls, messenger only.",111.64,furniture,Kazan,2,6,19,False,4,1,False,True,True,0.2481,1
listing_002631,user_00524,Luxury jacket original cheap,"Used carefully, normal sale, local pickup is possible.",148.72,fashion,Kazan,102,1,3,False,0,4,False,False,False,1.2393,0
listing_002632,user_01627,Dining table with chairs,"Personal item, can meet in person and answer questions.",509.45,furniture,Sochi,600,1,4,True,0,3,False,False,False,1.1321,0
listing_002633,user_00060,Leather shoes size 42,"Used carefully, normal sale, local pickup is possible.",123.85,fashion,Kazan,945,1,4,False,0,2,False,False,False,1.0321,0
listing_002634,user_00970,Sneakers limited urgent,"Delivery after deposit, no calls, messenger only.",54.14,fashion,Saint Petersburg,14,8,24,False,2,1,False,True,True,0.4512,1
listing_002635,user_00041,Studio for long term rent,Available for inspection before purchase.,34489.33,real_estate,Kazan,243,1,2,True,0,6,False,False,False,0.4599,0
listing_002636,user_00688,Winter jacket lightly used,"Used carefully, normal sale, local pickup is possible.",161.29,fashion,Novosibirsk,462,0,5,False,0,3,False,False,False,1.3441,0
listing_002637,user_00665,Used iPhone 13 in good condition,"Personal item, can meet in person and answer questions.",906.91,electronics,Novosibirsk,553,3,10,True,0,4,False,False,False,1.0077,0
listing_002638,user_00240,Apartment below market prepayment,"Delivery after deposit, no calls, messenger only.",28925.63,real_estate,Kazan,3,4,18,True,0,1,False,True,True,0.3857,1
listing_002639,user_00286,Toyota Corolla 2016 clean documents,"Personal item, can meet in person and answer questions.",7556.14,vehicles,Kazan,727,1,10,False,0,6,False,False,False,0.889,0
listing_002640,user_01334,Toyota Corolla 2016 clean documents,"Used carefully, normal sale, local pickup is possible.",6449.63,vehicles,Kazan,1236,2,4,False,0,3,False,False,False,0.7588,0
listing_002641,user_00151,Studio for long term rent,Available for inspection before purchase.,73275.8,real_estate,Moscow,493,2,6,True,0,2,False,False,False,0.977,0
listing_002642,user_01021,Apartment below market prepayment,"Personal item, can meet in person and answer questions.",105819.07,real_estate,Kazan,1292,1,4,False,1,4,False,False,False,1.4109,0
listing_002643,user_00591,Studio for long term rent,"Used carefully, normal sale, local pickup is possible.",87394.29,real_estate,Kazan,655,0,2,True,1,6,False,False,False,1.1653,0
listing_002644,user_00408,Winter jacket lightly used,"Urgent sale today, write outside the platform.",137.44,fashion,Kazan,1298,1,2,True,0,2,False,True,True,1.1453,0
listing_002645,user_00575,Studio for long term rent,"Personal item, can meet in person and answer questions.",59512.98,real_estate,Sochi,574,2,5,True,0,3,False,False,False,0.7935,0
listing_002646,user_00279,Dining table with chairs,Available for inspection before purchase.,484.84,furniture,Saint Petersburg,1450,1,4,True,1,5,False,False,False,1.0774,0
listing_002647,user_01215,Microwave oven,"Used carefully, normal sale, local pickup is possible.",549.11,home_appliances,Saint Petersburg,702,2,3,False,0,5,False,False,False,0.8448,0
listing_002648,user_01174,Washer cheap Telegram,"Prepayment only, contact me in Telegram.",193.72,home_appliances,Kazan,3,9,18,False,0,2,True,True,True,0.298,1
listing_002649,user_00223,Leather shoes size 42,"Used carefully, normal sale, local pickup is possible.",108.71,fashion,Saint Petersburg,960,1,5,True,0,2,False,False,False,0.9059,0
listing_002650,user_00999,Luxury jacket original cheap,"Prepayment only, contact me in Telegram.",69.72,fashion,Sochi,6,3,12,False,3,2,True,True,True,0.581,1
listing_002651,user_00535,Used city bike,"Used carefully, normal sale, local pickup is possible.",7057.17,vehicles,Novosibirsk,853,2,5,True,1,3,False,False,False,0.8303,0
listing_002652,user_01525,New table prepay reserve,"Prepayment only, contact me in Telegram.",192.86,furniture,Saint Petersburg,17,6,25,False,2,0,True,True,True,0.4286,1
listing_002653,user_01377,Microwave oven,"Personal item, can meet in person and answer questions.",742.42,home_appliances,Novosibirsk,461,0,3,False,1,2,False,False,False,1.1422,0
listing_002654,user_00004,Rent urgent contact Telegram,"Urgent sale today, write outside the platform.",50492.41,real_estate,Kazan,10,3,13,False,4,1,True,True,True,0.6732,1
listing_002655,user_00990,Leather shoes size 42,"Used carefully, normal sale, local pickup is possible.",131.77,fashion,Kazan,182,1,1,True,0,5,False,False,False,1.0981,0
listing_002656,user_00888,Leather shoes size 42,"Used carefully, normal sale, local pickup is possible.",163.6,fashion,Sochi,1177,0,2,True,1,2,False,False,False,1.3633,0
listing_002657,user_00544,Studio for long term rent,Available for inspection before purchase.,79472.77,real_estate,Moscow,1342,0,5,True,0,6,False,False,False,1.0596,0
listing_002658,user_01572,Washer cheap Telegram,"Prepayment only, contact me in Telegram.",442.02,home_appliances,Kazan,12,8,22,False,0,1,True,True,True,0.68,1
listing_002659,user_00174,One bedroom apartment near metro,"Used carefully, normal sale, local pickup is possible.",91685.18,real_estate,Moscow,94,1,4,True,0,4,False,False,False,1.2225,0
listing_002660,user_00136,Car urgent sale no questions,"Prepayment only, contact me in Telegram.",6032.19,vehicles,Moscow,0,5,13,False,1,2,True,True,True,0.7097,1
listing_002661,user_00274,Microwave oven,"Used carefully, normal sale, local pickup is possible.",852.78,home_appliances,Novosibirsk,1003,1,4,True,1,4,False,False,False,1.312,0
listing_002662,user_00984,Wooden desk in good condition,Available for inspection before purchase.,364.25,furniture,Sochi,434,0,4,False,0,5,False,False,False,0.8094,0
listing_002663,user_00988,Washing machine works well,Available for inspection before purchase.,600.48,home_appliances,Novosibirsk,574,0,1,True,1,2,False,False,False,0.9238,0
listing_002664,user_00052,Scooter cheap today only,"Urgent sale today, write outside the platform.",1712.13,vehicles,Novosibirsk,14,6,20,False,0,2,False,True,True,0.2014,1
listing_002665,user_00943,Winter jacket lightly used,"Used carefully, normal sale, local pickup is possible.",49.34,fashion,Saint Petersburg,1367,2,4,True,0,2,False,False,False,0.4112,0
listing_002666,user_00855,Used iPhone 13 in good condition,Available for inspection before purchase.,1020.6,electronics,Kazan,418,1,6,True,1,3,False,False,False,1.134,0
listing_002667,user_01230,Leather shoes size 42,"Used carefully, normal sale, local pickup is possible.",149.56,fashion,Moscow,781,2,5,True,0,3,False,False,False,1.2463,0
listing_002668,user_00504,Rent urgent contact Telegram,"Prepayment only, contact me in Telegram.",43956.94,real_estate,Saint Petersburg,15,0,14,False,1,1,True,True,True,0.5861,1
listing_002669,user_00292,Used city bike,"Urgent sale today, write outside the platform.",7876.24,vehicles,Kazan,1049,1,4,True,0,6,False,True,True,0.9266,0
listing_002670,user_01617,Used iPhone 13 in good condition,"Used carefully, normal sale, local pickup is possible.",1087.76,electronics,Moscow,312,0,2,True,1,3,False,False,False,1.2086,0
listing_002671,user_00775,Washing machine works well,"Urgent sale today, write outside the platform.",525.33,home_appliances,Sochi,796,0,6,True,0,3,False,True,True,0.8082,0
listing_002672,user_01130,Used city bike,Available for inspection before purchase.,12177.02,vehicles,Moscow,75,0,2,False,0,5,False,False,False,1.4326,0
listing_002673,user_01250,Washer cheap Telegram,"Delivery after deposit, no calls, messenger only.",345.32,home_appliances,Kazan,20,2,9,False,3,1,True,True,True,0.5313,1
listing_002674,user_00917,Studio for long term rent,Available for inspection before purchase.,43899.04,real_estate,Kazan,949,2,7,True,1,4,False,False,False,0.5853,0
listing_002675,user_00928,Leather shoes size 42,Available for inspection before purchase.,153.9,fashion,Sochi,1309,1,3,True,0,5,False,False,False,1.2825,0
listing_002676,user_01059,Studio for long term rent,"Personal item, can meet in person and answer questions.",67076.92,real_estate,Sochi,1427,1,6,True,0,2,False,False,False,0.8944,0
listing_002677,user_00864,Toyota Corolla 2016 clean documents,Available for inspection before purchase.,10168.83,vehicles,Saint Petersburg,1159,0,1,True,0,5,False,False,False,1.1963,0
listing_002678,user_00626,Scooter cheap today only,"Prepayment only, contact me in Telegram.",6337.46,vehicles,Novosibirsk,2,1,17,False,0,0,True,True,True,0.7456,1
listing_002679,user_01743,New table prepay reserve,"Prepayment only, contact me in Telegram.",245.26,furniture,Saint Petersburg,8,3,9,False,0,1,True,True,True,0.545,1
listing_002680,user_00548,Leather shoes size 42,"Urgent sale today, write outside the platform.",146.63,fashion,Sochi,1035,1,3,True,0,2,False,True,True,1.2219,0
listing_002681,user_00174,Leather shoes size 42,Available for inspection before purchase.,100.82,fashion,Saint Petersburg,273,0,3,True,1,3,False,False,False,0.8402,0
listing_002682,user_00532,Washer cheap Telegram,"Prepayment only, contact me in Telegram.",388.86,home_appliances,Moscow,3,6,14,True,2,2,True,True,True,0.5982,1
listing_002683,user_00281,Used iPhone 13 in good condition,"Used carefully, normal sale, local pickup is possible.",1016.88,electronics,Saint Petersburg,1392,2,4,True,0,5,False,False,False,1.1299,0
listing_002684,user_00727,One bedroom apartment near metro,"Used carefully, normal sale, local pickup is possible.",34715.57,real_estate,Sochi,1361,1,4,True,0,3,False,False,False,0.4629,0
listing_002685,user_00549,Designer sofa very cheap urgent,"Urgent sale today, write outside the platform.",98.84,furniture,Moscow,6,5,13,True,1,0,False,True,True,0.2196,1
listing_002686,user_01176,Sneakers limited urgent,"Prepayment only, contact me in Telegram.",39.75,fashion,Novosibirsk,19,4,15,False,4,0,True,True,True,0.3312,1
listing_002687,user_00589,Used city bike,Available for inspection before purchase.,11974.98,vehicles,Novosibirsk,1218,2,6,True,1,5,False,False,False,1.4088,0
listing_002688,user_00736,Washing machine works well,"Used carefully, normal sale, local pickup is possible.",671.64,home_appliances,Kazan,1052,1,4,True,1,5,False,False,False,1.0333,0
listing_002689,user_00486,Car urgent sale no questions,"Prepayment only, contact me in Telegram.",1734.15,vehicles,Kazan,20,2,19,False,1,1,True,True,True,0.204,1
listing_002690,user_00426,Luxury jacket original cheap,"Delivery after deposit, no calls, messenger only.",84.12,fashion,Saint Petersburg,7,5,15,False,1,2,False,True,True,0.701,1
listing_002691,user_00805,Microwave oven,"Used carefully, normal sale, local pickup is possible.",826.57,home_appliances,Kazan,294,2,10,True,0,2,False,False,False,1.2716,0
listing_002692,user_00614,Sneakers limited urgent,"Prepayment only, contact me in Telegram.",41.09,fashion,Kazan,1,1,15,False,4,1,True,True,True,0.3424,1
listing_002693,user_01416,Leather shoes size 42,Available for inspection before purchase.,131.54,fashion,Kazan,569,1,3,True,0,5,False,False,False,1.0962,0
listing_002694,user_00563,Used city bike,"Used carefully, normal sale, local pickup is possible.",8529.6,vehicles,Kazan,796,2,4,True,1,3,False,False,False,1.0035,0
listing_002695,user_01287,One bedroom apartment near metro,"Used carefully, normal sale, local pickup is possible.",66582.48,real_estate,Sochi,979,2,6,True,0,3,False,False,False,0.8878,0
listing_002696,user_00023,Gaming laptop with warranty,"Personal item, can meet in person and answer questions.",1067.12,electronics,Novosibirsk,1236,0,6,False,1,3,False,False,False,1.1857,0
listing_002697,user_00955,Gaming laptop with warranty,"Used carefully, normal sale, local pickup is possible.",818.45,electronics,Saint Petersburg,376,3,5,False,0,6,False,False,False,0.9094,0
listing_002698,user_00197,Sneakers limited urgent,"Prepayment only, contact me in Telegram.",62.05,fashion,Moscow,15,8,18,False,1,1,True,True,True,0.5171,1
listing_002699,user_01025,Used city bike,Available for inspection before purchase.,9841.94,vehicles,Novosibirsk,1134,0,2,False,0,6,False,False,False,1.1579,0
listing_002700,user_01552,One bedroom apartment near metro,"Personal item, can meet in person and answer questions.",87475.59,real_estate,Saint Petersburg,499,2,4,True,0,2,False,False,False,1.1663,0
listing_002701,user_01383,Gaming laptop with warranty,"Delivery after deposit, no calls, messenger only.",698.33,electronics,Sochi,1224,2,7,True,0,4,False,True,True,0.7759,0
listing_002702,user_00839,Sneakers limited urgent,"Prepayment only, contact me in Telegram.",53.36,fashion,Saint Petersburg,17,3,16,False,1,1,True,True,True,0.4447,1
listing_002703,user_01355,Studio for long term rent,"Used carefully, normal sale, local pickup is possible.",94434.7,real_estate,Moscow,468,1,4,True,1,5,False,False,False,1.2591,0
listing_002704,user_00166,MacBook sealed prepayment only,"Delivery after deposit, no calls, messenger only.",489.91,electronics,Saint Petersburg,2,3,15,False,4,2,False,True,True,0.5443,1
listing_002705,user_00186,Microwave oven,Available for inspection before purchase.,492.28,home_appliances,Novosibirsk,1325,2,4,True,1,6,False,False,False,0.7574,0
listing_002706,user_00503,Wooden desk in good condition,"Delivery after deposit, no calls, messenger only.",304.85,furniture,Saint Petersburg,804,1,5,True,1,5,False,True,True,0.6774,0
listing_002707,user_01421,Washing machine works well,Available for inspection before purchase.,851.95,home_appliances,Moscow,849,0,0,True,0,4,False,False,False,1.3107,0
listing_002708,user_00043,Toyota Corolla 2016 clean documents,"Used carefully, normal sale, local pickup is possible.",7712.14,vehicles,Saint Petersburg,725,0,2,False,0,6,False,False,False,0.9073,0
listing_002709,user_01397,Dining table with chairs,"Personal item, can meet in person and answer questions.",516.89,furniture,Kazan,1368,1,2,True,1,6,False,False,False,1.1486,0
listing_002710,user_01546,Washing machine works well,"Personal item, can meet in person and answer questions.",521.31,home_appliances,Moscow,1446,1,5,True,1,6,False,False,False,0.802,0
listing_002711,user_00214,Wooden desk in good condition,"Personal item, can meet in person and answer questions.",433.3,furniture,Kazan,611,1,3,True,0,5,False,False,False,0.9629,0
listing_002712,user_00083,Leather shoes size 42,Available for inspection before purchase.,115.07,fashion,Novosibirsk,648,2,5,True,0,5,False,False,False,0.9589,0
listing_002713,user_01335,Scooter cheap today only,"Prepayment only, contact me in Telegram.",2274.38,vehicles,Kazan,9,8,23,False,1,1,True,True,True,0.2676,1
listing_002714,user_01540,Designer sofa very cheap urgent,"Delivery after deposit, no calls, messenger only.",102.82,furniture,Moscow,14,5,13,False,3,2,False,True,True,0.2285,1
listing_002715,user_01048,Washing machine works well,"Used carefully, normal sale, local pickup is possible.",569.71,home_appliances,Novosibirsk,1263,1,4,True,1,3,False,False,False,0.8765,0
listing_002716,user_00065,Apartment below market prepayment,"Delivery after deposit, no calls, messenger only.",44238.33,real_estate,Saint Petersburg,4,5,22,False,0,0,False,True,True,0.5898,1
listing_002717,user_00345,Sneakers limited urgent,"Delivery after deposit, no calls, messenger only.",56.94,fashion,Saint Petersburg,2,3,14,False,0,1,False,True,True,0.4745,1
listing_002718,user_01538,Washer cheap Telegram,Available for inspection before purchase.,521.32,home_appliances,Novosibirsk,439,0,2,True,0,6,True,False,True,0.802,0
listing_002719,user_01029,MacBook sealed prepayment only,"Urgent sale today, write outside the platform.",614.07,electronics,Sochi,15,2,11,False,2,1,False,True,True,0.6823,0
listing_002720,user_01403,Apartment below market prepayment,"Prepayment only, contact me in Telegram.",35655.92,real_estate,Moscow,12,5,12,False,4,0,True,True,True,0.4754,1
listing_002721,user_00878,Used iPhone 13 in good condition,"Used carefully, normal sale, local pickup is possible.",860.38,electronics,Novosibirsk,1414,1,4,True,0,3,False,False,False,0.956,0
listing_002722,user_00894,Apartment below market prepayment,"Delivery after deposit, no calls, messenger only.",15857.41,real_estate,Kazan,16,7,20,False,1,1,False,True,True,0.2114,1
listing_002723,user_00639,Luxury jacket original cheap,"Urgent sale today, write outside the platform.",42.42,fashion,Moscow,8,5,16,True,2,0,False,True,True,0.3535,1
listing_002724,user_00250,Toyota Corolla 2016 clean documents,"Used carefully, normal sale, local pickup is possible.",9484.39,vehicles,Saint Petersburg,847,2,3,True,1,3,False,False,False,1.1158,0
listing_002725,user_01693,Designer sofa very cheap urgent,"Delivery after deposit, no calls, messenger only.",186.28,furniture,Kazan,18,6,24,False,2,0,False,True,True,0.414,1
listing_002726,user_01249,Used iPhone 13 in good condition,"Personal item, can meet in person and answer questions.",912.7,electronics,Sochi,807,1,5,True,0,5,False,False,False,1.0141,0
listing_002727,user_00252,Wooden desk in good condition,"Used carefully, normal sale, local pickup is possible.",375.18,furniture,Novosibirsk,466,1,6,False,0,2,False,False,False,0.8337,0
listing_002728,user_00185,Car urgent sale no questions,"Prepayment only, contact me in Telegram.",1985.62,vehicles,Moscow,12,6,18,False,1,0,True,True,True,0.2336,1
listing_002729,user_00742,iPhone 15 Pro very cheap urgent,"Delivery after deposit, no calls, messenger only.",389.5,electronics,Kazan,7,6,19,False,3,1,False,True,True,0.4328,1
listing_002730,user_00395,Microwave oven,"Personal item, can meet in person and answer questions.",618.75,home_appliances,Saint Petersburg,151,2,6,True,0,3,False,False,False,0.9519,0
listing_002731,user_01572,One bedroom apartment near metro,"Used carefully, normal sale, local pickup is possible.",92770.57,real_estate,Moscow,729,2,5,True,0,4,False,False,False,1.2369,0
listing_002732,user_00013,Dining table with chairs,"Delivery after deposit, no calls, messenger only.",446.39,furniture,Sochi,1233,2,6,False,0,4,False,True,True,0.992,0
listing_002733,user_00277,New fridge half price urgent,"Urgent sale today, write outside the platform.",213.69,home_appliances,Novosibirsk,18,6,18,True,2,1,False,True,True,0.3288,1
listing_002734,user_01761,New table prepay reserve,"Urgent sale today, write outside the platform.",185.36,furniture,Novosibirsk,19,6,14,False,1,1,False,True,True,0.4119,1
listing_002735,user_01221,Washing machine works well,"Delivery after deposit, no calls, messenger only.",756.17,home_appliances,Novosibirsk,202,0,5,True,0,5,False,True,True,1.1633,0
listing_002736,user_01578,New fridge half price urgent,"Prepayment only, contact me in Telegram.",266.0,home_appliances,Moscow,14,4,15,False,2,2,True,True,True,0.4092,1
listing_002737,user_00554,Used iPhone 13 in good condition,"Used carefully, normal sale, local pickup is possible.",750.71,electronics,Moscow,1457,1,3,True,0,2,False,False,False,0.8341,0
listing_002738,user_00446,Rent urgent contact Telegram,"Delivery after deposit, no calls, messenger only.",40460.97,real_estate,Saint Petersburg,7,7,17,False,4,2,True,True,True,0.5395,1
listing_002739,user_01764,Car urgent sale no questions,"Prepayment only, contact me in Telegram.",3324.23,vehicles,Saint Petersburg,0,7,20,False,2,2,True,True,True,0.3911,1
listing_002740,user_01715,Luxury jacket original cheap,"Delivery after deposit, no calls, messenger only.",36.33,fashion,Novosibirsk,0,5,17,False,1,1,False,True,True,0.3027,1
listing_002741,user_00634,Microwave oven,"Used carefully, normal sale, local pickup is possible.",661.32,home_appliances,Kazan,1019,1,4,True,0,5,False,False,False,1.0174,0
listing_002742,user_00883,Apartment below market prepayment,"Urgent sale today, write outside the platform.",36242.33,real_estate,Saint Petersburg,2,6,23,False,0,2,False,True,True,0.4832,1
listing_002743,user_01340,Leather shoes size 42,Available for inspection before purchase.,112.49,fashion,Sochi,900,2,3,True,0,2,False,False,False,0.9374,0
listing_002744,user_00821,Sneakers limited urgent,"Prepayment only, contact me in Telegram.",71.08,fashion,Sochi,3,5,19,False,1,1,True,True,True,0.5923,1
listing_002745,user_00315,Winter jacket lightly used,Available for inspection before purchase.,108.24,fashion,Saint Petersburg,864,0,2,False,0,6,False,False,False,0.902,0
listing_002746,user_00706,New fridge half price urgent,"Urgent sale today, write outside the platform.",365.31,home_appliances,Sochi,19,3,20,False,3,0,False,True,True,0.562,1
listing_002747,user_01549,One bedroom apartment near metro,"Used carefully, normal sale, local pickup is possible.",92319.12,real_estate,Sochi,641,1,1,True,0,3,False,False,False,1.2309,0
listing_002748,user_01456,Sneakers limited urgent,"Prepayment only, contact me in Telegram.",37.4,fashion,Kazan,16,2,15,True,0,2,True,True,True,0.3117,1
listing_002749,user_00344,MacBook sealed prepayment only,"Prepayment only, contact me in Telegram.",175.75,electronics,Novosibirsk,19,5,19,True,0,2,True,True,True,0.1953,1
listing_002750,user_00410,Leather shoes size 42,Available for inspection before purchase.,112.78,fashion,Kazan,365,0,3,True,1,2,False,False,False,0.9398,0
listing_002751,user_01669,Used iPhone 13 in good condition,"Personal item, can meet in person and answer questions.",1104.13,electronics,Sochi,316,0,1,False,0,5,False,False,False,1.2268,0
listing_002752,user_00734,One bedroom apartment near metro,"Personal item, can meet in person and answer questions.",63135.78,real_estate,Moscow,327,1,3,True,0,3,False,False,False,0.8418,0
listing_002753,user_01305,Gaming laptop with warranty,"Personal item, can meet in person and answer questions.",1020.4,electronics,Saint Petersburg,32,1,5,True,0,2,False,False,False,1.1338,0
listing_002754,user_01112,One bedroom apartment near metro,"Personal item, can meet in person and answer questions.",68892.84,real_estate,Moscow,824,2,7,True,0,4,False,False,False,0.9186,0
listing_002755,user_00281,Designer sofa very cheap urgent,"Delivery after deposit, no calls, messenger only.",274.61,furniture,Moscow,10,6,21,False,3,0,False,True,True,0.6102,1
listing_002756,user_01300,Gaming laptop with warranty,"Used carefully, normal sale, local pickup is possible.",661.45,electronics,Saint Petersburg,1270,2,8,False,0,2,False,False,False,0.7349,0
listing_002757,user_01114,Microwave oven,Available for inspection before purchase.,836.69,home_appliances,Moscow,920,1,6,False,0,5,False,False,False,1.2872,0
listing_002758,user_00963,Used iPhone 13 in good condition,"Personal item, can meet in person and answer questions.",864.21,electronics,Kazan,1176,1,2,True,0,6,False,False,False,0.9602,0
listing_002759,user_00982,Dining table with chairs,Available for inspection before purchase.,453.99,furniture,Saint Petersburg,1021,2,6,True,0,2,False,False,False,1.0089,0
listing_002760,user_00678,Used city bike,Available for inspection before purchase.,9906.45,vehicles,Saint Petersburg,209,1,2,True,1,3,False,False,False,1.1655,0
listing_002761,user_00959,Washing machine works well,"Used carefully, normal sale, local pickup is possible.",469.35,home_appliances,Sochi,818,0,3,True,0,3,False,False,False,0.7221,0
listing_002762,user_00496,MacBook sealed prepayment only,"Prepayment only, contact me in Telegram.",548.17,electronics,Kazan,0,2,14,False,3,2,True,True,True,0.6091,1
listing_002763,user_01130,One bedroom apartment near metro,Available for inspection before purchase.,82896.25,real_estate,Moscow,319,0,2,True,0,3,False,False,False,1.1053,0
listing_002764,user_01789,Apartment below market prepayment,"Delivery after deposit, no calls, messenger only.",48546.71,real_estate,Kazan,6,3,8,False,4,1,False,True,True,0.6473,1
listing_002765,user_01174,Toyota Corolla 2016 clean documents,"Personal item, can meet in person and answer questions.",9414.64,vehicles,Kazan,1022,4,8,True,0,6,False,False,False,1.1076,0
listing_002766,user_00631,Luxury jacket original cheap,"Delivery after deposit, no calls, messenger only.",62.21,fashion,Kazan,14,7,20,False,1,2,False,True,True,0.5184,1
listing_002767,user_01732,Rent urgent contact Telegram,"Prepayment only, contact me in Telegram.",23145.28,real_estate,Kazan,6,6,23,False,0,2,True,True,True,0.3086,1
listing_002768,user_01694,Studio for long term rent,Available for inspection before purchase.,57945.97,real_estate,Sochi,182,3,5,True,0,4,False,False,False,0.7726,0
listing_002769,user_01644,Scooter cheap today only,"Urgent sale today, write outside the platform.",3828.26,vehicles,Sochi,10,1,13,False,1,2,False,True,True,0.4504,1
listing_002770,user_01623,iPhone 15 Pro very cheap urgent,"Delivery after deposit, no calls, messenger only.",555.81,electronics,Moscow,10,0,7,False,0,1,False,True,True,0.6176,0
listing_002771,user_00593,Used iPhone 13 in good condition,Available for inspection before purchase.,814.26,electronics,Novosibirsk,784,0,4,True,0,3,False,False,False,0.9047,0
listing_002772,user_01442,Used city bike,"Personal item, can meet in person and answer questions.",10417.23,vehicles,Novosibirsk,673,3,6,True,1,6,False,False,False,1.2256,0
listing_002773,user_01240,Car urgent sale no questions,"Urgent sale today, write outside the platform.",5106.73,vehicles,Saint Petersburg,20,3,14,False,2,2,False,True,True,0.6008,0
listing_002774,user_01147,Dining table with chairs,Available for inspection before purchase.,527.32,furniture,Kazan,867,1,7,True,0,6,False,False,False,1.1718,0
listing_002775,user_01769,Used iPhone 13 in good condition,Available for inspection before purchase.,680.27,electronics,Novosibirsk,1021,0,2,True,0,2,False,False,False,0.7559,0
listing_002776,user_00861,Winter jacket lightly used,"Urgent sale today, write outside the platform.",148.69,fashion,Novosibirsk,180,3,5,True,0,4,False,True,True,1.2391,0
listing_002777,user_00621,Leather shoes size 42,"Personal item, can meet in person and answer questions.",110.89,fashion,Kazan,1406,0,4,True,1,4,False,False,False,0.9241,0
listing_002778,user_00444,Toyota Corolla 2016 clean documents,"Used carefully, normal sale, local pickup is possible.",7677.86,vehicles,Sochi,1003,1,4,True,0,3,False,False,False,0.9033,0
listing_002779,user_01171,Leather shoes size 42,"Personal item, can meet in person and answer questions.",125.53,fashion,Saint Petersburg,573,2,6,False,0,4,False,False,False,1.0461,0
listing_002780,user_00704,Scooter cheap today only,"Urgent sale today, write outside the platform.",6244.04,vehicles,Kazan,16,8,19,False,0,1,False,True,True,0.7346,1
listing_002781,user_00527,Winter jacket lightly used,Available for inspection before purchase.,128.73,fashion,Saint Petersburg,1303,3,3,True,0,4,False,False,False,1.0727,0
listing_002782,user_01088,Leather shoes size 42,"Used carefully, normal sale, local pickup is possible.",71.65,fashion,Kazan,477,1,3,True,0,6,False,False,False,0.5971,0
listing_002783,user_00470,Washing machine works well,"Used carefully, normal sale, local pickup is possible.",642.02,home_appliances,Saint Petersburg,155,2,4,True,0,5,False,False,False,0.9877,0
listing_002784,user_00098,Dining table with chairs,"Used carefully, normal sale, local pickup is possible.",618.7,furniture,Saint Petersburg,678,1,4,True,1,6,False,False,False,1.3749,0
listing_002785,user_01472,Dining table with chairs,Available for inspection before purchase.,545.7,furniture,Moscow,325,2,7,True,0,2,False,False,False,1.2127,0
listing_002786,user_01043,New fridge half price urgent,"Urgent sale today, write outside the platform.",273.79,home_appliances,Moscow,14,9,28,False,1,0,False,True,True,0.4212,1
listing_002787,user_00123,Toyota Corolla 2016 clean documents,"Used carefully, normal sale, local pickup is possible.",10287.76,vehicles,Moscow,802,1,5,True,1,2,False,False,False,1.2103,0
listing_002788,user_00821,Microwave oven,"Personal item, can meet in person and answer questions.",626.87,home_appliances,Kazan,693,1,6,True,0,5,False,False,False,0.9644,0
listing_002789,user_00630,Washing machine works well,"Used carefully, normal sale, local pickup is possible.",662.45,home_appliances,Novosibirsk,1344,0,1,True,0,6,False,False,False,1.0192,0
listing_002790,user_01768,Dining table with chairs,"Personal item, can meet in person and answer questions.",600.29,furniture,Saint Petersburg,746,1,4,True,0,2,False,False,False,1.334,0
listing_002791,user_01446,Used city bike,"Used carefully, normal sale, local pickup is possible.",11592.22,vehicles,Moscow,1366,0,4,True,0,2,False,False,False,1.3638,0
listing_002792,user_00617,Wooden desk in good condition,"Prepayment only, contact me in Telegram.",488.7,furniture,Saint Petersburg,1042,1,2,False,0,3,True,True,True,1.086,0
listing_002793,user_00372,Used iPhone 13 in good condition,"Used carefully, normal sale, local pickup is possible.",1105.55,electronics,Kazan,1472,1,3,True,0,4,False,False,False,1.2284,0
listing_002794,user_00972,Toyota Corolla 2016 clean documents,Available for inspection before purchase.,9008.61,vehicles,Sochi,402,1,5,True,0,6,False,False,False,1.0598,0
listing_002795,user_01701,Microwave oven,"Personal item, can meet in person and answer questions.",624.37,home_appliances,Moscow,356,1,2,True,0,2,False,False,False,0.9606,0
listing_002796,user_01283,Leather shoes size 42,"Used carefully, normal sale, local pickup is possible.",163.58,fashion,Sochi,1342,1,2,False,0,4,False,False,False,1.3632,0
listing_002797,user_00510,Leather shoes size 42,"Personal item, can meet in person and answer questions.",135.33,fashion,Kazan,700,0,3,False,0,6,False,False,False,1.1278,0
listing_002798,user_00818,Microwave oven,"Personal item, can meet in person and answer questions.",574.49,home_appliances,Moscow,108,3,7,True,0,4,False,False,False,0.8838,0
listing_002799,user_00223,Scooter cheap today only,"Prepayment only, contact me in Telegram.",5547.94,vehicles,Moscow,4,4,11,True,0,1,True,True,True,0.6527,1
listing_002800,user_01205,Luxury jacket original cheap,"Prepayment only, contact me in Telegram.",49.4,fashion,Moscow,3,9,19,True,4,1,True,True,True,0.4117,1
listing_002801,user_01027,Scooter cheap today only,"Prepayment only, contact me in Telegram.",4408.36,vehicles,Saint Petersburg,11,5,16,False,0,2,True,True,True,0.5186,1
listing_002802,user_01536,Car urgent sale no questions,"Delivery after deposit, no calls, messenger only.",3653.47,vehicles,Sochi,6,6,18,False,1,2,False,True,True,0.4298,1
listing_002803,user_00436,Rent urgent contact Telegram,"Prepayment only, contact me in Telegram.",35720.14,real_estate,Moscow,15,3,12,True,1,1,True,True,True,0.4763,1
listing_002804,user_01452,Used iPhone 13 in good condition,Available for inspection before purchase.,425.6,electronics,Sochi,469,1,3,True,0,3,False,False,False,0.4729,0
listing_002805,user_00327,Designer sofa very cheap urgent,Available for inspection before purchase.,540.22,furniture,Sochi,315,0,6,True,0,4,False,True,False,1.2005,0
listing_002806,user_00044,Leather shoes size 42,"Used carefully, normal sale, local pickup is possible.",146.43,fashion,Kazan,1271,1,5,False,0,4,False,False,False,1.2203,0
listing_002807,user_00334,Toyota Corolla 2016 clean documents,Available for inspection before purchase.,8213.84,vehicles,Saint Petersburg,1458,0,7,True,0,4,False,False,False,0.9663,0
listing_002808,user_00596,Studio for long term rent,Available for inspection before purchase.,62280.81,real_estate,Sochi,938,2,4,False,0,4,False,False,False,0.8304,0
listing_002809,user_00601,Leather shoes size 42,"Personal item, can meet in person and answer questions.",148.13,fashion,Novosibirsk,109,2,4,True,1,3,False,False,False,1.2344,0
listing_002810,user_01408,Microwave oven,"Prepayment only, contact me in Telegram.",419.95,home_appliances,Moscow,443,1,2,True,0,3,True,True,True,0.6461,0
listing_002811,user_01041,Used city bike,"Personal item, can meet in person and answer questions.",10247.79,vehicles,Saint Petersburg,1203,1,2,True,0,5,False,False,False,1.2056,0
listing_002812,user_00400,New fridge half price urgent,"Delivery after deposit, no calls, messenger only.",244.07,home_appliances,Moscow,5,4,21,False,3,0,False,True,True,0.3755,1
listing_002813,user_00928,Leather shoes size 42,"Prepayment only, contact me in Telegram.",43.28,fashion,Novosibirsk,112,0,1,True,1,5,True,True,True,0.3607,1
listing_002814,user_01499,Dining table with chairs,"Personal item, can meet in person and answer questions.",522.13,furniture,Saint Petersburg,957,0,5,True,1,3,False,False,False,1.1603,0
listing_002815,user_01497,Used city bike,"Used carefully, normal sale, local pickup is possible.",8806.97,vehicles,Novosibirsk,1463,2,6,False,0,5,False,False,False,1.0361,0
listing_002816,user_01140,Microwave oven,"Personal item, can meet in person and answer questions.",838.29,home_appliances,Novosibirsk,308,2,6,True,0,6,False,False,False,1.2897,0
listing_002817,user_00436,Studio for long term rent,"Personal item, can meet in person and answer questions.",68954.73,real_estate,Novosibirsk,489,0,1,False,0,6,False,False,False,0.9194,0
listing_002818,user_01566,Used city bike,Available for inspection before purchase.,7219.14,vehicles,Kazan,1403,1,5,True,0,2,False,False,False,0.8493,0
listing_002819,user_01213,Washing machine works well,"Personal item, can meet in person and answer questions.",605.06,home_appliances,Kazan,1067,0,1,False,0,2,False,False,False,0.9309,0
listing_002820,user_00886,Used city bike,"Personal item, can meet in person and answer questions.",6643.58,vehicles,Saint Petersburg,800,2,7,True,1,2,False,False,False,0.7816,0
listing_002821,user_01424,New fridge half price urgent,"Urgent sale today, write outside the platform.",417.85,home_appliances,Sochi,2,6,23,False,2,1,False,True,True,0.6428,1
listing_002822,user_00960,Studio for long term rent,Available for inspection before purchase.,62387.48,real_estate,Novosibirsk,798,2,8,True,1,6,False,False,False,0.8318,0
listing_002823,user_00291,New table prepay reserve,Available for inspection before purchase.,462.63,furniture,Saint Petersburg,753,0,4,True,0,5,False,False,False,1.0281,0
listing_002824,user_00893,Used iPhone 13 in good condition,"Personal item, can meet in person and answer questions.",905.46,electronics,Kazan,862,0,3,True,0,4,False,False,False,1.0061,0
listing_002825,user_00191,Sneakers limited urgent,"Urgent sale today, write outside the platform.",79.91,fashion,Moscow,14,7,20,False,3,1,False,True,True,0.6659,1
listing_002826,user_01296,Leather shoes size 42,"Personal item, can meet in person and answer questions.",132.5,fashion,Saint Petersburg,570,1,7,True,0,3,False,False,False,1.1042,0
listing_002827,user_00227,Winter jacket lightly used,"Used carefully, normal sale, local pickup is possible.",134.64,fashion,Saint Petersburg,610,1,7,True,1,3,False,False,False,1.122,0
listing_002828,user_00162,Winter jacket lightly used,Available for inspection before purchase.,120.98,fashion,Novosibirsk,1487,0,2,True,1,4,False,False,False,1.0082,0
listing_002829,user_00253,Microwave oven,"Personal item, can meet in person and answer questions.",636.35,home_appliances,Moscow,174,1,4,True,1,2,False,False,False,0.979,0
listing_002830,user_00109,Gaming laptop with warranty,Available for inspection before purchase.,796.29,electronics,Sochi,1218,2,5,True,0,6,False,False,False,0.8848,0
listing_002831,user_00063,Toyota Corolla 2016 clean documents,"Used carefully, normal sale, local pickup is possible.",8825.9,vehicles,Moscow,1102,1,4,False,0,4,False,False,False,1.0383,0
listing_002832,user_00744,Toyota Corolla 2016 clean documents,"Personal item, can meet in person and answer questions.",7311.85,vehicles,Kazan,341,2,8,True,1,6,False,False,False,0.8602,0
listing_002833,user_01573,iPhone 15 Pro very cheap urgent,"Urgent sale today, write outside the platform.",220.92,electronics,Saint Petersburg,3,3,13,True,0,1,False,True,True,0.2455,1
listing_002834,user_00878,Apartment below market prepayment,"Delivery after deposit, no calls, messenger only.",38712.14,real_estate,Saint Petersburg,14,1,12,False,1,0,False,True,True,0.5162,1
listing_002835,user_00443,Winter jacket lightly used,"Personal item, can meet in person and answer questions.",128.65,fashion,Sochi,1416,2,7,True,0,3,False,False,False,1.0721,0
listing_002836,user_00713,Used iPhone 13 in good condition,"Used carefully, normal sale, local pickup is possible.",1097.33,electronics,Sochi,1341,1,4,True,0,5,False,False,False,1.2193,0
listing_002837,user_01221,Leather shoes size 42,Available for inspection before purchase.,119.0,fashion,Moscow,1106,0,4,True,0,3,False,False,False,0.9917,0
listing_002838,user_00689,Dining table with chairs,"Used carefully, normal sale, local pickup is possible.",381.18,furniture,Moscow,1316,2,7,True,0,3,False,False,False,0.8471,0
listing_002839,user_00108,Washer cheap Telegram,"Delivery after deposit, no calls, messenger only.",412.67,home_appliances,Sochi,17,4,15,False,3,0,True,True,True,0.6349,1
listing_002840,user_01105,New table prepay reserve,"Personal item, can meet in person and answer questions.",562.71,furniture,Sochi,731,1,1,True,0,5,False,False,False,1.2505,0
listing_002841,user_00854,Luxury jacket original cheap,"Prepayment only, contact me in Telegram.",79.58,fashion,Sochi,18,3,19,False,1,1,True,True,True,0.6632,1
listing_002842,user_01763,Luxury jacket original cheap,"Personal item, can meet in person and answer questions.",120.1,fashion,Novosibirsk,533,0,2,True,0,5,False,False,False,1.0008,0
listing_002843,user_00107,Scooter cheap today only,"Delivery after deposit, no calls, messenger only.",1993.53,vehicles,Sochi,14,2,13,False,2,1,False,True,True,0.2345,1
listing_002844,user_01030,iPhone 15 Pro very cheap urgent,"Delivery after deposit, no calls, messenger only.",386.67,electronics,Kazan,3,9,19,False,2,0,False,True,True,0.4296,1
listing_002845,user_00333,Dining table with chairs,"Personal item, can meet in person and answer questions.",605.86,furniture,Sochi,1035,3,8,True,1,5,False,False,False,1.3464,0
listing_002846,user_01518,Designer sofa very cheap urgent,"Urgent sale today, write outside the platform.",132.18,furniture,Sochi,5,5,12,True,2,1,False,True,True,0.2937,1
listing_002847,user_01343,Used iPhone 13 in good condition,"Urgent sale today, write outside the platform.",1202.82,electronics,Kazan,658,0,4,True,1,4,False,True,True,1.3365,0
listing_002848,user_01326,Wooden desk in good condition,"Prepayment only, contact me in Telegram.",158.79,furniture,Novosibirsk,1151,0,6,True,0,3,True,True,True,0.3529,1
listing_002849,user_00721,Wooden desk in good condition,Available for inspection before purchase.,567.72,furniture,Sochi,954,1,5,True,1,4,False,False,False,1.2616,0
listing_002850,user_01312,Used iPhone 13 in good condition,"Personal item, can meet in person and answer questions.",753.64,electronics,Novosibirsk,772,1,8,True,0,4,False,False,False,0.8374,0
listing_002851,user_00805,Dining table with chairs,"Personal item, can meet in person and answer questions.",408.1,furniture,Novosibirsk,1498,1,5,True,0,6,False,False,False,0.9069,0
listing_002852,user_00985,New fridge half price urgent,"Delivery after deposit, no calls, messenger only.",218.7,home_appliances,Sochi,7,4,13,False,1,0,False,True,True,0.3365,1
listing_002853,user_00305,One bedroom apartment near metro,Available for inspection before purchase.,93705.47,real_estate,Kazan,1061,0,6,True,0,2,False,False,False,1.2494,0
listing_002854,user_01238,Wooden desk in good condition,"Personal item, can meet in person and answer questions.",577.01,furniture,Kazan,747,1,6,True,0,2,False,False,False,1.2822,0
listing_002855,user_00504,Luxury jacket original cheap,"Prepayment only, contact me in Telegram.",85.85,fashion,Novosibirsk,14,3,20,False,1,2,True,True,True,0.7154,1
listing_002856,user_01163,Winter jacket lightly used,"Used carefully, normal sale, local pickup is possible.",123.19,fashion,Kazan,1362,0,0,True,0,3,False,False,False,1.0266,0
listing_002857,user_01387,Sneakers limited urgent,"Delivery after deposit, no calls, messenger only.",78.2,fashion,Saint Petersburg,7,9,20,False,0,1,False,True,True,0.6517,1
listing_002858,user_00739,Gaming laptop with warranty,"Personal item, can meet in person and answer questions.",860.78,electronics,Sochi,621,3,4,True,0,4,False,False,False,0.9564,0
listing_002859,user_00437,Washer cheap Telegram,"Prepayment only, contact me in Telegram.",217.11,home_appliances,Saint Petersburg,0,8,21,False,1,1,True,True,True,0.334,1
listing_002860,user_00358,Winter jacket lightly used,Available for inspection before purchase.,160.46,fashion,Moscow,1294,3,11,True,0,2,False,False,False,1.3372,0
listing_002861,user_00814,Washing machine works well,Available for inspection before purchase.,537.23,home_appliances,Saint Petersburg,383,2,7,False,1,5,False,False,False,0.8265,0
listing_002862,user_01729,Winter jacket lightly used,Available for inspection before purchase.,125.81,fashion,Saint Petersburg,99,2,5,True,1,3,False,False,False,1.0484,0
listing_002863,user_00652,New table prepay reserve,"Prepayment only, contact me in Telegram.",207.97,furniture,Moscow,4,5,19,True,1,1,True,True,True,0.4622,1
listing_002864,user_01678,Studio for long term rent,"Used carefully, normal sale, local pickup is possible.",90506.73,real_estate,Saint Petersburg,692,1,2,True,0,3,False,False,False,1.2068,0
listing_002865,user_00061,Studio for long term rent,"Personal item, can meet in person and answer questions.",83472.45,real_estate,Moscow,774,2,5,False,0,2,False,False,False,1.113,0
listing_002866,user_01602,Toyota Corolla 2016 clean documents,"Personal item, can meet in person and answer questions.",8542.93,vehicles,Novosibirsk,1181,1,6,False,0,3,False,False,False,1.0051,0
listing_002867,user_00113,Leather shoes size 42,Available for inspection before purchase.,157.35,fashion,Moscow,1459,0,5,True,0,5,False,False,False,1.3113,0
listing_002868,user_01399,Leather shoes size 42,"Personal item, can meet in person and answer questions.",158.9,fashion,Saint Petersburg,884,3,4,False,0,6,False,False,False,1.3242,0
listing_002869,user_00432,Washing machine works well,Available for inspection before purchase.,692.09,home_appliances,Kazan,722,1,2,True,1,3,False,False,False,1.0648,0
listing_002870,user_01426,Sneakers limited urgent,"Prepayment only, contact me in Telegram.",34.67,fashion,Novosibirsk,8,8,19,False,1,2,True,True,True,0.2889,1
listing_002871,user_01453,Used city bike,"Prepayment only, contact me in Telegram.",7074.01,vehicles,Moscow,878,0,5,True,0,5,True,True,True,0.8322,0
listing_002872,user_01409,Sneakers limited urgent,"Delivery after deposit, no calls, messenger only.",56.05,fashion,Sochi,8,2,17,False,2,1,False,True,True,0.4671,1
listing_002873,user_01195,Studio for long term rent,"Urgent sale today, write outside the platform.",73106.72,real_estate,Moscow,350,2,6,True,0,3,False,True,True,0.9748,0
listing_002874,user_01437,Luxury jacket original cheap,Available for inspection before purchase.,146.16,fashion,Sochi,1021,1,3,True,0,3,False,False,False,1.218,0
listing_002875,user_01706,Scooter cheap today only,"Prepayment only, contact me in Telegram.",6238.92,vehicles,Saint Petersburg,3,2,18,False,0,2,True,True,True,0.734,1
listing_002876,user_01771,One bedroom apartment near metro,"Urgent sale today, write outside the platform.",81811.43,real_estate,Kazan,1117,1,6,True,0,5,False,True,True,1.0908,0
listing_002877,user_00439,Washer cheap Telegram,"Prepayment only, contact me in Telegram.",211.36,home_appliances,Novosibirsk,3,5,13,True,0,1,True,True,True,0.3252,1
listing_002878,user_01636,iPhone 15 Pro very cheap urgent,"Urgent sale today, write outside the platform.",379.59,electronics,Saint Petersburg,13,0,16,False,2,1,False,True,True,0.4218,1
listing_002879,user_01157,MacBook sealed prepayment only,"Prepayment only, contact me in Telegram.",262.54,electronics,Sochi,19,7,14,False,3,0,True,True,True,0.2917,1
listing_002880,user_01733,MacBook sealed prepayment only,"Prepayment only, contact me in Telegram.",549.3,electronics,Sochi,0,3,10,False,1,0,True,True,True,0.6103,1
listing_002881,user_00323,Toyota Corolla 2016 clean documents,"Personal item, can meet in person and answer questions.",6748.36,vehicles,Sochi,816,1,5,False,0,5,False,False,False,0.7939,0
listing_002882,user_01185,Rent urgent contact Telegram,"Urgent sale today, write outside the platform.",19520.47,real_estate,Sochi,3,5,23,False,2,1,True,True,True,0.2603,1
listing_002883,user_01252,One bedroom apartment near metro,"Personal item, can meet in person and answer questions.",63975.6,real_estate,Kazan,1138,0,1,True,0,2,False,False,False,0.853,0
listing_002884,user_01049,Car urgent sale no questions,Available for inspection before purchase.,6681.18,vehicles,Sochi,292,0,4,True,0,3,False,True,False,0.786,0
listing_002885,user_01117,Washer cheap Telegram,"Prepayment only, contact me in Telegram.",427.34,home_appliances,Saint Petersburg,19,8,23,False,2,0,True,True,True,0.6574,1
listing_002886,user_01503,Winter jacket lightly used,"Used carefully, normal sale, local pickup is possible.",137.44,fashion,Kazan,416,0,5,True,0,6,False,False,False,1.1453,0
listing_002887,user_00124,Microwave oven,Available for inspection before purchase.,737.99,home_appliances,Kazan,317,1,3,True,1,5,False,False,False,1.1354,0
listing_002888,user_01303,Wooden desk in good condition,Available for inspection before purchase.,471.38,furniture,Sochi,1057,3,5,True,1,3,False,False,False,1.0475,0
listing_002889,user_00162,Used city bike,Available for inspection before purchase.,6600.06,vehicles,Sochi,1239,1,5,True,0,2,False,False,False,0.7765,0
listing_002890,user_00936,One bedroom apartment near metro,"Used carefully, normal sale, local pickup is possible.",100427.18,real_estate,Kazan,911,0,1,False,1,5,False,False,False,1.339,0
listing_002891,user_00757,Used city bike,"Used carefully, normal sale, local pickup is possible.",6192.96,vehicles,Moscow,954,0,2,True,1,2,False,False,False,0.7286,0
listing_002892,user_00520,Dining table with chairs,Available for inspection before purchase.,621.83,furniture,Moscow,174,5,7,False,0,6,False,False,False,1.3818,0
listing_002893,user_00469,New fridge half price urgent,"Prepayment only, contact me in Telegram.",231.89,home_appliances,Novosibirsk,16,6,18,False,5,1,True,True,True,0.3568,1
listing_002894,user_01231,Luxury jacket original cheap,"Urgent sale today, write outside the platform.",39.34,fashion,Kazan,17,5,26,True,0,2,False,True,True,0.3278,1
listing_002895,user_00491,Dining table with chairs,"Used carefully, normal sale, local pickup is possible.",452.24,furniture,Saint Petersburg,1355,1,4,False,0,3,False,False,False,1.005,0
listing_002896,user_00065,Luxury jacket original cheap,"Delivery after deposit, no calls, messenger only.",67.51,fashion,Saint Petersburg,17,5,21,False,0,0,False,True,True,0.5626,1
listing_002897,user_01758,Used iPhone 13 in good condition,Available for inspection before purchase.,1041.19,electronics,Moscow,646,0,1,True,0,6,False,False,False,1.1569,0
listing_002898,user_00084,Leather shoes size 42,"Personal item, can meet in person and answer questions.",139.62,fashion,Kazan,1052,1,3,True,1,4,False,False,False,1.1635,0
listing_002899,user_01115,Winter jacket lightly used,"Personal item, can meet in person and answer questions.",140.86,fashion,Saint Petersburg,1065,0,4,True,1,3,False,False,False,1.1738,0
listing_002900,user_01112,Car urgent sale no questions,Available for inspection before purchase.,6039.04,vehicles,Novosibirsk,485,3,4,True,0,2,False,True,False,0.7105,0
listing_002901,user_00088,Wooden desk in good condition,"Used carefully, normal sale, local pickup is possible.",398.89,furniture,Moscow,680,0,3,False,0,6,False,False,False,0.8864,0
listing_002902,user_00334,New fridge half price urgent,"Delivery after deposit, no calls, messenger only.",435.57,home_appliances,Novosibirsk,17,2,13,False,2,1,False,True,True,0.6701,1
listing_002903,user_00348,Leather shoes size 42,"Used carefully, normal sale, local pickup is possible.",98.35,fashion,Saint Petersburg,1106,0,4,True,0,3,False,False,False,0.8196,0
listing_002904,user_00789,Gaming laptop with warranty,Available for inspection before purchase.,861.83,electronics,Kazan,676,0,5,False,0,3,False,False,False,0.9576,0
listing_002905,user_01236,Apartment below market prepayment,"Delivery after deposit, no calls, messenger only.",14305.0,real_estate,Novosibirsk,8,2,8,False,1,0,False,True,True,0.1907,1
listing_002906,user_01629,Used iPhone 13 in good condition,Available for inspection before purchase.,1253.72,electronics,Saint Petersburg,1046,0,4,True,0,4,False,False,False,1.393,0
listing_002907,user_01404,Washing machine works well,"Personal item, can meet in person and answer questions.",466.34,home_appliances,Kazan,636,0,3,True,0,5,False,False,False,0.7174,0
listing_002908,user_01215,Leather shoes size 42,Available for inspection before purchase.,154.55,fashion,Moscow,592,1,4,True,0,4,False,False,False,1.2879,0
listing_002909,user_00820,Dining table with chairs,Available for inspection before purchase.,366.29,furniture,Novosibirsk,1184,1,5,True,0,2,False,False,False,0.814,0
listing_002910,user_01739,Used city bike,"Personal item, can meet in person and answer questions.",7125.39,vehicles,Sochi,1477,3,7,True,0,3,False,False,False,0.8383,0
listing_002911,user_01166,Designer sofa very cheap urgent,"Delivery after deposit, no calls, messenger only.",252.61,furniture,Sochi,17,6,19,False,4,1,False,True,True,0.5614,1
listing_002912,user_00563,Microwave oven,"Personal item, can meet in person and answer questions.",616.35,home_appliances,Kazan,599,0,5,False,1,4,False,False,False,0.9482,0
listing_002913,user_00373,Studio for long term rent,"Prepayment only, contact me in Telegram.",74712.16,real_estate,Novosibirsk,642,1,3,True,1,2,True,True,True,0.9962,0
listing_002914,user_00338,Used city bike,Available for inspection before purchase.,10290.9,vehicles,Novosibirsk,1167,2,6,True,0,2,False,False,False,1.2107,0
listing_002915,user_00905,Dining table with chairs,"Prepayment only, contact me in Telegram.",509.91,furniture,Moscow,1478,2,6,True,0,6,True,True,True,1.1331,0
listing_002916,user_01097,Designer sofa very cheap urgent,"Prepayment only, contact me in Telegram.",251.54,furniture,Moscow,17,4,17,False,2,1,True,True,True,0.559,1
listing_002917,user_00402,Washing machine works well,"Personal item, can meet in person and answer questions.",630.14,home_appliances,Novosibirsk,998,0,3,True,0,6,False,False,False,0.9694,0
listing_002918,user_00459,Luxury jacket original cheap,"Prepayment only, contact me in Telegram.",43.86,fashion,Sochi,1,4,17,False,1,1,True,True,True,0.3655,1
listing_002919,user_00902,Used city bike,Available for inspection before purchase.,8288.25,vehicles,Kazan,393,0,3,True,1,4,False,False,False,0.9751,0
listing_002920,user_00678,Leather shoes size 42,"Personal item, can meet in person and answer questions.",100.12,fashion,Kazan,722,2,2,False,0,2,False,False,False,0.8343,0
listing_002921,user_00273,Leather shoes size 42,"Personal item, can meet in person and answer questions.",53.24,fashion,Novosibirsk,243,1,6,False,1,6,False,False,False,0.4437,0
listing_002922,user_01716,Sneakers limited urgent,"Personal item, can meet in person and answer questions.",57.93,fashion,Saint Petersburg,672,2,3,True,1,2,False,True,False,0.4828,0
listing_002923,user_00347,Washer cheap Telegram,"Urgent sale today, write outside the platform.",246.7,home_appliances,Sochi,2,5,19,False,1,2,True,True,True,0.3795,1
listing_002924,user_00519,Used city bike,"Used carefully, normal sale, local pickup is possible.",9847.12,vehicles,Novosibirsk,551,1,4,True,1,5,False,False,False,1.1585,0
listing_002925,user_00477,Used city bike,Available for inspection before purchase.,10489.04,vehicles,Moscow,1368,3,11,True,0,3,False,False,False,1.234,0
listing_002926,user_00856,MacBook sealed prepayment only,"Prepayment only, contact me in Telegram.",204.45,electronics,Moscow,14,7,21,True,1,2,True,True,True,0.2272,1
listing_002927,user_01029,Washer cheap Telegram,"Urgent sale today, write outside the platform.",353.93,home_appliances,Saint Petersburg,16,10,26,False,0,1,True,True,True,0.5445,1
listing_002928,user_00547,iPhone 15 Pro very cheap urgent,"Personal item, can meet in person and answer questions.",992.01,electronics,Novosibirsk,51,0,3,True,0,2,False,True,False,1.1022,0
listing_002929,user_01431,Used city bike,Available for inspection before purchase.,10202.67,vehicles,Kazan,769,0,1,True,1,2,False,False,False,1.2003,0
listing_002930,user_01475,Studio for long term rent,"Used carefully, normal sale, local pickup is possible.",62302.82,real_estate,Moscow,510,2,5,True,0,4,False,False,False,0.8307,0
listing_002931,user_01719,One bedroom apartment near metro,"Personal item, can meet in person and answer questions.",69713.06,real_estate,Novosibirsk,450,1,2,False,0,3,False,False,False,0.9295,0
listing_002932,user_01139,Leather shoes size 42,"Personal item, can meet in person and answer questions.",144.58,fashion,Novosibirsk,476,1,2,True,0,5,False,False,False,1.2048,0
listing_002933,user_00094,Used iPhone 13 in good condition,Available for inspection before purchase.,357.48,electronics,Sochi,1130,0,2,True,0,2,False,False,False,0.3972,0
listing_002934,user_01059,Used iPhone 13 in good condition,"Used carefully, normal sale, local pickup is possible.",762.2,electronics,Kazan,88,1,6,True,0,2,False,False,False,0.8469,0
listing_002935,user_00233,Dining table with chairs,Available for inspection before purchase.,503.9,furniture,Kazan,1229,1,3,False,0,3,False,False,False,1.1198,0
listing_002936,user_00291,Designer sofa very cheap urgent,"Urgent sale today, write outside the platform.",81.69,furniture,Saint Petersburg,7,9,25,False,1,2,False,True,True,0.1815,1
listing_002937,user_01233,iPhone 15 Pro very cheap urgent,"Prepayment only, contact me in Telegram.",478.2,electronics,Kazan,6,5,12,False,2,0,True,True,True,0.5313,1
listing_002938,user_01634,One bedroom apartment near metro,Available for inspection before purchase.,68783.58,real_estate,Novosibirsk,1162,3,5,True,0,5,False,False,False,0.9171,0
listing_002939,user_01321,Studio for long term rent,"Used carefully, normal sale, local pickup is possible.",52464.14,real_estate,Sochi,351,1,4,True,0,6,False,False,False,0.6995,0
listing_002940,user_00136,Car urgent sale no questions,"Urgent sale today, write outside the platform.",5136.09,vehicles,Moscow,10,4,20,False,0,1,False,True,True,0.6042,0
listing_002941,user_00431,Used iPhone 13 in good condition,"Prepayment only, contact me in Telegram.",1191.69,electronics,Moscow,1174,1,4,True,0,4,True,True,True,1.3241,0
listing_002942,user_00714,Leather shoes size 42,"Used carefully, normal sale, local pickup is possible.",132.65,fashion,Moscow,1464,3,5,True,0,5,False,False,False,1.1054,0
listing_002943,user_01197,Winter jacket lightly used,"Used carefully, normal sale, local pickup is possible.",116.08,fashion,Saint Petersburg,1417,0,1,True,0,2,False,False,False,0.9673,0
listing_002944,user_00599,Gaming laptop with warranty,Available for inspection before purchase.,1101.75,electronics,Saint Petersburg,120,0,2,True,0,3,False,False,False,1.2242,0
listing_002945,user_01662,Winter jacket lightly used,"Used carefully, normal sale, local pickup is possible.",131.43,fashion,Kazan,572,1,2,False,0,4,False,False,False,1.0953,0
listing_002946,user_00100,One bedroom apartment near metro,"Urgent sale today, write outside the platform.",76668.78,real_estate,Saint Petersburg,940,0,4,True,0,2,False,True,True,1.0223,0
listing_002947,user_01623,Used city bike,"Used carefully, normal sale, local pickup is possible.",7229.46,vehicles,Moscow,1471,0,3,True,0,2,False,False,False,0.8505,0
listing_002948,user_01278,Used iPhone 13 in good condition,"Used carefully, normal sale, local pickup is possible.",938.24,electronics,Moscow,30,3,6,True,0,2,False,False,False,1.0425,0
listing_002949,user_01088,Toyota Corolla 2016 clean documents,Available for inspection before purchase.,10449.47,vehicles,Saint Petersburg,1066,0,2,True,1,3,False,False,False,1.2293,0
listing_002950,user_01051,Scooter cheap today only,"Used carefully, normal sale, local pickup is possible.",9731.24,vehicles,Novosibirsk,582,1,2,True,1,5,False,True,False,1.1449,0
listing_002951,user_00755,Leather shoes size 42,"Used carefully, normal sale, local pickup is possible.",109.97,fashion,Saint Petersburg,1413,1,1,True,0,4,False,False,False,0.9164,0
listing_002952,user_00451,One bedroom apartment near metro,"Used carefully, normal sale, local pickup is possible.",72834.54,real_estate,Sochi,94,3,6,True,0,6,False,False,False,0.9711,0
listing_002953,user_01629,Microwave oven,"Used carefully, normal sale, local pickup is possible.",481.73,home_appliances,Saint Petersburg,232,0,2,True,0,6,False,False,False,0.7411,0
listing_002954,user_00707,New fridge half price urgent,"Urgent sale today, write outside the platform.",432.31,home_appliances,Moscow,5,3,16,False,1,0,False,True,True,0.6651,1
listing_002955,user_01779,Scooter cheap today only,"Delivery after deposit, no calls, messenger only.",4974.37,vehicles,Moscow,9,4,14,False,1,1,False,True,True,0.5852,0
listing_002956,user_00449,Used city bike,"Used carefully, normal sale, local pickup is possible.",10704.84,vehicles,Sochi,910,1,5,False,1,3,False,False,False,1.2594,0
listing_002957,user_00886,Rent urgent contact Telegram,"Delivery after deposit, no calls, messenger only.",51435.22,real_estate,Moscow,8,5,27,False,2,1,True,True,True,0.6858,1
listing_002958,user_00233,Gaming laptop with warranty,"Prepayment only, contact me in Telegram.",778.99,electronics,Saint Petersburg,602,0,2,True,0,3,True,True,True,0.8655,0
listing_002959,user_00901,Used city bike,"Used carefully, normal sale, local pickup is possible.",9390.33,vehicles,Saint Petersburg,425,1,4,False,1,4,False,False,False,1.1047,0
listing_002960,user_01119,Dining table with chairs,Available for inspection before purchase.,325.89,furniture,Sochi,1183,1,1,True,0,4,False,False,False,0.7242,0
listing_002961,user_01232,New fridge half price urgent,"Delivery after deposit, no calls, messenger only.",206.92,home_appliances,Sochi,3,6,16,False,0,0,False,True,True,0.3183,1
listing_002962,user_00038,Washing machine works well,Available for inspection before purchase.,554.46,home_appliances,Novosibirsk,1434,2,8,True,0,5,False,False,False,0.853,0
listing_002963,user_00249,Sneakers limited urgent,"Urgent sale today, write outside the platform.",83.03,fashion,Kazan,9,7,22,False,4,0,False,True,True,0.6919,1
listing_002964,user_00618,Washer cheap Telegram,"Delivery after deposit, no calls, messenger only.",467.19,home_appliances,Novosibirsk,17,5,13,False,0,1,True,True,True,0.7188,1
listing_002965,user_00605,Rent urgent contact Telegram,"Prepayment only, contact me in Telegram.",48399.54,real_estate,Kazan,16,5,11,False,2,0,True,True,True,0.6453,1
listing_002966,user_00611,Luxury jacket original cheap,"Delivery after deposit, no calls, messenger only.",32.96,fashion,Sochi,17,9,19,False,1,0,False,True,True,0.2747,1
listing_002967,user_01189,Washer cheap Telegram,"Prepayment only, contact me in Telegram.",358.68,home_appliances,Saint Petersburg,18,6,25,False,1,2,True,True,True,0.5518,1
listing_002968,user_00132,Toyota Corolla 2016 clean documents,"Personal item, can meet in person and answer questions.",8820.86,vehicles,Novosibirsk,1196,0,0,True,0,4,False,False,False,1.0377,0
listing_002969,user_01204,Used iPhone 13 in good condition,Available for inspection before purchase.,1050.07,electronics,Saint Petersburg,1484,1,5,True,1,4,False,False,False,1.1667,0
listing_002970,user_01258,New table prepay reserve,"Urgent sale today, write outside the platform.",149.62,furniture,Novosibirsk,13,7,22,True,3,0,False,True,True,0.3325,1
listing_002971,user_00788,Washer cheap Telegram,"Urgent sale today, write outside the platform.",437.25,home_appliances,Moscow,19,9,20,False,1,0,True,True,True,0.6727,1
listing_002972,user_00450,Apartment below market prepayment,"Prepayment only, contact me in Telegram.",31766.43,real_estate,Saint Petersburg,1,10,15,False,1,2,True,True,True,0.4236,1
listing_002973,user_00310,New fridge half price urgent,"Prepayment only, contact me in Telegram.",287.62,home_appliances,Saint Petersburg,5,6,18,False,1,0,True,True,True,0.4425,1
listing_002974,user_00266,One bedroom apartment near metro,"Used carefully, normal sale, local pickup is possible.",106635.26,real_estate,Moscow,100,0,3,True,1,6,False,False,False,1.4218,0
listing_002975,user_01191,One bedroom apartment near metro,"Personal item, can meet in person and answer questions.",59736.24,real_estate,Saint Petersburg,635,1,3,True,0,4,False,False,False,0.7965,0
listing_002976,user_01035,Dining table with chairs,"Personal item, can meet in person and answer questions.",571.08,furniture,Saint Petersburg,744,2,6,True,1,6,False,False,False,1.2691,0
listing_002977,user_01772,Gaming laptop with warranty,"Used carefully, normal sale, local pickup is possible.",742.49,electronics,Sochi,661,1,4,True,1,3,False,False,False,0.825,0
listing_002978,user_01437,Washing machine works well,"Used carefully, normal sale, local pickup is possible.",604.69,home_appliances,Moscow,720,2,4,True,0,5,False,False,False,0.9303,0
listing_002979,user_00036,Toyota Corolla 2016 clean documents,"Used carefully, normal sale, local pickup is possible.",7953.8,vehicles,Sochi,876,0,0,True,0,2,False,False,False,0.9357,0
listing_002980,user_01267,Dining table with chairs,Available for inspection before purchase.,363.93,furniture,Sochi,585,2,4,True,0,6,False,False,False,0.8087,0
listing_002981,user_01571,Rent urgent contact Telegram,"Delivery after deposit, no calls, messenger only.",24205.24,real_estate,Kazan,5,6,22,False,1,0,True,True,True,0.3227,1
listing_002982,user_01554,Washing machine works well,"Urgent sale today, write outside the platform.",737.54,home_appliances,Novosibirsk,1121,1,1,True,0,2,False,True,True,1.1347,0
listing_002983,user_00575,Studio for long term rent,Available for inspection before purchase.,52887.92,real_estate,Kazan,1425,2,6,True,0,2,False,False,False,0.7052,0
listing_002984,user_00994,Leather shoes size 42,"Used carefully, normal sale, local pickup is possible.",165.15,fashion,Kazan,573,2,5,True,0,3,False,False,False,1.3762,0
listing_002985,user_00201,Gaming laptop with warranty,Available for inspection before purchase.,752.81,electronics,Saint Petersburg,58,1,5,False,1,4,False,False,False,0.8365,0
listing_002986,user_01280,Dining table with chairs,"Personal item, can meet in person and answer questions.",498.38,furniture,Kazan,432,0,2,True,1,4,False,False,False,1.1075,0
listing_002987,user_00340,Dining table with chairs,Available for inspection before purchase.,516.03,furniture,Novosibirsk,490,1,4,True,0,5,False,False,False,1.1467,0
listing_002988,user_01306,Used city bike,"Urgent sale today, write outside the platform.",7110.09,vehicles,Kazan,1454,0,3,True,1,4,False,True,True,0.8365,0
listing_002989,user_00750,Washing machine works well,"Used carefully, normal sale, local pickup is possible.",528.52,home_appliances,Sochi,1231,2,8,True,0,6,False,False,False,0.8131,0
listing_002990,user_00509,One bedroom apartment near metro,"Personal item, can meet in person and answer questions.",77772.0,real_estate,Novosibirsk,494,1,3,True,1,3,False,False,False,1.037,0
listing_002991,user_01616,Rent urgent contact Telegram,"Prepayment only, contact me in Telegram.",49004.47,real_estate,Moscow,19,8,16,False,0,1,True,True,True,0.6534,1
listing_002992,user_00043,Toyota Corolla 2016 clean documents,Available for inspection before purchase.,8392.42,vehicles,Moscow,59,1,4,True,0,6,False,False,False,0.9873,0
listing_002993,user_01184,Wooden desk in good condition,"Used carefully, normal sale, local pickup is possible.",448.69,furniture,Moscow,656,1,3,True,1,2,False,False,False,0.9971,0
listing_002994,user_00396,Luxury jacket original cheap,"Urgent sale today, write outside the platform.",72.81,fashion,Sochi,15,7,14,True,4,1,False,True,True,0.6068,1
listing_002995,user_01213,Designer sofa very cheap urgent,"Delivery after deposit, no calls, messenger only.",153.56,furniture,Saint Petersburg,16,6,24,False,0,0,False,True,True,0.3412,1
listing_002996,user_01018,Sneakers limited urgent,"Prepayment only, contact me in Telegram.",33.93,fashion,Kazan,0,2,16,False,2,0,True,True,True,0.2828,1
listing_002997,user_01130,Used city bike,"Used carefully, normal sale, local pickup is possible.",7398.17,vehicles,Saint Petersburg,621,0,2,True,1,4,False,False,False,0.8704,0
listing_002998,user_01011,New fridge half price urgent,"Prepayment only, contact me in Telegram.",375.32,home_appliances,Moscow,5,7,15,False,1,0,True,True,True,0.5774,1
listing_002999,user_00579,New fridge half price urgent,"Personal item, can meet in person and answer questions.",726.17,home_appliances,Novosibirsk,980,1,1,True,1,3,False,True,False,1.1172,0
listing_003000,user_00759,Apartment below market prepayment,"Prepayment only, contact me in Telegram.",27909.79,real_estate,Sochi,16,2,11,False,1,0,True,True,True,0.3721,1
listing_003001,user_00148,Rent urgent contact Telegram,"Prepayment only, contact me in Telegram.",33219.8,real_estate,Sochi,19,8,19,False,2,0,True,True,True,0.4429,1
listing_003002,user_01227,One bedroom apartment near metro,Available for inspection before purchase.,62903.45,real_estate,Moscow,735,0,3,True,0,5,False,False,False,0.8387,0
listing_003003,user_00051,Gaming laptop with warranty,"Personal item, can meet in person and answer questions.",842.0,electronics,Sochi,848,0,2,False,0,2,False,False,False,0.9356,0
listing_003004,user_01169,Rent urgent contact Telegram,"Delivery after deposit, no calls, messenger only.",48457.67,real_estate,Sochi,3,8,19,False,3,1,True,True,True,0.6461,1
listing_003005,user_00805,Used city bike,"Used carefully, normal sale, local pickup is possible.",9897.42,vehicles,Novosibirsk,724,2,5,False,1,2,False,False,False,1.1644,0
listing_003006,user_00090,Gaming laptop with warranty,"Used carefully, normal sale, local pickup is possible.",854.91,electronics,Sochi,299,1,4,False,0,6,False,False,False,0.9499,0
listing_003007,user_01203,Designer sofa very cheap urgent,"Prepayment only, contact me in Telegram.",347.81,furniture,Kazan,3,6,18,True,3,0,True,True,True,0.7729,1
listing_003008,user_01361,Washer cheap Telegram,"Urgent sale today, write outside the platform.",418.84,home_appliances,Saint Petersburg,1,4,17,False,1,0,True,True,True,0.6444,1
listing_003009,user_01721,One bedroom apartment near metro,"Used carefully, normal sale, local pickup is possible.",82453.3,real_estate,Moscow,1390,3,7,True,0,5,False,False,False,1.0994,0
listing_003010,user_00563,Scooter cheap today only,"Delivery after deposit, no calls, messenger only.",4262.34,vehicles,Kazan,19,4,9,False,1,2,False,True,True,0.5015,1
listing_003011,user_01286,Leather shoes size 42,"Personal item, can meet in person and answer questions.",165.56,fashion,Kazan,40,0,3,True,1,4,False,False,False,1.3797,0
listing_003012,user_01165,Leather shoes size 42,Available for inspection before purchase.,137.47,fashion,Novosibirsk,1068,0,0,True,1,2,False,False,False,1.1456,0
listing_003013,user_00017,Microwave oven,"Delivery after deposit, no calls, messenger only.",527.52,home_appliances,Kazan,69,0,2,True,0,6,False,True,True,0.8116,0
listing_003014,user_01321,Dining table with chairs,"Used carefully, normal sale, local pickup is possible.",533.76,furniture,Saint Petersburg,921,2,5,True,1,4,False,False,False,1.1861,0
listing_003015,user_01787,Gaming laptop with warranty,"Used carefully, normal sale, local pickup is possible.",711.07,electronics,Moscow,1484,1,3,False,0,5,False,False,False,0.7901,0
listing_003016,user_01589,Microwave oven,Available for inspection before purchase.,595.47,home_appliances,Saint Petersburg,973,1,2,True,0,4,False,False,False,0.9161,0
listing_003017,user_00973,Winter jacket lightly used,Available for inspection before purchase.,154.98,fashion,Sochi,261,2,9,True,0,3,False,False,False,1.2915,0
listing_003018,user_01391,Dining table with chairs,"Used carefully, normal sale, local pickup is possible.",492.22,furniture,Kazan,520,0,5,True,0,5,False,False,False,1.0938,0
listing_003019,user_01729,One bedroom apartment near metro,"Personal item, can meet in person and answer questions.",84704.37,real_estate,Sochi,1329,2,5,True,0,3,False,False,False,1.1294,0
listing_003020,user_00110,Wooden desk in good condition,"Used carefully, normal sale, local pickup is possible.",437.72,furniture,Novosibirsk,1016,2,6,False,0,2,False,False,False,0.9727,0
listing_003021,user_01673,Used iPhone 13 in good condition,"Personal item, can meet in person and answer questions.",977.86,electronics,Moscow,931,2,4,False,0,2,False,False,False,1.0865,0
listing_003022,user_00116,Toyota Corolla 2016 clean documents,"Used carefully, normal sale, local pickup is possible.",10211.9,vehicles,Novosibirsk,63,0,6,False,0,4,False,False,False,1.2014,0
listing_003023,user_01086,Toyota Corolla 2016 clean documents,"Personal item, can meet in person and answer questions.",9469.47,vehicles,Novosibirsk,434,0,3,True,0,3,False,False,False,1.1141,0
listing_003024,user_00608,Washing machine works well,Available for inspection before purchase.,618.88,home_appliances,Kazan,615,1,5,True,0,6,False,False,False,0.9521,0
listing_003025,user_00081,Gaming laptop with warranty,"Personal item, can meet in person and answer questions.",829.0,electronics,Novosibirsk,953,2,4,True,0,3,False,False,False,0.9211,0
listing_003026,user_00389,Winter jacket lightly used,"Personal item, can meet in person and answer questions.",122.21,fashion,Saint Petersburg,392,1,4,True,1,5,False,False,False,1.0184,0
listing_003027,user_01733,Wooden desk in good condition,Available for inspection before purchase.,449.56,furniture,Moscow,151,1,4,True,0,4,False,False,False,0.999,0
listing_003028,user_01071,Scooter cheap today only,"Delivery after deposit, no calls, messenger only.",4093.47,vehicles,Saint Petersburg,6,3,21,False,3,1,False,True,True,0.4816,1
listing_003029,user_00055,Wooden desk in good condition,"Used carefully, normal sale, local pickup is possible.",385.53,furniture,Kazan,1124,1,1,True,0,3,False,False,False,0.8567,0
listing_003030,user_01534,One bedroom apartment near metro,"Used carefully, normal sale, local pickup is possible.",86192.95,real_estate,Sochi,745,0,3,False,0,3,False,False,False,1.1492,0
listing_003031,user_00075,Washing machine works well,Available for inspection before purchase.,825.25,home_appliances,Moscow,456,0,1,True,0,3,False,False,False,1.2696,0
listing_003032,user_00067,Rent urgent contact Telegram,"Urgent sale today, write outside the platform.",34152.12,real_estate,Moscow,2,7,24,False,2,0,True,True,True,0.4554,1
listing_003033,user_00671,One bedroom apartment near metro,Available for inspection before purchase.,62265.82,real_estate,Sochi,150,1,3,True,0,6,False,False,False,0.8302,0
listing_003034,user_01203,MacBook sealed prepayment only,"Urgent sale today, write outside the platform.",631.86,electronics,Novosibirsk,6,8,15,False,4,2,False,True,True,0.7021,1
listing_003035,user_01266,Studio for long term rent,Available for inspection before purchase.,96616.76,real_estate,Saint Petersburg,562,0,4,True,0,2,False,False,False,1.2882,0
listing_003036,user_01182,Toyota Corolla 2016 clean documents,"Personal item, can meet in person and answer questions.",9439.79,vehicles,Saint Petersburg,1300,3,4,False,1,4,False,False,False,1.1106,0
listing_003037,user_00409,Toyota Corolla 2016 clean documents,"Personal item, can meet in person and answer questions.",5989.74,vehicles,Saint Petersburg,1009,1,6,True,0,4,False,False,False,0.7047,0
listing_003038,user_01566,iPhone 15 Pro very cheap urgent,"Delivery after deposit, no calls, messenger only.",339.16,electronics,Moscow,16,9,22,False,2,0,False,True,True,0.3768,1
listing_003039,user_01667,Dining table with chairs,Available for inspection before purchase.,165.48,furniture,Sochi,542,1,4,True,0,4,False,False,False,0.3677,0
listing_003040,user_00898,Rent urgent contact Telegram,"Urgent sale today, write outside the platform.",57642.99,real_estate,Novosibirsk,16,5,21,True,1,2,True,True,True,0.7686,1
listing_003041,user_01332,Designer sofa very cheap urgent,"Prepayment only, contact me in Telegram.",128.67,furniture,Kazan,13,4,14,False,1,2,True,True,True,0.2859,1
listing_003042,user_00881,New fridge half price urgent,"Prepayment only, contact me in Telegram.",221.37,home_appliances,Novosibirsk,3,2,13,False,1,2,True,True,True,0.3406,1
listing_003043,user_00895,Winter jacket lightly used,"Used carefully, normal sale, local pickup is possible.",124.3,fashion,Kazan,265,0,3,True,0,6,False,False,False,1.0358,0
listing_003044,user_00826,New fridge half price urgent,"Delivery after deposit, no calls, messenger only.",302.31,home_appliances,Moscow,5,5,12,True,0,1,False,True,True,0.4651,1
listing_003045,user_01394,Luxury jacket original cheap,"Urgent sale today, write outside the platform.",57.68,fashion,Moscow,16,1,6,False,2,1,False,True,True,0.4807,1
listing_003046,user_00229,iPhone 15 Pro very cheap urgent,Available for inspection before purchase.,957.84,electronics,Sochi,192,1,6,True,0,6,False,True,False,1.0643,0
listing_003047,user_01755,Used iPhone 13 in good condition,Available for inspection before purchase.,1192.06,electronics,Moscow,1191,0,2,True,0,3,False,False,False,1.3245,0
listing_003048,user_01568,Washing machine works well,"Personal item, can meet in person and answer questions.",773.96,home_appliances,Novosibirsk,911,1,5,True,0,5,False,False,False,1.1907,0
listing_003049,user_00059,Toyota Corolla 2016 clean documents,"Delivery after deposit, no calls, messenger only.",9635.74,vehicles,Moscow,425,0,2,True,0,4,False,True,True,1.1336,0
listing_003050,user_00353,New table prepay reserve,Available for inspection before purchase.,563.1,furniture,Sochi,1302,1,3,True,1,6,False,False,False,1.2513,0
listing_003051,user_00972,Studio for long term rent,Available for inspection before purchase.,72678.88,real_estate,Saint Petersburg,789,2,4,True,0,3,False,False,False,0.9691,0
listing_003052,user_01465,Gaming laptop with warranty,"Delivery after deposit, no calls, messenger only.",952.51,electronics,Sochi,975,0,4,True,0,6,False,True,True,1.0583,0
listing_003053,user_01694,New table prepay reserve,"Prepayment only, contact me in Telegram.",120.17,furniture,Sochi,11,6,10,False,1,1,True,True,True,0.267,1
listing_003054,user_00939,Wooden desk in good condition,"Used carefully, normal sale, local pickup is possible.",446.04,furniture,Kazan,1077,5,7,False,0,6,False,False,False,0.9912,0
listing_003055,user_01567,Luxury jacket original cheap,"Delivery after deposit, no calls, messenger only.",48.36,fashion,Moscow,4,1,11,False,0,2,False,True,True,0.403,1
listing_003056,user_01255,Leather shoes size 42,"Personal item, can meet in person and answer questions.",110.42,fashion,Novosibirsk,453,0,2,True,0,4,False,False,False,0.9202,0
listing_003057,user_00157,New table prepay reserve,"Urgent sale today, write outside the platform.",251.63,furniture,Kazan,2,6,20,False,3,1,False,True,True,0.5592,1
listing_003058,user_01660,New table prepay reserve,"Urgent sale today, write outside the platform.",259.3,furniture,Saint Petersburg,19,2,19,False,1,1,False,True,True,0.5762,1
listing_003059,user_01431,Gaming laptop with warranty,"Used carefully, normal sale, local pickup is possible.",1035.05,electronics,Saint Petersburg,895,1,3,True,0,4,False,False,False,1.1501,0
listing_003060,user_00075,iPhone 15 Pro very cheap urgent,"Prepayment only, contact me in Telegram.",582.51,electronics,Kazan,4,4,13,False,2,0,True,True,True,0.6472,1
listing_003061,user_01336,Washing machine works well,"Personal item, can meet in person and answer questions.",793.75,home_appliances,Novosibirsk,151,0,1,True,1,2,False,False,False,1.2212,0
listing_003062,user_00212,Studio for long term rent,"Personal item, can meet in person and answer questions.",91742.99,real_estate,Moscow,1479,0,6,True,1,2,False,False,False,1.2232,0
listing_003063,user_01296,New table prepay reserve,"Urgent sale today, write outside the platform.",549.9,furniture,Sochi,975,2,3,True,0,2,False,True,True,1.222,0
listing_003064,user_00308,New table prepay reserve,"Prepayment only, contact me in Telegram.",216.46,furniture,Novosibirsk,10,4,24,False,1,1,True,True,True,0.481,1
listing_003065,user_00331,Winter jacket lightly used,"Used carefully, normal sale, local pickup is possible.",113.41,fashion,Moscow,125,0,0,False,0,3,False,False,False,0.9451,0
listing_003066,user_00059,One bedroom apartment near metro,"Used carefully, normal sale, local pickup is possible.",64862.56,real_estate,Moscow,1270,0,3,True,1,5,False,False,False,0.8648,0
listing_003067,user_01118,Leather shoes size 42,"Delivery after deposit, no calls, messenger only.",141.98,fashion,Sochi,798,1,4,True,1,2,False,True,True,1.1832,0
listing_003068,user_00854,Apartment below market prepayment,"Prepayment only, contact me in Telegram.",21832.57,real_estate,Kazan,8,7,20,False,0,1,True,True,True,0.2911,1
listing_003069,user_00579,Apartment below market prepayment,"Delivery after deposit, no calls, messenger only.",24066.84,real_estate,Kazan,9,3,15,False,1,0,False,True,True,0.3209,1
listing_003070,user_00147,New fridge half price urgent,"Urgent sale today, write outside the platform.",129.25,home_appliances,Kazan,3,4,18,False,0,0,False,True,True,0.1988,1
listing_003071,user_01657,Toyota Corolla 2016 clean documents,Available for inspection before purchase.,11141.66,vehicles,Sochi,537,1,4,True,0,4,False,False,False,1.3108,0
listing_003072,user_01145,Gaming laptop with warranty,Available for inspection before purchase.,720.01,electronics,Moscow,759,0,1,True,1,2,False,False,False,0.8,0
listing_003073,user_00845,Car urgent sale no questions,"Delivery after deposit, no calls, messenger only.",4510.67,vehicles,Sochi,5,1,11,False,3,1,False,True,True,0.5307,1
listing_003074,user_00650,Used iPhone 13 in good condition,"Personal item, can meet in person and answer questions.",1077.2,electronics,Kazan,735,2,9,True,0,3,False,False,False,1.1969,0
listing_003075,user_00766,Scooter cheap today only,"Delivery after deposit, no calls, messenger only.",4803.16,vehicles,Sochi,10,4,19,False,0,2,False,True,True,0.5651,0
listing_003076,user_01018,iPhone 15 Pro very cheap urgent,"Prepayment only, contact me in Telegram.",594.92,electronics,Moscow,16,3,9,False,2,1,True,True,True,0.661,1
listing_003077,user_00322,Luxury jacket original cheap,"Prepayment only, contact me in Telegram.",63.81,fashion,Saint Petersburg,19,4,16,False,1,1,True,True,True,0.5318,1
listing_003078,user_00682,Studio for long term rent,"Personal item, can meet in person and answer questions.",77642.34,real_estate,Sochi,814,1,2,True,0,5,False,False,False,1.0352,0
listing_003079,user_01440,Scooter cheap today only,"Prepayment only, contact me in Telegram.",8270.1,vehicles,Kazan,1235,1,7,False,0,2,True,True,True,0.973,0
listing_003080,user_00508,iPhone 15 Pro very cheap urgent,"Delivery after deposit, no calls, messenger only.",644.1,electronics,Moscow,17,13,23,True,1,0,False,True,True,0.7157,1
listing_003081,user_01743,New table prepay reserve,"Delivery after deposit, no calls, messenger only.",140.8,furniture,Kazan,19,4,14,False,2,2,False,True,True,0.3129,1
listing_003082,user_01004,iPhone 15 Pro very cheap urgent,"Urgent sale today, write outside the platform.",383.8,electronics,Moscow,11,6,24,False,2,1,False,True,True,0.4264,1
listing_003083,user_00501,New table prepay reserve,"Urgent sale today, write outside the platform.",251.46,furniture,Moscow,3,9,15,False,3,1,False,True,True,0.5588,1
listing_003084,user_00783,Gaming laptop with warranty,"Used carefully, normal sale, local pickup is possible.",1278.8,electronics,Saint Petersburg,699,1,6,True,1,2,False,False,False,1.4209,0
listing_003085,user_00503,Washing machine works well,"Personal item, can meet in person and answer questions.",926.07,home_appliances,Sochi,260,0,2,True,0,6,False,False,False,1.4247,0
listing_003086,user_00013,Leather shoes size 42,"Used carefully, normal sale, local pickup is possible.",122.85,fashion,Moscow,650,2,4,True,0,3,False,False,False,1.0237,0
listing_003087,user_00415,MacBook sealed prepayment only,"Urgent sale today, write outside the platform.",502.33,electronics,Kazan,6,7,25,False,3,1,False,True,True,0.5581,1
listing_003088,user_00651,Washer cheap Telegram,"Prepayment only, contact me in Telegram.",133.9,home_appliances,Kazan,15,2,11,False,1,2,True,True,True,0.206,1
listing_003089,user_01402,Sneakers limited urgent,"Prepayment only, contact me in Telegram.",129.55,fashion,Novosibirsk,342,1,4,True,0,3,True,True,True,1.0796,0
listing_003090,user_00447,Toyota Corolla 2016 clean documents,Available for inspection before purchase.,9778.58,vehicles,Sochi,782,2,5,True,1,2,False,False,False,1.1504,0
listing_003091,user_00226,Leather shoes size 42,Available for inspection before purchase.,134.02,fashion,Saint Petersburg,487,1,4,False,0,2,False,False,False,1.1168,0
listing_003092,user_01244,Gaming laptop with warranty,"Personal item, can meet in person and answer questions.",861.82,electronics,Kazan,1262,1,9,False,0,5,False,False,False,0.9576,0
listing_003093,user_01231,Studio for long term rent,Available for inspection before purchase.,91919.53,real_estate,Kazan,226,0,4,True,0,5,False,False,False,1.2256,0
listing_003094,user_01714,Used iPhone 13 in good condition,"Prepayment only, contact me in Telegram.",729.05,electronics,Sochi,1392,1,3,True,0,3,True,True,True,0.8101,0
listing_003095,user_00244,Washer cheap Telegram,"Prepayment only, contact me in Telegram.",168.36,home_appliances,Moscow,4,6,21,False,1,1,True,True,True,0.259,1
listing_003096,user_00089,Car urgent sale no questions,"Urgent sale today, write outside the platform.",2788.25,vehicles,Saint Petersburg,13,8,22,False,0,2,False,True,True,0.328,1
listing_003097,user_01777,Winter jacket lightly used,"Personal item, can meet in person and answer questions.",129.98,fashion,Saint Petersburg,280,1,6,True,0,5,False,False,False,1.0832,0
listing_003098,user_00033,Toyota Corolla 2016 clean documents,Available for inspection before purchase.,10031.12,vehicles,Sochi,1380,0,1,False,0,2,False,False,False,1.1801,0
listing_003099,user_00040,New fridge half price urgent,"Urgent sale today, write outside the platform.",187.37,home_appliances,Novosibirsk,20,8,16,False,3,1,False,True,True,0.2883,1
listing_003100,user_01188,New fridge half price urgent,Available for inspection before purchase.,745.85,home_appliances,Saint Petersburg,49,1,6,True,0,3,False,True,False,1.1475,0
listing_003101,user_01423,Microwave oven,"Used carefully, normal sale, local pickup is possible.",835.93,home_appliances,Moscow,293,0,1,True,0,6,False,False,False,1.286,0
listing_003102,user_01358,Microwave oven,Available for inspection before purchase.,630.37,home_appliances,Saint Petersburg,696,2,5,True,0,3,False,False,False,0.9698,0
listing_003103,user_01646,Studio for long term rent,"Used carefully, normal sale, local pickup is possible.",88047.72,real_estate,Moscow,667,1,8,True,1,5,False,False,False,1.174,0
listing_003104,user_00535,One bedroom apartment near metro,"Used carefully, normal sale, local pickup is possible.",79866.45,real_estate,Kazan,92,1,4,False,0,4,False,False,False,1.0649,0
listing_003105,user_00301,Dining table with chairs,"Personal item, can meet in person and answer questions.",530.38,furniture,Saint Petersburg,1074,3,6,True,0,4,False,False,False,1.1786,0
listing_003106,user_01492,Gaming laptop with warranty,"Personal item, can meet in person and answer questions.",794.43,electronics,Novosibirsk,390,0,2,True,0,4,False,False,False,0.8827,0
listing_003107,user_00224,Apartment below market prepayment,"Urgent sale today, write outside the platform.",44277.23,real_estate,Sochi,11,6,14,False,0,0,False,True,True,0.5904,0
listing_003108,user_00645,Dining table with chairs,Available for inspection before purchase.,539.27,furniture,Kazan,695,0,3,True,0,4,False,False,False,1.1984,0
listing_003109,user_00692,Winter jacket lightly used,"Used carefully, normal sale, local pickup is possible.",129.92,fashion,Kazan,1021,2,4,False,1,4,False,False,False,1.0827,0
listing_003110,user_01332,One bedroom apartment near metro,"Personal item, can meet in person and answer questions.",78697.93,real_estate,Kazan,861,1,4,True,0,2,False,False,False,1.0493,0
listing_003111,user_00087,Used iPhone 13 in good condition,Available for inspection before purchase.,1032.73,electronics,Novosibirsk,245,0,3,True,0,6,False,False,False,1.1475,0
listing_003112,user_00166,Leather shoes size 42,Available for inspection before purchase.,154.73,fashion,Moscow,1458,2,5,True,1,4,False,False,False,1.2894,0
listing_003113,user_01760,Winter jacket lightly used,"Personal item, can meet in person and answer questions.",96.4,fashion,Saint Petersburg,1365,1,4,True,1,6,False,False,False,0.8033,0
listing_003114,user_00879,Used iPhone 13 in good condition,"Personal item, can meet in person and answer questions.",966.95,electronics,Sochi,332,0,2,True,1,3,False,False,False,1.0744,0
listing_003115,user_00192,Winter jacket lightly used,"Used carefully, normal sale, local pickup is possible.",103.41,fashion,Sochi,985,2,6,True,0,4,False,False,False,0.8618,0
listing_003116,user_01276,One bedroom apartment near metro,"Personal item, can meet in person and answer questions.",62637.15,real_estate,Novosibirsk,307,2,5,True,1,5,False,False,False,0.8352,0
listing_003117,user_01518,Scooter cheap today only,"Urgent sale today, write outside the platform.",1923.7,vehicles,Kazan,8,4,15,False,2,2,False,True,True,0.2263,1
listing_003118,user_00271,Used iPhone 13 in good condition,"Personal item, can meet in person and answer questions.",1087.56,electronics,Moscow,88,0,2,True,0,5,False,False,False,1.2084,0
listing_003119,user_01095,Wooden desk in good condition,Available for inspection before purchase.,560.35,furniture,Novosibirsk,1158,3,5,True,0,4,False,False,False,1.2452,0
listing_003120,user_00549,Used iPhone 13 in good condition,"Used carefully, normal sale, local pickup is possible.",1078.16,electronics,Kazan,1437,3,5,True,0,3,False,False,False,1.198,0
listing_003121,user_01733,Car urgent sale no questions,"Delivery after deposit, no calls, messenger only.",2739.68,vehicles,Novosibirsk,10,7,17,False,2,2,False,True,True,0.3223,1
listing_003122,user_01688,Sneakers limited urgent,"Personal item, can meet in person and answer questions.",90.35,fashion,Kazan,845,2,4,True,1,3,False,True,False,0.7529,0
listing_003123,user_00526,Toyota Corolla 2016 clean documents,Available for inspection before purchase.,9383.19,vehicles,Saint Petersburg,278,1,5,False,0,3,False,False,False,1.1039,0
listing_003124,user_00879,Car urgent sale no questions,"Prepayment only, contact me in Telegram.",5160.17,vehicles,Moscow,8,5,22,False,3,2,True,True,True,0.6071,1
listing_003125,user_01005,Toyota Corolla 2016 clean documents,Available for inspection before purchase.,11190.26,vehicles,Novosibirsk,1047,1,6,False,0,6,False,False,False,1.3165,0
listing_003126,user_00440,Luxury jacket original cheap,Available for inspection before purchase.,142.27,fashion,Novosibirsk,943,0,3,True,0,6,False,False,False,1.1856,0
listing_003127,user_00230,Studio for long term rent,"Personal item, can meet in person and answer questions.",36973.86,real_estate,Sochi,1271,1,3,True,0,6,False,False,False,0.493,0
listing_003128,user_01770,Washing machine works well,"Personal item, can meet in person and answer questions.",804.8,home_appliances,Sochi,1110,0,3,True,0,5,False,False,False,1.2382,0
listing_003129,user_00586,Rent urgent contact Telegram,"Delivery after deposit, no calls, messenger only.",38201.71,real_estate,Novosibirsk,8,7,19,False,2,2,True,True,True,0.5094,1
listing_003130,user_00272,Wooden desk in good condition,Available for inspection before purchase.,409.49,furniture,Kazan,1494,0,3,False,0,4,False,False,False,0.91,0
listing_003131,user_00739,Leather shoes size 42,Available for inspection before purchase.,107.92,fashion,Saint Petersburg,926,1,5,False,0,5,False,False,False,0.8993,0
listing_003132,user_00323,Used iPhone 13 in good condition,"Personal item, can meet in person and answer questions.",652.73,electronics,Sochi,733,3,6,True,1,6,False,False,False,0.7253,0
listing_003133,user_00182,iPhone 15 Pro very cheap urgent,"Urgent sale today, write outside the platform.",720.13,electronics,Novosibirsk,7,4,23,False,0,2,False,True,True,0.8001,0
listing_003134,user_00299,Winter jacket lightly used,Available for inspection before purchase.,139.66,fashion,Sochi,1415,2,7,False,0,2,False,False,False,1.1638,0
listing_003135,user_01379,One bedroom apartment near metro,"Used carefully, normal sale, local pickup is possible.",63771.25,real_estate,Sochi,507,1,4,True,0,6,False,False,False,0.8503,0
listing_003136,user_01154,Toyota Corolla 2016 clean documents,"Personal item, can meet in person and answer questions.",9612.9,vehicles,Kazan,451,2,4,True,0,6,False,False,False,1.1309,0
listing_003137,user_01403,Rent urgent contact Telegram,"Urgent sale today, write outside the platform.",17804.46,real_estate,Saint Petersburg,18,7,23,False,2,0,True,True,True,0.2374,1
listing_003138,user_00756,Washer cheap Telegram,"Urgent sale today, write outside the platform.",243.9,home_appliances,Saint Petersburg,19,4,12,False,0,2,True,True,True,0.3752,1
listing_003139,user_01546,Wooden desk in good condition,"Delivery after deposit, no calls, messenger only.",513.89,furniture,Sochi,543,2,5,True,0,3,False,True,True,1.142,0
listing_003140,user_01104,Winter jacket lightly used,"Used carefully, normal sale, local pickup is possible.",150.77,fashion,Saint Petersburg,505,2,4,True,0,6,False,False,False,1.2564,0
listing_003141,user_00726,Rent urgent contact Telegram,"Urgent sale today, write outside the platform.",21568.9,real_estate,Kazan,16,4,12,False,4,1,True,True,True,0.2876,1
listing_003142,user_00917,Dining table with chairs,Available for inspection before purchase.,283.86,furniture,Saint Petersburg,236,3,7,True,0,4,False,False,False,0.6308,0
listing_003143,user_00789,Washing machine works well,Available for inspection before purchase.,514.25,home_appliances,Saint Petersburg,766,0,3,True,0,3,False,False,False,0.7912,0
listing_003144,user_01080,iPhone 15 Pro very cheap urgent,"Urgent sale today, write outside the platform.",577.44,electronics,Moscow,10,4,18,False,0,1,False,True,True,0.6416,0
listing_003145,user_01125,Used city bike,"Personal item, can meet in person and answer questions.",10949.7,vehicles,Sochi,684,2,2,True,0,2,False,False,False,1.2882,0
listing_003146,user_01576,New fridge half price urgent,"Prepayment only, contact me in Telegram.",260.95,home_appliances,Saint Petersburg,14,4,16,False,2,2,True,True,True,0.4015,1
listing_003147,user_00027,Car urgent sale no questions,"Prepayment only, contact me in Telegram.",3568.28,vehicles,Moscow,9,5,18,True,1,0,True,True,True,0.4198,1
listing_003148,user_00184,Studio for long term rent,Available for inspection before purchase.,81623.98,real_estate,Saint Petersburg,1254,1,2,True,0,3,False,False,False,1.0883,0
listing_003149,user_01774,Microwave oven,"Personal item, can meet in person and answer questions.",706.66,home_appliances,Moscow,218,0,3,True,1,2,False,False,False,1.0872,0
listing_003150,user_01342,One bedroom apartment near metro,"Personal item, can meet in person and answer questions.",60384.76,real_estate,Kazan,759,1,5,False,0,3,False,False,False,0.8051,0
listing_003151,user_01694,Gaming laptop with warranty,Available for inspection before purchase.,803.28,electronics,Moscow,1468,2,3,True,0,4,False,False,False,0.8925,0
listing_003152,user_01537,Gaming laptop with warranty,Available for inspection before purchase.,812.97,electronics,Kazan,765,0,6,True,0,6,False,False,False,0.9033,0
listing_003153,user_00572,Washing machine works well,"Used carefully, normal sale, local pickup is possible.",783.19,home_appliances,Sochi,346,0,4,True,0,6,False,False,False,1.2049,0
listing_003154,user_00908,Gaming laptop with warranty,Available for inspection before purchase.,849.88,electronics,Saint Petersburg,366,0,2,True,0,5,False,False,False,0.9443,0
listing_003155,user_00202,Dining table with chairs,Available for inspection before purchase.,630.11,furniture,Moscow,411,1,3,True,0,2,False,False,False,1.4002,0
listing_003156,user_00192,Winter jacket lightly used,"Personal item, can meet in person and answer questions.",82.1,fashion,Novosibirsk,1301,0,3,True,1,3,False,False,False,0.6842,0
listing_003157,user_01699,Studio for long term rent,"Urgent sale today, write outside the platform.",73906.01,real_estate,Kazan,429,1,4,True,0,3,False,True,True,0.9854,0
listing_003158,user_00426,New table prepay reserve,"Prepayment only, contact me in Telegram.",247.14,furniture,Moscow,17,2,14,False,3,1,True,True,True,0.5492,1
listing_003159,user_01244,Used iPhone 13 in good condition,Available for inspection before purchase.,972.77,electronics,Moscow,839,0,6,True,0,4,False,False,False,1.0809,0
listing_003160,user_00958,One bedroom apartment near metro,Available for inspection before purchase.,90071.38,real_estate,Novosibirsk,1198,2,6,False,0,2,False,False,False,1.201,0
listing_003161,user_01571,Microwave oven,"Used carefully, normal sale, local pickup is possible.",793.45,home_appliances,Moscow,1307,0,0,True,0,6,False,False,False,1.2207,0
listing_003162,user_01313,Apartment below market prepayment,"Prepayment only, contact me in Telegram.",28409.97,real_estate,Sochi,16,9,25,True,1,1,True,True,True,0.3788,1
listing_003163,user_00464,Used iPhone 13 in good condition,Available for inspection before purchase.,1205.1,electronics,Saint Petersburg,1138,1,7,True,0,2,False,False,False,1.339,0
listing_003164,user_00833,MacBook sealed prepayment only,"Prepayment only, contact me in Telegram.",588.48,electronics,Kazan,8,5,24,True,1,0,True,True,True,0.6539,1
listing_003165,user_01525,Toyota Corolla 2016 clean documents,"Used carefully, normal sale, local pickup is possible.",9598.5,vehicles,Sochi,560,0,6,True,0,3,False,False,False,1.1292,0
listing_003166,user_01269,Wooden desk in good condition,"Urgent sale today, write outside the platform.",520.58,furniture,Saint Petersburg,1228,4,8,True,1,2,False,True,True,1.1568,0
listing_003167,user_01754,Car urgent sale no questions,"Delivery after deposit, no calls, messenger only.",4120.27,vehicles,Sochi,16,4,13,False,1,2,False,True,True,0.4847,1
listing_003168,user_00947,One bedroom apartment near metro,Available for inspection before purchase.,71830.05,real_estate,Novosibirsk,1425,0,6,True,0,2,False,False,False,0.9577,0
listing_003169,user_00925,Gaming laptop with warranty,"Personal item, can meet in person and answer questions.",1069.9,electronics,Kazan,1044,0,2,True,0,6,False,False,False,1.1888,0
listing_003170,user_00726,Luxury jacket original cheap,"Delivery after deposit, no calls, messenger only.",75.55,fashion,Moscow,11,2,13,False,0,1,False,True,True,0.6296,0
listing_003171,user_01782,Designer sofa very cheap urgent,"Delivery after deposit, no calls, messenger only.",183.2,furniture,Saint Petersburg,15,4,16,False,0,0,False,True,True,0.4071,1
listing_003172,user_00742,Microwave oven,Available for inspection before purchase.,757.31,home_appliances,Sochi,1332,0,4,True,0,5,False,False,False,1.1651,0
listing_003173,user_00488,MacBook sealed prepayment only,"Prepayment only, contact me in Telegram.",328.62,electronics,Kazan,11,6,18,False,1,1,True,True,True,0.3651,1
listing_003174,user_01005,Studio for long term rent,"Urgent sale today, write outside the platform.",65542.51,real_estate,Saint Petersburg,1028,0,8,True,0,5,False,True,True,0.8739,0
listing_003175,user_00404,iPhone 15 Pro very cheap urgent,"Prepayment only, contact me in Telegram.",191.54,electronics,Kazan,3,4,11,False,1,1,True,True,True,0.2128,1
listing_003176,user_01285,Studio for long term rent,"Used carefully, normal sale, local pickup is possible.",64953.56,real_estate,Sochi,496,4,6,False,0,4,False,False,False,0.866,0
listing_003177,user_01478,One bedroom apartment near metro,Available for inspection before purchase.,39098.96,real_estate,Novosibirsk,341,0,3,True,1,4,False,False,False,0.5213,0
listing_003178,user_01604,Leather shoes size 42,Available for inspection before purchase.,152.25,fashion,Sochi,646,2,3,False,0,4,False,False,False,1.2688,0
listing_003179,user_00717,Gaming laptop with warranty,Available for inspection before purchase.,844.42,electronics,Sochi,672,0,6,True,0,3,False,False,False,0.9382,0
listing_003180,user_01726,Leather shoes size 42,"Used carefully, normal sale, local pickup is possible.",166.63,fashion,Moscow,379,0,1,True,1,6,False,False,False,1.3886,0
listing_003181,user_01137,Washing machine works well,"Personal item, can meet in person and answer questions.",252.82,home_appliances,Moscow,582,1,3,True,0,6,False,False,False,0.389,0
listing_003182,user_01531,Wooden desk in good condition,Available for inspection before purchase.,506.09,furniture,Saint Petersburg,1053,0,2,True,0,6,False,False,False,1.1246,0
listing_003183,user_00703,Toyota Corolla 2016 clean documents,Available for inspection before purchase.,11944.54,vehicles,Sochi,921,0,3,True,1,3,False,False,False,1.4052,0
listing_003184,user_00303,Washing machine works well,"Personal item, can meet in person and answer questions.",781.0,home_appliances,Kazan,985,0,0,True,0,3,False,False,False,1.2015,0
listing_003185,user_01443,Washing machine works well,"Personal item, can meet in person and answer questions.",666.46,home_appliances,Sochi,1403,0,1,True,0,4,False,False,False,1.0253,0
listing_003186,user_00762,Washer cheap Telegram,"Urgent sale today, write outside the platform.",314.35,home_appliances,Moscow,14,6,15,False,3,1,True,True,True,0.4836,1
listing_003187,user_00222,iPhone 15 Pro very cheap urgent,"Urgent sale today, write outside the platform.",280.09,electronics,Saint Petersburg,8,4,14,False,0,1,False,True,True,0.3112,1
listing_003188,user_01219,Microwave oven,"Used carefully, normal sale, local pickup is possible.",789.39,home_appliances,Kazan,1394,2,5,True,1,3,False,False,False,1.2144,0
listing_003189,user_01256,iPhone 15 Pro very cheap urgent,"Delivery after deposit, no calls, messenger only.",436.73,electronics,Saint Petersburg,15,6,19,False,3,2,False,True,True,0.4853,1
listing_003190,user_01127,Gaming laptop with warranty,"Personal item, can meet in person and answer questions.",833.94,electronics,Kazan,1192,1,4,True,0,4,False,False,False,0.9266,0
listing_003191,user_01253,Car urgent sale no questions,"Urgent sale today, write outside the platform.",4287.9,vehicles,Sochi,5,6,16,False,0,0,False,True,True,0.5045,1
listing_003192,user_00180,Designer sofa very cheap urgent,"Delivery after deposit, no calls, messenger only.",220.99,furniture,Moscow,2,10,20,False,2,0,False,True,True,0.4911,1
listing_003193,user_01170,Apartment below market prepayment,"Delivery after deposit, no calls, messenger only.",33188.64,real_estate,Sochi,15,7,16,False,2,0,False,True,True,0.4425,1
listing_003194,user_00724,Used city bike,Available for inspection before purchase.,7936.16,vehicles,Novosibirsk,1254,1,3,True,0,2,False,False,False,0.9337,0
listing_003195,user_01512,Used city bike,Available for inspection before purchase.,9460.75,vehicles,Sochi,1378,1,8,True,0,6,False,False,False,1.113,0
listing_003196,user_01274,Car urgent sale no questions,"Urgent sale today, write outside the platform.",2432.34,vehicles,Moscow,13,7,21,False,1,1,False,True,True,0.2862,1
listing_003197,user_01267,Used city bike,"Used carefully, normal sale, local pickup is possible.",11517.46,vehicles,Sochi,1107,0,1,True,0,2,False,False,False,1.355,0
listing_003198,user_00182,iPhone 15 Pro very cheap urgent,"Prepayment only, contact me in Telegram.",342.44,electronics,Novosibirsk,16,7,17,True,0,2,True,True,True,0.3805,1
listing_003199,user_01438,Luxury jacket original cheap,"Prepayment only, contact me in Telegram.",74.98,fashion,Novosibirsk,20,9,19,False,1,0,True,True,True,0.6248,1
listing_003200,user_01707,Wooden desk in good condition,"Prepayment only, contact me in Telegram.",479.36,furniture,Moscow,565,2,4,True,0,6,True,True,True,1.0652,0
listing_003201,user_00930,One bedroom apartment near metro,"Personal item, can meet in person and answer questions.",82853.63,real_estate,Saint Petersburg,1196,0,2,True,0,5,False,False,False,1.1047,0
listing_003202,user_00338,Used city bike,"Personal item, can meet in person and answer questions.",10923.3,vehicles,Sochi,896,2,8,True,0,6,False,False,False,1.2851,0
listing_003203,user_00683,New table prepay reserve,"Delivery after deposit, no calls, messenger only.",223.91,furniture,Kazan,18,7,17,False,2,2,False,True,True,0.4976,1
listing_003204,user_01338,Toyota Corolla 2016 clean documents,"Used carefully, normal sale, local pickup is possible.",7478.09,vehicles,Novosibirsk,493,0,1,False,0,2,False,False,False,0.8798,0
listing_003205,user_00977,One bedroom apartment near metro,"Personal item, can meet in person and answer questions.",87873.48,real_estate,Sochi,117,0,4,False,0,2,False,False,False,1.1716,0
listing_003206,user_00107,Dining table with chairs,Available for inspection before purchase.,544.82,furniture,Moscow,717,1,4,False,0,5,False,False,False,1.2107,0
listing_003207,user_00615,Leather shoes size 42,"Used carefully, normal sale, local pickup is possible.",151.0,fashion,Sochi,261,2,6,True,1,5,False,False,False,1.2583,0
listing_003208,user_00754,Studio for long term rent,Available for inspection before purchase.,78829.36,real_estate,Saint Petersburg,34,2,8,True,0,3,False,False,False,1.0511,0
listing_003209,user_00559,Wooden desk in good condition,Available for inspection before purchase.,557.28,furniture,Kazan,406,2,6,True,1,2,False,False,False,1.2384,0
listing_003210,user_00199,One bedroom apartment near metro,"Personal item, can meet in person and answer questions.",83697.41,real_estate,Moscow,1010,1,7,False,1,3,False,False,False,1.116,0
listing_003211,user_00027,Washer cheap Telegram,"Urgent sale today, write outside the platform.",362.86,home_appliances,Moscow,11,11,25,False,1,2,True,True,True,0.5582,1
listing_003212,user_01691,New fridge half price urgent,"Delivery after deposit, no calls, messenger only.",204.67,home_appliances,Kazan,2,6,17,True,3,1,False,True,True,0.3149,1
listing_003213,user_01074,Studio for long term rent,Available for inspection before purchase.,70083.32,real_estate,Saint Petersburg,1389,0,3,True,1,5,False,False,False,0.9344,0
listing_003214,user_00517,Used iPhone 13 in good condition,Available for inspection before purchase.,1221.0,electronics,Moscow,108,0,2,True,0,4,False,False,False,1.3567,0
listing_003215,user_00937,Dining table with chairs,"Personal item, can meet in person and answer questions.",484.58,furniture,Novosibirsk,417,0,3,False,0,6,False,False,False,1.0768,0
listing_003216,user_01339,Gaming laptop with warranty,"Used carefully, normal sale, local pickup is possible.",767.38,electronics,Sochi,837,0,2,False,0,5,False,False,False,0.8526,0
listing_003217,user_00912,Washing machine works well,Available for inspection before purchase.,575.93,home_appliances,Kazan,221,1,8,True,0,5,False,False,False,0.886,0
listing_003218,user_01131,Apartment below market prepayment,"Prepayment only, contact me in Telegram.",27308.49,real_estate,Moscow,6,2,9,False,1,1,True,True,True,0.3641,1
listing_003219,user_01391,Microwave oven,Available for inspection before purchase.,336.55,home_appliances,Saint Petersburg,1077,0,1,False,0,6,False,False,False,0.5178,0
listing_003220,user_01610,Car urgent sale no questions,"Prepayment only, contact me in Telegram.",4444.6,vehicles,Saint Petersburg,6,2,16,False,0,2,True,True,True,0.5229,1
listing_003221,user_00271,Microwave oven,Available for inspection before purchase.,494.51,home_appliances,Kazan,1302,1,4,True,0,2,False,False,False,0.7608,0
listing_003222,user_00194,Wooden desk in good condition,"Used carefully, normal sale, local pickup is possible.",471.47,furniture,Saint Petersburg,320,1,2,True,0,2,False,False,False,1.0477,0
listing_003223,user_01548,Luxury jacket original cheap,"Delivery after deposit, no calls, messenger only.",87.28,fashion,Moscow,11,3,17,False,0,1,False,True,True,0.7273,1
listing_003224,user_00339,Microwave oven,Available for inspection before purchase.,690.22,home_appliances,Saint Petersburg,620,0,5,True,1,3,False,False,False,1.0619,0
listing_003225,user_00981,Microwave oven,Available for inspection before purchase.,721.99,home_appliances,Kazan,751,0,3,True,0,6,False,False,False,1.1108,0
listing_003226,user_01014,Luxury jacket original cheap,"Urgent sale today, write outside the platform.",54.64,fashion,Saint Petersburg,20,3,13,False,0,2,False,True,True,0.4553,0
listing_003227,user_00676,Winter jacket lightly used,"Personal item, can meet in person and answer questions.",87.09,fashion,Saint Petersburg,1348,2,3,False,0,4,False,False,False,0.7258,0
listing_003228,user_01298,One bedroom apartment near metro,"Used carefully, normal sale, local pickup is possible.",93965.19,real_estate,Moscow,817,1,9,True,0,6,False,False,False,1.2529,0
listing_003229,user_01613,Used iPhone 13 in good condition,"Personal item, can meet in person and answer questions.",1180.56,electronics,Novosibirsk,566,0,2,True,0,4,False,False,False,1.3117,0
listing_003230,user_01673,One bedroom apartment near metro,Available for inspection before purchase.,44692.64,real_estate,Kazan,1110,2,5,True,0,5,False,False,False,0.5959,0
listing_003231,user_00206,Designer sofa very cheap urgent,"Urgent sale today, write outside the platform.",251.58,furniture,Sochi,19,5,20,True,2,1,False,True,True,0.5591,1
listing_003232,user_00630,Designer sofa very cheap urgent,"Delivery after deposit, no calls, messenger only.",284.38,furniture,Novosibirsk,18,4,18,False,3,1,False,True,True,0.632,1
listing_003233,user_00734,Used city bike,"Used carefully, normal sale, local pickup is possible.",10620.25,vehicles,Moscow,262,1,4,True,1,5,False,False,False,1.2494,0
listing_003234,user_01144,Leather shoes size 42,"Personal item, can meet in person and answer questions.",148.28,fashion,Sochi,429,1,2,True,0,5,False,False,False,1.2357,0
listing_003235,user_01163,Wooden desk in good condition,"Personal item, can meet in person and answer questions.",503.89,furniture,Kazan,1172,2,2,True,0,2,False,False,False,1.1198,0
listing_003236,user_00221,Winter jacket lightly used,"Personal item, can meet in person and answer questions.",67.27,fashion,Saint Petersburg,891,1,3,False,1,2,False,False,False,0.5606,0
listing_003237,user_00353,Luxury jacket original cheap,"Prepayment only, contact me in Telegram.",81.02,fashion,Novosibirsk,16,8,19,False,3,1,True,True,True,0.6752,1
listing_003238,user_00001,Winter jacket lightly used,Available for inspection before purchase.,130.98,fashion,Saint Petersburg,1391,1,4,True,0,5,False,False,False,1.0915,0
listing_003239,user_01119,Used city bike,Available for inspection before purchase.,6324.1,vehicles,Moscow,1034,1,7,True,0,4,False,False,False,0.744,0
listing_003240,user_00795,Gaming laptop with warranty,Available for inspection before purchase.,886.54,electronics,Sochi,48,0,2,True,0,2,False,False,False,0.985,0
listing_003241,user_00505,New table prepay reserve,"Prepayment only, contact me in Telegram.",226.71,furniture,Kazan,12,4,17,False,0,0,True,True,True,0.5038,1
listing_003242,user_01114,Studio for long term rent,Available for inspection before purchase.,88476.33,real_estate,Sochi,183,1,3,True,1,6,False,False,False,1.1797,0
listing_003243,user_01175,Wooden desk in good condition,"Personal item, can meet in person and answer questions.",404.99,furniture,Moscow,961,2,7,True,0,3,False,False,False,0.9,0
listing_003244,user_01164,Dining table with chairs,"Used carefully, normal sale, local pickup is possible.",569.16,furniture,Saint Petersburg,1163,0,6,True,1,2,False,False,False,1.2648,0
listing_003245,user_00459,Used iPhone 13 in good condition,"Personal item, can meet in person and answer questions.",867.79,electronics,Sochi,557,1,2,False,0,2,False,False,False,0.9642,0
listing_003246,user_00165,Leather shoes size 42,"Personal item, can meet in person and answer questions.",153.32,fashion,Kazan,1177,1,2,True,0,3,False,False,False,1.2777,0
listing_003247,user_01274,Wooden desk in good condition,"Used carefully, normal sale, local pickup is possible.",426.21,furniture,Novosibirsk,1041,2,7,False,0,3,False,False,False,0.9471,0
listing_003248,user_00774,Washer cheap Telegram,"Delivery after deposit, no calls, messenger only.",429.18,home_appliances,Kazan,2,6,18,True,2,1,True,True,True,0.6603,1
listing_003249,user_00246,Leather shoes size 42,Available for inspection before purchase.,119.1,fashion,Saint Petersburg,179,0,5,True,0,3,False,False,False,0.9925,0
listing_003250,user_00275,Toyota Corolla 2016 clean documents,"Used carefully, normal sale, local pickup is possible.",7809.3,vehicles,Novosibirsk,609,2,2,False,1,5,False,False,False,0.9187,0
listing_003251,user_01291,Leather shoes size 42,"Personal item, can meet in person and answer questions.",99.21,fashion,Novosibirsk,94,1,2,True,0,3,False,False,False,0.8267,0
listing_003252,user_00065,Used iPhone 13 in good condition,"Used carefully, normal sale, local pickup is possible.",944.1,electronics,Saint Petersburg,1231,2,6,False,0,2,False,False,False,1.049,0
listing_003253,user_00283,Designer sofa very cheap urgent,"Urgent sale today, write outside the platform.",302.51,furniture,Sochi,13,3,21,False,1,1,False,True,True,0.6722,1
listing_003254,user_01547,Gaming laptop with warranty,Available for inspection before purchase.,1015.26,electronics,Kazan,498,0,1,True,0,4,False,False,False,1.1281,0
listing_003255,user_01558,Rent urgent contact Telegram,"Prepayment only, contact me in Telegram.",44790.87,real_estate,Novosibirsk,15,4,13,False,0,0,True,True,True,0.5972,1
listing_003256,user_01230,Used city bike,"Used carefully, normal sale, local pickup is possible.",9121.13,vehicles,Novosibirsk,946,0,4,True,0,6,False,False,False,1.0731,0
listing_003257,user_01246,Luxury jacket original cheap,"Prepayment only, contact me in Telegram.",53.43,fashion,Novosibirsk,2,2,16,False,2,1,True,True,True,0.4452,1
listing_003258,user_00085,MacBook sealed prepayment only,"Urgent sale today, write outside the platform.",565.28,electronics,Saint Petersburg,5,8,19,False,0,2,False,True,True,0.6281,1
listing_003259,user_01444,Toyota Corolla 2016 clean documents,Available for inspection before purchase.,7964.85,vehicles,Saint Petersburg,1403,0,4,True,0,6,False,False,False,0.937,0
listing_003260,user_00817,Leather shoes size 42,"Prepayment only, contact me in Telegram.",133.23,fashion,Moscow,1294,1,2,False,1,5,True,True,True,1.1102,1
listing_003261,user_00125,Car urgent sale no questions,"Prepayment only, contact me in Telegram.",2502.87,vehicles,Saint Petersburg,0,5,17,False,0,1,True,True,True,0.2945,1
listing_003262,user_01610,Toyota Corolla 2016 clean documents,Available for inspection before purchase.,7891.98,vehicles,Saint Petersburg,592,2,6,True,1,6,False,False,False,0.9285,0
listing_003263,user_00983,Studio for long term rent,"Personal item, can meet in person and answer questions.",62072.21,real_estate,Saint Petersburg,1413,5,7,True,0,3,False,False,False,0.8276,0
listing_003264,user_01200,Car urgent sale no questions,"Prepayment only, contact me in Telegram.",5053.93,vehicles,Saint Petersburg,10,8,23,False,2,1,True,True,True,0.5946,1
listing_003265,user_00821,Washing machine works well,Available for inspection before purchase.,781.55,home_appliances,Kazan,508,0,2,False,0,4,False,False,False,1.2024,0
listing_003266,user_01547,Sneakers limited urgent,"Delivery after deposit, no calls, messenger only.",32.68,fashion,Moscow,12,9,13,False,1,2,False,True,True,0.2723,1
listing_003267,user_01226,Used iPhone 13 in good condition,"Used carefully, normal sale, local pickup is possible.",723.3,electronics,Moscow,337,2,5,True,0,6,False,False,False,0.8037,0
listing_003268,user_01721,Used city bike,"Personal item, can meet in person and answer questions.",9840.43,vehicles,Kazan,1287,0,4,True,1,6,False,False,False,1.1577,0
listing_003269,user_01488,Gaming laptop with warranty,"Used carefully, normal sale, local pickup is possible.",1025.36,electronics,Saint Petersburg,371,0,2,False,0,6,False,False,False,1.1393,0
listing_003270,user_01713,Studio for long term rent,Available for inspection before purchase.,88589.5,real_estate,Sochi,279,2,5,True,0,2,False,False,False,1.1812,0
listing_003271,user_01793,Apartment below market prepayment,"Delivery after deposit, no calls, messenger only.",55309.36,real_estate,Moscow,15,5,13,False,1,1,False,True,True,0.7375,1
listing_003272,user_00941,Toyota Corolla 2016 clean documents,"Personal item, can meet in person and answer questions.",8194.92,vehicles,Moscow,1402,0,3,True,0,5,False,False,False,0.9641,0
listing_003273,user_01151,Dining table with chairs,"Used carefully, normal sale, local pickup is possible.",591.65,furniture,Sochi,147,1,4,True,1,6,False,False,False,1.3148,0
listing_003274,user_00865,Studio for long term rent,"Used carefully, normal sale, local pickup is possible.",86979.32,real_estate,Kazan,1380,1,4,False,0,5,False,False,False,1.1597,0
listing_003275,user_01543,Leather shoes size 42,"Used carefully, normal sale, local pickup is possible.",85.38,fashion,Saint Petersburg,1098,0,4,True,0,4,False,False,False,0.7115,0
listing_003276,user_01350,Used city bike,Available for inspection before purchase.,6642.22,vehicles,Novosibirsk,1409,1,5,True,0,2,False,False,False,0.7814,0
listing_003277,user_00127,Rent urgent contact Telegram,"Prepayment only, contact me in Telegram.",42730.67,real_estate,Saint Petersburg,0,4,16,False,1,2,True,True,True,0.5697,1
listing_003278,user_01366,One bedroom apartment near metro,"Used carefully, normal sale, local pickup is possible.",88008.0,real_estate,Saint Petersburg,396,1,5,False,0,3,False,False,False,1.1734,0
listing_003279,user_00204,New table prepay reserve,"Delivery after deposit, no calls, messenger only.",175.09,furniture,Novosibirsk,7,6,25,False,2,2,False,True,True,0.3891,1
listing_003280,user_00182,Sneakers limited urgent,"Delivery after deposit, no calls, messenger only.",52.06,fashion,Novosibirsk,6,4,10,True,1,0,False,True,True,0.4338,1
listing_003281,user_01346,Used iPhone 13 in good condition,"Personal item, can meet in person and answer questions.",788.52,electronics,Kazan,1300,1,4,True,0,4,False,False,False,0.8761,0
listing_003282,user_01200,Washer cheap Telegram,"Delivery after deposit, no calls, messenger only.",305.14,home_appliances,Moscow,5,6,26,False,1,0,True,True,True,0.4694,1
listing_003283,user_01261,Used iPhone 13 in good condition,"Personal item, can meet in person and answer questions.",712.91,electronics,Novosibirsk,1464,1,6,False,1,6,False,False,False,0.7921,0
listing_003284,user_00862,Winter jacket lightly used,"Used carefully, normal sale, local pickup is possible.",150.55,fashion,Saint Petersburg,633,0,3,False,0,4,False,False,False,1.2546,0
listing_003285,user_00589,Washer cheap Telegram,"Urgent sale today, write outside the platform.",403.76,home_appliances,Novosibirsk,5,7,20,False,0,1,True,True,True,0.6212,1
listing_003286,user_00143,Used iPhone 13 in good condition,"Used carefully, normal sale, local pickup is possible.",1225.46,electronics,Kazan,95,3,6,True,0,3,False,False,False,1.3616,0
listing_003287,user_00410,Leather shoes size 42,Available for inspection before purchase.,166.76,fashion,Saint Petersburg,156,0,3,True,1,3,False,False,False,1.3897,0
listing_003288,user_01011,Used city bike,Available for inspection before purchase.,11512.36,vehicles,Novosibirsk,1121,2,4,True,0,5,False,False,False,1.3544,0
listing_003289,user_01162,One bedroom apartment near metro,"Personal item, can meet in person and answer questions.",86449.31,real_estate,Moscow,1336,3,6,True,0,5,False,False,False,1.1527,0
listing_003290,user_01390,Luxury jacket original cheap,"Prepayment only, contact me in Telegram.",26.79,fashion,Moscow,16,6,14,False,0,1,True,True,True,0.2233,1
listing_003291,user_01503,Wooden desk in good condition,"Personal item, can meet in person and answer questions.",356.4,furniture,Sochi,1407,0,4,True,0,2,False,False,False,0.792,0
listing_003292,user_01620,MacBook sealed prepayment only,"Prepayment only, contact me in Telegram.",377.48,electronics,Kazan,10,6,16,False,3,0,True,True,True,0.4194,1
listing_003293,user_01407,Leather shoes size 42,Available for inspection before purchase.,143.91,fashion,Moscow,1323,3,6,True,0,2,False,False,False,1.1992,0
listing_003294,user_00593,Car urgent sale no questions,"Prepayment only, contact me in Telegram.",3404.12,vehicles,Kazan,11,3,14,False,2,0,True,True,True,0.4005,1
listing_003295,user_01775,Leather shoes size 42,"Personal item, can meet in person and answer questions.",171.96,fashion,Kazan,1359,0,5,True,0,6,False,False,False,1.433,0
listing_003296,user_00787,Wooden desk in good condition,Available for inspection before purchase.,583.36,furniture,Kazan,391,2,4,True,0,6,False,False,False,1.2964,0
listing_003297,user_00032,Designer sofa very cheap urgent,"Urgent sale today, write outside the platform.",290.18,furniture,Saint Petersburg,4,2,16,False,3,0,False,True,True,0.6448,1
listing_003298,user_01638,Used iPhone 13 in good condition,"Personal item, can meet in person and answer questions.",1136.86,electronics,Saint Petersburg,1221,0,4,True,0,3,False,False,False,1.2632,0
listing_003299,user_01329,Studio for long term rent,Available for inspection before purchase.,102579.97,real_estate,Moscow,347,1,2,True,0,4,False,False,False,1.3677,0
listing_003300,user_00563,Gaming laptop with warranty,"Used carefully, normal sale, local pickup is possible.",862.85,electronics,Sochi,829,1,5,True,0,4,False,False,False,0.9587,0
listing_003301,user_01495,Toyota Corolla 2016 clean documents,"Personal item, can meet in person and answer questions.",9859.06,vehicles,Saint Petersburg,1153,0,3,False,0,6,False,False,False,1.1599,0
listing_003302,user_01687,MacBook sealed prepayment only,"Delivery after deposit, no calls, messenger only.",426.14,electronics,Sochi,10,2,16,True,3,1,False,True,True,0.4735,1
listing_003303,user_01331,Used iPhone 13 in good condition,Available for inspection before purchase.,1124.53,electronics,Saint Petersburg,359,0,2,True,0,5,False,False,False,1.2495,0
listing_003304,user_00422,Microwave oven,"Used carefully, normal sale, local pickup is possible.",498.39,home_appliances,Sochi,1251,2,5,False,0,5,False,False,False,0.7668,0
listing_003305,user_01404,Rent urgent contact Telegram,"Prepayment only, contact me in Telegram.",23831.2,real_estate,Saint Petersburg,17,3,13,False,1,1,True,True,True,0.3177,1
listing_003306,user_01769,Winter jacket lightly used,Available for inspection before purchase.,113.84,fashion,Novosibirsk,1156,0,5,True,0,4,False,False,False,0.9487,0
listing_003307,user_01014,Wooden desk in good condition,"Used carefully, normal sale, local pickup is possible.",509.51,furniture,Sochi,340,2,4,True,0,4,False,False,False,1.1322,0
listing_003308,user_01098,Gaming laptop with warranty,"Personal item, can meet in person and answer questions.",1122.91,electronics,Moscow,177,2,4,False,0,3,False,False,False,1.2477,0
listing_003309,user_01499,Gaming laptop with warranty,Available for inspection before purchase.,817.68,electronics,Kazan,372,0,2,True,0,6,False,False,False,0.9085,0
listing_003310,user_00417,Dining table with chairs,"Personal item, can meet in person and answer questions.",382.64,furniture,Novosibirsk,829,0,2,True,0,6,False,False,False,0.8503,0
listing_003311,user_00395,Studio for long term rent,"Personal item, can meet in person and answer questions.",77279.08,real_estate,Kazan,734,1,4,True,0,6,False,False,False,1.0304,0
listing_003312,user_00168,Washing machine works well,"Personal item, can meet in person and answer questions.",554.86,home_appliances,Moscow,389,0,4,True,1,4,False,False,False,0.8536,0
listing_003313,user_01611,Microwave oven,"Used carefully, normal sale, local pickup is possible.",636.47,home_appliances,Novosibirsk,1297,0,6,True,0,3,False,False,False,0.9792,0
listing_003314,user_01009,Designer sofa very cheap urgent,"Delivery after deposit, no calls, messenger only.",93.59,furniture,Kazan,5,7,19,False,0,2,False,True,True,0.208,1
listing_003315,user_01766,Car urgent sale no questions,"Urgent sale today, write outside the platform.",6461.23,vehicles,Sochi,18,4,11,True,0,2,False,True,True,0.7601,0
listing_003316,user_00432,Used city bike,Available for inspection before purchase.,8496.69,vehicles,Moscow,428,0,2,True,0,4,False,False,False,0.9996,0
listing_003317,user_01448,Scooter cheap today only,"Urgent sale today, write outside the platform.",3241.77,vehicles,Saint Petersburg,18,3,13,False,3,2,False,True,True,0.3814,1
listing_003318,user_01391,Microwave oven,Available for inspection before purchase.,781.32,home_appliances,Sochi,1034,1,5,False,0,3,False,False,False,1.202,0
listing_003319,user_01273,Car urgent sale no questions,"Delivery after deposit, no calls, messenger only.",4057.88,vehicles,Saint Petersburg,1,9,15,False,1,0,False,True,True,0.4774,1
listing_003320,user_01074,Toyota Corolla 2016 clean documents,"Personal item, can meet in person and answer questions.",9168.42,vehicles,Kazan,75,1,5,True,0,2,False,False,False,1.0786,0
listing_003321,user_00828,Winter jacket lightly used,"Delivery after deposit, no calls, messenger only.",98.18,fashion,Novosibirsk,660,3,5,True,0,6,False,True,True,0.8182,0
listing_003322,user_00735,Microwave oven,"Urgent sale today, write outside the platform.",786.4,home_appliances,Saint Petersburg,625,0,3,True,0,2,False,True,True,1.2098,0
listing_003323,user_00400,Leather shoes size 42,"Used carefully, normal sale, local pickup is possible.",127.99,fashion,Kazan,784,0,5,True,0,5,False,False,False,1.0666,0
listing_003324,user_01050,Winter jacket lightly used,"Used carefully, normal sale, local pickup is possible.",99.83,fashion,Novosibirsk,479,1,3,True,1,6,False,False,False,0.8319,0
listing_003325,user_01429,Toyota Corolla 2016 clean documents,Available for inspection before purchase.,5256.23,vehicles,Kazan,1471,0,7,True,0,6,False,False,False,0.6184,0
listing_003326,user_01079,Microwave oven,"Personal item, can meet in person and answer questions.",839.07,home_appliances,Moscow,767,1,3,True,0,6,False,False,False,1.2909,0
listing_003327,user_00235,One bedroom apartment near metro,Available for inspection before purchase.,89315.74,real_estate,Sochi,1312,2,4,True,0,6,False,False,False,1.1909,0
listing_003328,user_00077,Used city bike,"Personal item, can meet in person and answer questions.",11173.25,vehicles,Kazan,960,0,4,False,0,2,False,False,False,1.3145,0
listing_003329,user_01751,Toyota Corolla 2016 clean documents,"Delivery after deposit, no calls, messenger only.",4681.7,vehicles,Novosibirsk,787,0,4,True,1,3,False,True,True,0.5508,0
listing_003330,user_00560,iPhone 15 Pro very cheap urgent,"Personal item, can meet in person and answer questions.",954.12,electronics,Kazan,103,1,6,True,0,6,False,True,False,1.0601,0
listing_003331,user_00975,Scooter cheap today only,"Urgent sale today, write outside the platform.",1805.79,vehicles,Moscow,1,9,22,True,0,0,False,True,True,0.2124,1
listing_003332,user_01239,Microwave oven,"Used carefully, normal sale, local pickup is possible.",515.78,home_appliances,Moscow,206,4,5,True,0,4,False,False,False,0.7935,0
listing_003333,user_01708,Used iPhone 13 in good condition,Available for inspection before purchase.,987.92,electronics,Saint Petersburg,805,1,4,True,0,6,False,False,False,1.0977,0
listing_003334,user_00216,One bedroom apartment near metro,Available for inspection before purchase.,97960.64,real_estate,Saint Petersburg,1024,0,3,False,0,2,False,False,False,1.3061,0
listing_003335,user_01593,Studio for long term rent,"Personal item, can meet in person and answer questions.",69959.17,real_estate,Moscow,975,0,3,False,1,6,False,False,False,0.9328,0
listing_003336,user_00138,Toyota Corolla 2016 clean documents,"Used carefully, normal sale, local pickup is possible.",6638.18,vehicles,Saint Petersburg,185,0,1,True,1,5,False,False,False,0.781,0
listing_003337,user_00803,Leather shoes size 42,"Used carefully, normal sale, local pickup is possible.",139.0,fashion,Saint Petersburg,676,1,4,False,0,5,False,False,False,1.1583,0
listing_003338,user_01485,One bedroom apartment near metro,"Used carefully, normal sale, local pickup is possible.",87837.3,real_estate,Sochi,279,2,5,False,0,4,False,False,False,1.1712,0
listing_003339,user_01008,New fridge half price urgent,"Delivery after deposit, no calls, messenger only.",308.51,home_appliances,Sochi,14,8,16,False,1,1,False,True,True,0.4746,1
listing_003340,user_00653,Leather shoes size 42,"Used carefully, normal sale, local pickup is possible.",102.99,fashion,Saint Petersburg,363,0,2,True,0,6,False,False,False,0.8582,0
listing_003341,user_00258,Used city bike,"Personal item, can meet in person and answer questions.",9265.47,vehicles,Kazan,1427,2,4,True,0,6,False,False,False,1.0901,0
listing_003342,user_00459,Washing machine works well,Available for inspection before purchase.,604.85,home_appliances,Novosibirsk,323,0,3,True,0,2,False,False,False,0.9305,0
listing_003343,user_00673,Studio for long term rent,Available for inspection before purchase.,82341.23,real_estate,Kazan,1099,0,3,True,0,5,False,False,False,1.0979,0
listing_003344,user_00620,Microwave oven,"Personal item, can meet in person and answer questions.",644.19,home_appliances,Moscow,928,1,2,True,1,4,False,False,False,0.9911,0
listing_003345,user_01676,Wooden desk in good condition,"Personal item, can meet in person and answer questions.",400.52,furniture,Kazan,813,1,4,False,0,6,False,False,False,0.89,0
listing_003346,user_00151,Apartment below market prepayment,"Delivery after deposit, no calls, messenger only.",47258.04,real_estate,Saint Petersburg,8,2,16,False,0,2,False,True,True,0.6301,0
listing_003347,user_01680,Winter jacket lightly used,Available for inspection before purchase.,132.87,fashion,Saint Petersburg,181,2,6,False,1,2,False,False,False,1.1073,0
listing_003348,user_00320,Gaming laptop with warranty,"Urgent sale today, write outside the platform.",1003.36,electronics,Moscow,1167,3,5,True,0,2,False,True,True,1.1148,0
listing_003349,user_00331,Leather shoes size 42,Available for inspection before purchase.,97.26,fashion,Saint Petersburg,1185,2,3,True,0,3,False,False,False,0.8105,0
listing_003350,user_00251,Scooter cheap today only,"Urgent sale today, write outside the platform.",2168.23,vehicles,Moscow,4,4,16,False,0,0,False,True,True,0.2551,1
listing_003351,user_00997,Dining table with chairs,"Used carefully, normal sale, local pickup is possible.",363.0,furniture,Saint Petersburg,291,1,6,True,1,2,False,False,False,0.8067,0
listing_003352,user_00027,Used city bike,"Personal item, can meet in person and answer questions.",10954.15,vehicles,Sochi,950,1,7,True,0,5,False,False,False,1.2887,0
listing_003353,user_00967,Gaming laptop with warranty,"Personal item, can meet in person and answer questions.",875.1,electronics,Moscow,1203,1,3,False,0,5,False,False,False,0.9723,0
listing_003354,user_01257,Leather shoes size 42,"Used carefully, normal sale, local pickup is possible.",148.65,fashion,Kazan,1329,1,5,True,0,6,False,False,False,1.2388,0
listing_003355,user_01327,Studio for long term rent,"Used carefully, normal sale, local pickup is possible.",69114.16,real_estate,Novosibirsk,268,1,1,True,0,6,False,False,False,0.9215,0
listing_003356,user_00549,Designer sofa very cheap urgent,"Urgent sale today, write outside the platform.",140.59,furniture,Novosibirsk,2,4,18,False,0,1,False,True,True,0.3124,1
listing_003357,user_01205,New fridge half price urgent,"Urgent sale today, write outside the platform.",118.19,home_appliances,Kazan,3,5,17,False,3,0,False,True,True,0.1818,1
listing_003358,user_01701,Washing machine works well,"Personal item, can meet in person and answer questions.",601.05,home_appliances,Novosibirsk,1473,1,5,True,0,5,False,False,False,0.9247,0
listing_003359,user_01302,Used iPhone 13 in good condition,"Urgent sale today, write outside the platform.",1297.83,electronics,Novosibirsk,80,0,2,False,0,5,False,True,True,1.442,0
listing_003360,user_00325,Leather shoes size 42,"Personal item, can meet in person and answer questions.",146.36,fashion,Novosibirsk,1051,0,2,True,0,5,False,False,False,1.2197,0
listing_003361,user_00791,Winter jacket lightly used,Available for inspection before purchase.,119.67,fashion,Moscow,477,1,5,True,1,2,False,False,False,0.9972,0
listing_003362,user_01653,Wooden desk in good condition,"Personal item, can meet in person and answer questions.",514.68,furniture,Novosibirsk,466,0,4,False,0,5,False,False,False,1.1437,0
listing_003363,user_01266,Washing machine works well,"Used carefully, normal sale, local pickup is possible.",563.59,home_appliances,Kazan,562,0,2,False,0,2,False,False,False,0.8671,0
listing_003364,user_01382,One bedroom apartment near metro,"Used carefully, normal sale, local pickup is possible.",45635.76,real_estate,Saint Petersburg,1462,0,4,True,0,2,False,False,False,0.6085,0
listing_003365,user_01760,Used city bike,"Personal item, can meet in person and answer questions.",9202.24,vehicles,Sochi,746,1,3,True,0,4,False,False,False,1.0826,0
listing_003366,user_00361,New fridge half price urgent,"Delivery after deposit, no calls, messenger only.",299.34,home_appliances,Saint Petersburg,6,6,21,False,3,2,False,True,True,0.4605,1
listing_003367,user_00657,Wooden desk in good condition,"Used carefully, normal sale, local pickup is possible.",470.8,furniture,Moscow,1485,1,5,True,0,4,False,False,False,1.0462,0
listing_003368,user_00831,Wooden desk in good condition,Available for inspection before purchase.,500.95,furniture,Sochi,691,1,8,True,0,3,False,False,False,1.1132,0
listing_003369,user_00176,Wooden desk in good condition,Available for inspection before purchase.,486.81,furniture,Novosibirsk,893,2,3,True,0,4,False,False,False,1.0818,0
listing_003370,user_00959,Sneakers limited urgent,"Personal item, can meet in person and answer questions.",148.51,fashion,Kazan,1258,1,4,True,0,6,False,True,False,1.2376,0
listing_003371,user_00078,Rent urgent contact Telegram,"Urgent sale today, write outside the platform.",33234.87,real_estate,Sochi,20,3,19,False,3,1,True,True,True,0.4431,1
listing_003372,user_01771,Winter jacket lightly used,Available for inspection before purchase.,108.86,fashion,Sochi,1124,2,3,True,0,4,False,False,False,0.9072,0
listing_003373,user_00512,MacBook sealed prepayment only,"Urgent sale today, write outside the platform.",537.97,electronics,Moscow,3,3,14,False,1,1,False,True,True,0.5977,1
listing_003374,user_00649,Sneakers limited urgent,"Prepayment only, contact me in Telegram.",23.25,fashion,Saint Petersburg,19,8,18,False,0,0,True,True,True,0.1938,1
listing_003375,user_01371,Car urgent sale no questions,"Prepayment only, contact me in Telegram.",2839.5,vehicles,Novosibirsk,16,7,21,True,1,0,True,True,True,0.3341,1
listing_003376,user_01481,One bedroom apartment near metro,"Delivery after deposit, no calls, messenger only.",97372.27,real_estate,Novosibirsk,71,0,3,True,1,4,False,True,True,1.2983,0
listing_003377,user_01328,Washing machine works well,"Personal item, can meet in person and answer questions.",394.92,home_appliances,Moscow,1379,2,5,True,0,5,False,False,False,0.6076,0
listing_003378,user_01292,Sneakers limited urgent,"Prepayment only, contact me in Telegram.",61.41,fashion,Moscow,18,6,22,True,2,1,True,True,True,0.5117,1
listing_003379,user_00859,New fridge half price urgent,"Delivery after deposit, no calls, messenger only.",415.34,home_appliances,Novosibirsk,12,4,16,False,0,2,False,True,True,0.639,0
listing_003380,user_01209,iPhone 15 Pro very cheap urgent,"Prepayment only, contact me in Telegram.",261.8,electronics,Kazan,11,8,16,False,1,1,True,True,True,0.2909,1
listing_003381,user_00381,New fridge half price urgent,"Prepayment only, contact me in Telegram.",388.37,home_appliances,Sochi,10,8,15,False,4,1,True,True,True,0.5975,1
listing_003382,user_01329,Gaming laptop with warranty,Available for inspection before purchase.,1173.86,electronics,Saint Petersburg,1164,1,3,False,0,5,False,False,False,1.3043,0
listing_003383,user_00202,Winter jacket lightly used,Available for inspection before purchase.,95.99,fashion,Moscow,817,1,4,False,0,6,False,False,False,0.7999,0
listing_003384,user_00275,iPhone 15 Pro very cheap urgent,"Delivery after deposit, no calls, messenger only.",521.99,electronics,Sochi,3,2,14,False,2,1,False,True,True,0.58,1
listing_003385,user_00735,New table prepay reserve,"Delivery after deposit, no calls, messenger only.",258.64,furniture,Sochi,9,7,18,False,1,1,False,True,True,0.5748,1
listing_003386,user_01151,Used city bike,"Used carefully, normal sale, local pickup is possible.",9098.19,vehicles,Novosibirsk,1082,1,3,True,0,5,False,False,False,1.0704,0
listing_003387,user_00811,Used iPhone 13 in good condition,"Personal item, can meet in person and answer questions.",1017.26,electronics,Saint Petersburg,755,2,4,True,0,6,False,False,False,1.1303,0
listing_003388,user_01318,Washing machine works well,Available for inspection before purchase.,749.7,home_appliances,Kazan,885,2,2,True,0,4,False,False,False,1.1534,0
listing_003389,user_00648,One bedroom apartment near metro,"Used carefully, normal sale, local pickup is possible.",62156.23,real_estate,Sochi,996,1,4,True,1,6,False,False,False,0.8287,0
listing_003390,user_01050,New table prepay reserve,"Delivery after deposit, no calls, messenger only.",89.55,furniture,Kazan,15,5,26,False,4,1,False,True,True,0.199,1
listing_003391,user_01113,Leather shoes size 42,"Urgent sale today, write outside the platform.",95.0,fashion,Sochi,294,0,5,True,1,4,False,True,True,0.7917,0
listing_003392,user_01799,Used iPhone 13 in good condition,"Used carefully, normal sale, local pickup is possible.",1183.36,electronics,Saint Petersburg,1152,0,3,True,0,2,False,False,False,1.3148,0
listing_003393,user_00797,Toyota Corolla 2016 clean documents,"Personal item, can meet in person and answer questions.",8646.65,vehicles,Saint Petersburg,1281,2,7,True,1,5,False,False,False,1.0173,0
listing_003394,user_00752,New table prepay reserve,"Urgent sale today, write outside the platform.",325.87,furniture,Novosibirsk,10,1,16,False,2,0,False,True,True,0.7242,1
listing_003395,user_01502,Car urgent sale no questions,"Urgent sale today, write outside the platform.",3885.04,vehicles,Saint Petersburg,4,6,20,False,3,1,False,True,True,0.4571,1
listing_003396,user_01694,New table prepay reserve,"Used carefully, normal sale, local pickup is possible.",482.51,furniture,Kazan,1100,1,2,False,0,3,False,False,False,1.0722,0
listing_003397,user_00677,Luxury jacket original cheap,"Prepayment only, contact me in Telegram.",64.45,fashion,Moscow,15,5,17,False,1,1,True,True,True,0.5371,1
listing_003398,user_01233,Designer sofa very cheap urgent,"Urgent sale today, write outside the platform.",233.32,furniture,Sochi,10,6,20,True,0,1,False,True,True,0.5185,1
listing_003399,user_01242,iPhone 15 Pro very cheap urgent,"Urgent sale today, write outside the platform.",224.98,electronics,Novosibirsk,4,3,15,False,4,0,False,True,True,0.25,1
listing_003400,user_01505,Used iPhone 13 in good condition,Available for inspection before purchase.,1026.42,electronics,Saint Petersburg,1070,2,7,True,0,6,False,False,False,1.1405,0
listing_003401,user_00727,Scooter cheap today only,"Urgent sale today, write outside the platform.",5768.19,vehicles,Moscow,3,1,14,False,3,1,False,True,True,0.6786,1
listing_003402,user_01014,Car urgent sale no questions,"Urgent sale today, write outside the platform.",3669.11,vehicles,Moscow,0,6,26,False,3,1,False,True,True,0.4317,1
listing_003403,user_01279,Rent urgent contact Telegram,"Personal item, can meet in person and answer questions.",76887.29,real_estate,Novosibirsk,396,1,3,True,0,3,True,True,True,1.0252,0
listing_003404,user_01769,Gaming laptop with warranty,Available for inspection before purchase.,927.21,electronics,Saint Petersburg,891,3,8,True,0,2,False,False,False,1.0302,0
listing_003405,user_00702,New fridge half price urgent,"Urgent sale today, write outside the platform.",206.3,home_appliances,Novosibirsk,19,4,17,False,0,1,False,True,True,0.3174,1
listing_003406,user_01622,Used iPhone 13 in good condition,"Personal item, can meet in person and answer questions.",936.12,electronics,Moscow,1196,1,9,False,0,4,False,False,False,1.0401,0
listing_003407,user_01232,Dining table with chairs,"Personal item, can meet in person and answer questions.",579.62,furniture,Moscow,1175,1,2,True,0,4,False,False,False,1.288,0
listing_003408,user_00117,Gaming laptop with warranty,"Personal item, can meet in person and answer questions.",768.53,electronics,Sochi,737,3,7,False,0,6,False,False,False,0.8539,0
listing_003409,user_01156,Studio for long term rent,"Used carefully, normal sale, local pickup is possible.",105466.44,real_estate,Kazan,1195,1,3,True,0,5,False,False,False,1.4062,0
listing_003410,user_00421,Gaming laptop with warranty,"Used carefully, normal sale, local pickup is possible.",1132.91,electronics,Moscow,1308,4,8,True,1,3,False,False,False,1.2588,0
listing_003411,user_00216,Used city bike,"Used carefully, normal sale, local pickup is possible.",6762.99,vehicles,Novosibirsk,572,0,4,True,1,4,False,False,False,0.7956,0
listing_003412,user_00660,One bedroom apartment near metro,"Personal item, can meet in person and answer questions.",69809.73,real_estate,Moscow,156,3,4,True,1,4,False,False,False,0.9308,0
listing_003413,user_01555,iPhone 15 Pro very cheap urgent,"Urgent sale today, write outside the platform.",377.25,electronics,Novosibirsk,16,4,16,False,0,0,False,True,True,0.4192,1
listing_003414,user_00303,Wooden desk in good condition,"Personal item, can meet in person and answer questions.",473.96,furniture,Sochi,327,1,5,True,0,6,False,False,False,1.0532,0
listing_003415,user_01352,One bedroom apartment near metro,Available for inspection before purchase.,100618.45,real_estate,Novosibirsk,1049,0,3,True,0,3,False,False,False,1.3416,0
listing_003416,user_01365,Scooter cheap today only,"Delivery after deposit, no calls, messenger only.",7694.69,vehicles,Kazan,224,1,5,False,0,6,False,True,True,0.9053,0
listing_003417,user_00783,Used city bike,"Used carefully, normal sale, local pickup is possible.",7126.32,vehicles,Kazan,708,0,6,True,0,2,False,False,False,0.8384,0
listing_003418,user_01048,Wooden desk in good condition,"Used carefully, normal sale, local pickup is possible.",502.98,furniture,Saint Petersburg,799,0,0,True,1,2,False,False,False,1.1177,0
listing_003419,user_00248,iPhone 15 Pro very cheap urgent,"Urgent sale today, write outside the platform.",328.95,electronics,Kazan,20,5,16,False,1,0,False,True,True,0.3655,1
listing_003420,user_00594,Wooden desk in good condition,"Personal item, can meet in person and answer questions.",571.8,furniture,Moscow,1427,1,3,True,0,3,False,False,False,1.2707,0
listing_003421,user_00102,Leather shoes size 42,"Used carefully, normal sale, local pickup is possible.",133.93,fashion,Kazan,1032,1,4,True,0,3,False,False,False,1.1161,0
listing_003422,user_00948,Winter jacket lightly used,"Used carefully, normal sale, local pickup is possible.",125.64,fashion,Saint Petersburg,523,1,5,True,1,6,False,False,False,1.047,0
listing_003423,user_01383,Scooter cheap today only,"Urgent sale today, write outside the platform.",5978.16,vehicles,Moscow,0,6,16,False,2,1,False,True,True,0.7033,1
listing_003424,user_01033,Designer sofa very cheap urgent,Available for inspection before purchase.,476.78,furniture,Kazan,1209,1,2,True,0,4,False,True,False,1.0595,0
listing_003425,user_00032,Leather shoes size 42,"Used carefully, normal sale, local pickup is possible.",151.18,fashion,Novosibirsk,1270,0,1,False,1,5,False,False,False,1.2598,0
listing_003426,user_01483,New fridge half price urgent,"Personal item, can meet in person and answer questions.",729.6,home_appliances,Saint Petersburg,1448,1,4,True,0,3,False,True,False,1.1225,0
listing_003427,user_01188,Washer cheap Telegram,"Prepayment only, contact me in Telegram.",229.18,home_appliances,Sochi,9,2,20,False,2,2,True,True,True,0.3526,1
listing_003428,user_01751,Leather shoes size 42,Available for inspection before purchase.,101.26,fashion,Moscow,1274,0,2,True,0,6,False,False,False,0.8438,0
listing_003429,user_00538,Luxury jacket original cheap,"Urgent sale today, write outside the platform.",46.92,fashion,Kazan,13,5,12,False,0,1,False,True,True,0.391,1
listing_003430,user_01761,Leather shoes size 42,Available for inspection before purchase.,115.52,fashion,Moscow,459,1,6,True,0,4,False,False,False,0.9627,0
listing_003431,user_00273,Washer cheap Telegram,"Delivery after deposit, no calls, messenger only.",206.06,home_appliances,Moscow,16,6,21,False,0,1,True,True,True,0.317,1
listing_003432,user_01153,Studio for long term rent,"Used carefully, normal sale, local pickup is possible.",69125.42,real_estate,Kazan,1004,4,8,True,0,5,False,False,False,0.9217,0
listing_003433,user_00511,Winter jacket lightly used,"Personal item, can meet in person and answer questions.",62.33,fashion,Sochi,1090,1,3,False,0,6,False,False,False,0.5194,0
listing_003434,user_00184,iPhone 15 Pro very cheap urgent,"Delivery after deposit, no calls, messenger only.",174.27,electronics,Kazan,9,6,19,False,0,2,False,True,True,0.1936,1
listing_003435,user_01380,Wooden desk in good condition,"Used carefully, normal sale, local pickup is possible.",483.53,furniture,Sochi,460,1,3,True,0,6,False,False,False,1.0745,0
listing_003436,user_00630,Rent urgent contact Telegram,"Delivery after deposit, no calls, messenger only.",16335.28,real_estate,Moscow,10,4,13,True,1,1,True,True,True,0.2178,1
listing_003437,user_00487,Apartment below market prepayment,"Urgent sale today, write outside the platform.",44375.82,real_estate,Novosibirsk,12,4,10,False,2,1,False,True,True,0.5917,0
listing_003438,user_01675,New table prepay reserve,"Used carefully, normal sale, local pickup is possible.",490.82,furniture,Saint Petersburg,1367,0,3,True,0,6,False,False,False,1.0907,0
listing_003439,user_01043,Wooden desk in good condition,"Personal item, can meet in person and answer questions.",368.19,furniture,Moscow,1182,0,7,True,1,4,False,False,False,0.8182,0
listing_003440,user_00133,Gaming laptop with warranty,"Used carefully, normal sale, local pickup is possible.",690.86,electronics,Kazan,1231,4,9,True,0,5,False,False,False,0.7676,0
listing_003441,user_01386,One bedroom apartment near metro,Available for inspection before purchase.,82730.49,real_estate,Kazan,1468,0,1,True,0,4,False,False,False,1.1031,0
listing_003442,user_00124,Used city bike,"Personal item, can meet in person and answer questions.",10915.96,vehicles,Novosibirsk,291,0,5,True,1,3,False,False,False,1.2842,0
listing_003443,user_00971,Microwave oven,Available for inspection before purchase.,692.4,home_appliances,Novosibirsk,1396,0,2,False,0,6,False,False,False,1.0652,0
listing_003444,user_01202,Winter jacket lightly used,Available for inspection before purchase.,98.07,fashion,Sochi,831,1,6,False,0,4,False,False,False,0.8172,0
listing_003445,user_00790,Gaming laptop with warranty,"Delivery after deposit, no calls, messenger only.",727.78,electronics,Sochi,1006,1,7,True,0,3,False,True,True,0.8086,0
listing_003446,user_01732,MacBook sealed prepayment only,"Prepayment only, contact me in Telegram.",586.54,electronics,Moscow,17,5,17,False,2,2,True,True,True,0.6517,1
listing_003447,user_01127,Wooden desk in good condition,"Used carefully, normal sale, local pickup is possible.",444.25,furniture,Sochi,1345,0,2,True,0,2,False,False,False,0.9872,0
listing_003448,user_01748,Gaming laptop with warranty,"Used carefully, normal sale, local pickup is possible.",768.05,electronics,Moscow,172,1,5,True,0,4,False,False,False,0.8534,0
listing_003449,user_00956,MacBook sealed prepayment only,"Prepayment only, contact me in Telegram.",309.81,electronics,Kazan,4,2,14,False,1,2,True,True,True,0.3442,1
listing_003450,user_00109,MacBook sealed prepayment only,"Delivery after deposit, no calls, messenger only.",313.62,electronics,Novosibirsk,13,4,14,False,3,2,False,True,True,0.3485,1
listing_003451,user_00007,Toyota Corolla 2016 clean documents,"Personal item, can meet in person and answer questions.",10020.56,vehicles,Sochi,1202,1,3,True,0,4,False,False,False,1.1789,0
listing_003452,user_01659,Used city bike,Available for inspection before purchase.,10682.73,vehicles,Moscow,1259,1,7,True,0,4,False,False,False,1.2568,0
listing_003453,user_00387,Scooter cheap today only,"Urgent sale today, write outside the platform.",1910.97,vehicles,Saint Petersburg,15,7,16,False,0,0,False,True,True,0.2248,1
listing_003454,user_00367,Washing machine works well,"Used carefully, normal sale, local pickup is possible.",662.5,home_appliances,Kazan,1106,0,5,True,0,4,False,False,False,1.0192,0
listing_003455,user_00053,One bedroom apartment near metro,"Used carefully, normal sale, local pickup is possible.",60848.36,real_estate,Moscow,869,0,4,True,0,5,False,False,False,0.8113,0
listing_003456,user_01633,Microwave oven,"Used carefully, normal sale, local pickup is possible.",710.38,home_appliances,Moscow,1264,0,1,True,0,3,False,False,False,1.0929,0
listing_003457,user_00556,Car urgent sale no questions,"Used carefully, normal sale, local pickup is possible.",8257.93,vehicles,Sochi,941,0,2,True,0,4,False,True,False,0.9715,0
listing_003458,user_00945,Wooden desk in good condition,"Used carefully, normal sale, local pickup is possible.",407.28,furniture,Saint Petersburg,581,0,4,True,0,2,False,False,False,0.9051,0
listing_003459,user_01313,Winter jacket lightly used,"Urgent sale today, write outside the platform.",119.47,fashion,Sochi,1134,0,2,True,0,5,False,True,True,0.9956,0
listing_003460,user_01050,One bedroom apartment near metro,"Used carefully, normal sale, local pickup is possible.",69416.81,real_estate,Novosibirsk,1491,0,5,True,0,2,False,False,False,0.9256,0
listing_003461,user_01578,Dining table with chairs,"Personal item, can meet in person and answer questions.",438.86,furniture,Saint Petersburg,847,2,8,False,1,4,False,False,False,0.9752,0
listing_003462,user_00051,Car urgent sale no questions,"Urgent sale today, write outside the platform.",3158.86,vehicles,Kazan,20,5,20,False,2,1,False,True,True,0.3716,1
listing_003463,user_00588,Used iPhone 13 in good condition,Available for inspection before purchase.,972.64,electronics,Novosibirsk,1277,3,7,True,0,3,False,False,False,1.0807,0
listing_003464,user_01631,Winter jacket lightly used,"Used carefully, normal sale, local pickup is possible.",48.65,fashion,Kazan,76,3,9,True,0,5,False,False,False,0.4054,0
listing_003465,user_01043,Leather shoes size 42,"Personal item, can meet in person and answer questions.",113.21,fashion,Saint Petersburg,1158,0,1,True,1,4,False,False,False,0.9434,0
listing_003466,user_00078,New table prepay reserve,"Prepayment only, contact me in Telegram.",132.88,furniture,Kazan,4,6,14,False,2,0,True,True,True,0.2953,1
listing_003467,user_01745,Luxury jacket original cheap,Available for inspection before purchase.,142.39,fashion,Sochi,1459,2,6,True,0,6,False,False,False,1.1866,0
listing_003468,user_00927,New table prepay reserve,"Urgent sale today, write outside the platform.",126.85,furniture,Sochi,8,6,17,True,0,0,False,True,True,0.2819,1
listing_003469,user_00590,Used city bike,"Used carefully, normal sale, local pickup is possible.",7221.02,vehicles,Moscow,834,1,3,True,0,2,False,False,False,0.8495,0
listing_003470,user_00831,Microwave oven,"Urgent sale today, write outside the platform.",497.52,home_appliances,Kazan,1119,2,8,True,0,5,False,True,True,0.7654,0
listing_003471,user_00582,New fridge half price urgent,"Prepayment only, contact me in Telegram.",446.29,home_appliances,Moscow,18,2,22,False,0,0,True,True,True,0.6866,1
listing_003472,user_00425,Toyota Corolla 2016 clean documents,"Used carefully, normal sale, local pickup is possible.",9146.21,vehicles,Kazan,257,1,5,True,1,5,False,False,False,1.076,0
listing_003473,user_01176,Luxury jacket original cheap,"Delivery after deposit, no calls, messenger only.",69.46,fashion,Moscow,10,2,12,True,0,1,False,True,True,0.5788,1
listing_003474,user_00086,Dining table with chairs,"Personal item, can meet in person and answer questions.",604.94,furniture,Saint Petersburg,616,0,2,False,0,4,False,False,False,1.3443,0
listing_003475,user_00641,Toyota Corolla 2016 clean documents,"Personal item, can meet in person and answer questions.",9411.5,vehicles,Novosibirsk,190,0,4,True,1,3,False,False,False,1.1072,0
listing_003476,user_00828,Studio for long term rent,"Personal item, can meet in person and answer questions.",80310.52,real_estate,Kazan,892,2,4,True,1,6,False,False,False,1.0708,0
listing_003477,user_00654,Dining table with chairs,"Personal item, can meet in person and answer questions.",510.72,furniture,Saint Petersburg,208,4,7,True,1,3,False,False,False,1.1349,0
listing_003478,user_01289,Wooden desk in good condition,Available for inspection before purchase.,502.62,furniture,Kazan,1258,0,7,False,1,5,False,False,False,1.1169,0
listing_003479,user_00458,Dining table with chairs,"Used carefully, normal sale, local pickup is possible.",487.07,furniture,Kazan,1356,1,3,True,1,6,False,False,False,1.0824,0
listing_003480,user_00393,MacBook sealed prepayment only,"Delivery after deposit, no calls, messenger only.",299.81,electronics,Moscow,17,9,15,False,0,1,False,True,True,0.3331,1
listing_003481,user_01677,Microwave oven,"Personal item, can meet in person and answer questions.",586.05,home_appliances,Novosibirsk,876,3,4,True,1,3,False,False,False,0.9016,0
listing_003482,user_01482,Rent urgent contact Telegram,Available for inspection before purchase.,90045.25,real_estate,Novosibirsk,656,0,5,False,0,3,True,True,True,1.2006,0
listing_003483,user_00488,Winter jacket lightly used,"Personal item, can meet in person and answer questions.",58.41,fashion,Kazan,1323,0,3,True,1,5,False,False,False,0.4867,0
listing_003484,user_00317,Rent urgent contact Telegram,"Delivery after deposit, no calls, messenger only.",34602.15,real_estate,Novosibirsk,16,6,24,False,3,1,True,True,True,0.4614,1
listing_003485,user_00458,Dining table with chairs,"Used carefully, normal sale, local pickup is possible.",421.51,furniture,Saint Petersburg,937,0,1,True,1,6,False,False,False,0.9367,0
listing_003486,user_00117,Used city bike,Available for inspection before purchase.,9689.57,vehicles,Moscow,1397,0,3,True,1,5,False,False,False,1.1399,0
listing_003487,user_00095,Rent urgent contact Telegram,"Urgent sale today, write outside the platform.",47964.37,real_estate,Novosibirsk,8,7,20,False,0,2,True,True,True,0.6395,1
listing_003488,user_00695,Used city bike,"Urgent sale today, write outside the platform.",7926.45,vehicles,Saint Petersburg,867,3,6,False,0,2,False,True,True,0.9325,0
listing_003489,user_00351,Designer sofa very cheap urgent,"Prepayment only, contact me in Telegram.",177.53,furniture,Moscow,10,2,16,False,1,0,True,True,True,0.3945,1
listing_003490,user_00272,Luxury jacket original cheap,"Delivery after deposit, no calls, messenger only.",49.29,fashion,Moscow,20,7,19,False,1,1,False,True,True,0.4108,1
listing_003491,user_00444,Car urgent sale no questions,"Prepayment only, contact me in Telegram.",1941.27,vehicles,Saint Petersburg,7,6,21,True,1,1,True,True,True,0.2284,1
listing_003492,user_01034,Designer sofa very cheap urgent,"Delivery after deposit, no calls, messenger only.",248.78,furniture,Sochi,11,4,13,False,1,1,False,True,True,0.5528,1
listing_003493,user_01193,Dining table with chairs,Available for inspection before purchase.,625.6,furniture,Moscow,290,1,3,False,0,2,False,False,False,1.3902,0
listing_003494,user_00149,Microwave oven,Available for inspection before purchase.,600.34,home_appliances,Saint Petersburg,890,2,8,True,0,5,False,False,False,0.9236,0
listing_003495,user_01124,Studio for long term rent,Available for inspection before purchase.,77284.43,real_estate,Moscow,938,2,3,False,0,5,False,False,False,1.0305,0
listing_003496,user_01615,Apartment below market prepayment,"Urgent sale today, write outside the platform.",48427.48,real_estate,Saint Petersburg,1,5,18,False,0,0,False,True,True,0.6457,1
listing_003497,user_01325,Designer sofa very cheap urgent,"Prepayment only, contact me in Telegram.",339.67,furniture,Moscow,6,2,20,True,2,0,True,True,True,0.7548,1
listing_003498,user_01427,Sneakers limited urgent,"Delivery after deposit, no calls, messenger only.",52.2,fashion,Novosibirsk,17,5,19,False,2,0,False,True,True,0.435,1
listing_003499,user_01288,Luxury jacket original cheap,"Urgent sale today, write outside the platform.",27.74,fashion,Saint Petersburg,20,2,16,False,4,1,False,True,True,0.2312,1
listing_003500,user_00031,Gaming laptop with warranty,"Personal item, can meet in person and answer questions.",953.1,electronics,Novosibirsk,324,3,5,True,0,6,False,False,False,1.059,0
listing_003501,user_01790,MacBook sealed prepayment only,"Urgent sale today, write outside the platform.",315.53,electronics,Moscow,9,9,18,True,1,2,False,True,True,0.3506,1
listing_003502,user_00873,New fridge half price urgent,"Prepayment only, contact me in Telegram.",281.64,home_appliances,Kazan,6,7,20,False,0,0,True,True,True,0.4333,1
listing_003503,user_00900,Wooden desk in good condition,"Prepayment only, contact me in Telegram.",542.12,furniture,Kazan,1066,1,3,True,1,5,True,True,True,1.2047,0
listing_003504,user_01632,MacBook sealed prepayment only,"Prepayment only, contact me in Telegram.",410.7,electronics,Saint Petersburg,19,3,16,False,3,1,True,True,True,0.4563,1
listing_003505,user_01209,One bedroom apartment near metro,"Used carefully, normal sale, local pickup is possible.",91609.55,real_estate,Moscow,1016,0,5,True,0,2,False,False,False,1.2215,0
listing_003506,user_00855,Scooter cheap today only,"Urgent sale today, write outside the platform.",1748.37,vehicles,Saint Petersburg,12,7,19,False,1,1,False,True,True,0.2057,1
listing_003507,user_01443,Sneakers limited urgent,"Prepayment only, contact me in Telegram.",81.48,fashion,Kazan,19,5,15,False,3,0,True,True,True,0.679,1
listing_003508,user_00393,Apartment below market prepayment,"Delivery after deposit, no calls, messenger only.",22417.97,real_estate,Sochi,15,7,18,False,2,1,False,True,True,0.2989,1
listing_003509,user_00741,Leather shoes size 42,"Personal item, can meet in person and answer questions.",166.32,fashion,Sochi,1339,2,2,True,1,6,False,False,False,1.386,0
listing_003510,user_01328,Used city bike,Available for inspection before purchase.,8212.12,vehicles,Sochi,181,3,7,True,0,2,False,False,False,0.9661,0
listing_003511,user_01705,Toyota Corolla 2016 clean documents,"Personal item, can meet in person and answer questions.",8552.09,vehicles,Kazan,324,0,7,True,0,5,False,False,False,1.0061,0
listing_003512,user_01000,Used iPhone 13 in good condition,"Personal item, can meet in person and answer questions.",708.75,electronics,Sochi,371,3,5,True,1,5,False,False,False,0.7875,0
listing_003513,user_00039,Scooter cheap today only,"Delivery after deposit, no calls, messenger only.",2706.12,vehicles,Kazan,19,5,18,False,3,2,False,True,True,0.3184,1
listing_003514,user_01593,Gaming laptop with warranty,Available for inspection before purchase.,1064.94,electronics,Sochi,184,1,5,True,0,6,False,False,False,1.1833,0
listing_003515,user_00122,Leather shoes size 42,"Personal item, can meet in person and answer questions.",145.95,fashion,Sochi,954,2,10,True,0,4,False,False,False,1.2162,0
listing_003516,user_01400,Apartment below market prepayment,Available for inspection before purchase.,93255.53,real_estate,Saint Petersburg,352,2,8,False,0,3,False,False,False,1.2434,0
listing_003517,user_00385,Microwave oven,"Delivery after deposit, no calls, messenger only.",721.14,home_appliances,Moscow,51,2,5,True,0,3,False,True,True,1.1094,0
listing_003518,user_00522,Used iPhone 13 in good condition,"Urgent sale today, write outside the platform.",1227.35,electronics,Moscow,891,1,4,True,0,3,False,True,True,1.3637,0
listing_003519,user_00330,Leather shoes size 42,Available for inspection before purchase.,105.59,fashion,Novosibirsk,1056,1,7,False,0,6,False,False,False,0.8799,0
listing_003520,user_00146,Toyota Corolla 2016 clean documents,"Delivery after deposit, no calls, messenger only.",9799.79,vehicles,Kazan,1275,0,4,True,1,6,False,True,True,1.1529,0
listing_003521,user_00576,Gaming laptop with warranty,"Used carefully, normal sale, local pickup is possible.",1164.19,electronics,Sochi,428,0,1,True,1,2,False,False,False,1.2935,0
listing_003522,user_00703,Gaming laptop with warranty,Available for inspection before purchase.,652.45,electronics,Sochi,888,1,4,True,1,6,False,False,False,0.7249,0
listing_003523,user_00400,Washing machine works well,"Personal item, can meet in person and answer questions.",570.19,home_appliances,Novosibirsk,155,0,3,False,0,5,False,False,False,0.8772,0
listing_003524,user_01781,Studio for long term rent,Available for inspection before purchase.,79320.76,real_estate,Kazan,217,2,3,False,0,5,False,False,False,1.0576,0
listing_003525,user_00003,Used city bike,Available for inspection before purchase.,6863.12,vehicles,Novosibirsk,797,1,4,True,1,6,False,False,False,0.8074,0
listing_003526,user_01738,Gaming laptop with warranty,"Prepayment only, contact me in Telegram.",799.4,electronics,Novosibirsk,54,0,2,False,0,4,True,True,True,0.8882,0
listing_003527,user_01606,Wooden desk in good condition,"Personal item, can meet in person and answer questions.",363.86,furniture,Novosibirsk,650,1,3,False,0,4,False,False,False,0.8086,0
listing_003528,user_01723,Studio for long term rent,"Used carefully, normal sale, local pickup is possible.",64278.02,real_estate,Kazan,1216,0,2,True,0,3,False,False,False,0.857,0
listing_003529,user_01541,Gaming laptop with warranty,Available for inspection before purchase.,877.97,electronics,Moscow,831,3,7,True,0,2,False,False,False,0.9755,0
listing_003530,user_01731,Used city bike,"Personal item, can meet in person and answer questions.",11193.87,vehicles,Moscow,196,1,4,False,1,6,False,False,False,1.3169,0
listing_003531,user_00863,Dining table with chairs,Available for inspection before purchase.,549.8,furniture,Kazan,505,2,7,True,1,3,False,False,False,1.2218,0
listing_003532,user_00277,Microwave oven,Available for inspection before purchase.,610.78,home_appliances,Saint Petersburg,1175,2,5,True,0,3,False,False,False,0.9397,0
listing_003533,user_01796,Car urgent sale no questions,"Prepayment only, contact me in Telegram.",1762.19,vehicles,Kazan,9,4,21,False,0,1,True,True,True,0.2073,1
listing_003534,user_00051,Used iPhone 13 in good condition,"Used carefully, normal sale, local pickup is possible.",1087.89,electronics,Sochi,1360,2,4,True,0,4,False,False,False,1.2088,0
listing_003535,user_00069,Studio for long term rent,"Used carefully, normal sale, local pickup is possible.",81031.73,real_estate,Novosibirsk,708,2,5,True,0,5,False,False,False,1.0804,0
listing_003536,user_00697,Gaming laptop with warranty,"Personal item, can meet in person and answer questions.",1152.25,electronics,Saint Petersburg,1161,1,5,False,0,4,False,False,False,1.2803,0
listing_003537,user_00441,Sneakers limited urgent,"Delivery after deposit, no calls, messenger only.",40.66,fashion,Kazan,2,8,19,False,2,2,False,True,True,0.3388,1
listing_003538,user_00843,Studio for long term rent,"Used carefully, normal sale, local pickup is possible.",93896.88,real_estate,Sochi,844,0,2,False,0,4,False,False,False,1.252,0
listing_003539,user_00536,Dining table with chairs,"Used carefully, normal sale, local pickup is possible.",435.46,furniture,Moscow,803,3,7,True,0,6,False,False,False,0.9677,0
listing_003540,user_01453,Designer sofa very cheap urgent,"Urgent sale today, write outside the platform.",270.21,furniture,Kazan,10,5,19,True,3,2,False,True,True,0.6005,1
listing_003541,user_01360,One bedroom apartment near metro,Available for inspection before purchase.,92016.36,real_estate,Kazan,1305,1,4,True,0,3,False,False,False,1.2269,0
listing_003542,user_00436,Used iPhone 13 in good condition,"Personal item, can meet in person and answer questions.",829.52,electronics,Moscow,1096,0,5,True,0,3,False,False,False,0.9217,0
listing_003543,user_01512,Microwave oven,"Personal item, can meet in person and answer questions.",527.93,home_appliances,Moscow,385,2,4,True,0,5,False,False,False,0.8122,0
listing_003544,user_01061,Leather shoes size 42,"Used carefully, normal sale, local pickup is possible.",143.75,fashion,Sochi,137,2,6,True,1,4,False,False,False,1.1979,0
listing_003545,user_00797,One bedroom apartment near metro,Available for inspection before purchase.,64013.91,real_estate,Moscow,386,1,3,False,0,6,False,False,False,0.8535,0
listing_003546,user_00867,Rent urgent contact Telegram,"Prepayment only, contact me in Telegram.",41648.41,real_estate,Kazan,6,6,19,False,1,2,True,True,True,0.5553,1
listing_003547,user_01686,Used iPhone 13 in good condition,Available for inspection before purchase.,682.93,electronics,Saint Petersburg,548,1,4,True,0,3,False,False,False,0.7588,0
listing_003548,user_01515,Microwave oven,Available for inspection before purchase.,894.73,home_appliances,Novosibirsk,528,2,3,True,1,5,False,False,False,1.3765,0
listing_003549,user_00789,Used city bike,"Used carefully, normal sale, local pickup is possible.",10529.14,vehicles,Kazan,828,1,5,False,1,4,False,False,False,1.2387,0
listing_003550,user_01505,Designer sofa very cheap urgent,"Delivery after deposit, no calls, messenger only.",291.58,furniture,Kazan,5,1,11,False,0,1,False,True,True,0.648,1
listing_003551,user_00217,Leather shoes size 42,Available for inspection before purchase.,47.28,fashion,Novosibirsk,81,1,8,False,1,4,False,False,False,0.394,0
listing_003552,user_00477,Dining table with chairs,"Personal item, can meet in person and answer questions.",638.92,furniture,Moscow,437,1,1,False,0,6,False,False,False,1.4198,0
listing_003553,user_00600,Used iPhone 13 in good condition,"Used carefully, normal sale, local pickup is possible.",1104.87,electronics,Saint Petersburg,495,0,6,True,0,6,False,False,False,1.2276,0
listing_003554,user_00701,Wooden desk in good condition,"Used carefully, normal sale, local pickup is possible.",574.31,furniture,Sochi,1275,2,6,True,1,3,False,False,False,1.2762,0
listing_003555,user_00267,Winter jacket lightly used,"Personal item, can meet in person and answer questions.",124.9,fashion,Moscow,433,1,6,True,0,5,False,False,False,1.0408,0
listing_003556,user_01154,New table prepay reserve,"Prepayment only, contact me in Telegram.",293.37,furniture,Kazan,0,0,13,False,2,0,True,True,True,0.6519,1
listing_003557,user_00124,Washing machine works well,Available for inspection before purchase.,689.51,home_appliances,Novosibirsk,207,3,7,True,0,5,False,False,False,1.0608,0
listing_003558,user_00377,Washer cheap Telegram,"Delivery after deposit, no calls, messenger only.",319.81,home_appliances,Moscow,14,2,12,False,3,1,True,True,True,0.492,1
listing_003559,user_01743,Apartment below market prepayment,"Urgent sale today, write outside the platform.",46462.57,real_estate,Kazan,8,6,19,False,2,2,False,True,True,0.6195,1
listing_003560,user_01419,Wooden desk in good condition,"Used carefully, normal sale, local pickup is possible.",359.82,furniture,Moscow,130,0,2,True,0,6,False,False,False,0.7996,0
listing_003561,user_00705,Washer cheap Telegram,"Prepayment only, contact me in Telegram.",218.8,home_appliances,Moscow,8,5,21,False,2,2,True,True,True,0.3366,1
listing_003562,user_01662,New fridge half price urgent,"Used carefully, normal sale, local pickup is possible.",781.2,home_appliances,Sochi,75,2,7,True,0,5,False,True,False,1.2018,0
listing_003563,user_01737,One bedroom apartment near metro,"Used carefully, normal sale, local pickup is possible.",95124.63,real_estate,Sochi,948,4,6,True,1,6,False,False,False,1.2683,0
listing_003564,user_00161,Toyota Corolla 2016 clean documents,"Personal item, can meet in person and answer questions.",10191.9,vehicles,Kazan,1442,0,5,False,0,2,False,False,False,1.199,0
listing_003565,user_00305,Wooden desk in good condition,"Used carefully, normal sale, local pickup is possible.",491.47,furniture,Sochi,1208,0,2,True,0,3,False,False,False,1.0922,0
listing_003566,user_00136,Used city bike,"Used carefully, normal sale, local pickup is possible.",7806.37,vehicles,Moscow,730,3,6,True,0,5,False,False,False,0.9184,0
listing_003567,user_00642,Leather shoes size 42,"Personal item, can meet in person and answer questions.",89.29,fashion,Saint Petersburg,219,1,5,True,0,2,False,False,False,0.7441,0
listing_003568,user_00759,iPhone 15 Pro very cheap urgent,"Prepayment only, contact me in Telegram.",632.49,electronics,Saint Petersburg,13,5,19,False,1,1,True,True,True,0.7028,1
listing_003569,user_00570,New table prepay reserve,"Urgent sale today, write outside the platform.",279.29,furniture,Saint Petersburg,11,8,19,False,2,1,False,True,True,0.6206,1
listing_003570,user_00647,Toyota Corolla 2016 clean documents,"Prepayment only, contact me in Telegram.",10703.3,vehicles,Saint Petersburg,324,1,5,True,0,4,True,True,True,1.2592,0
listing_003571,user_00237,Dining table with chairs,"Personal item, can meet in person and answer questions.",427.73,furniture,Novosibirsk,961,1,3,True,1,3,False,False,False,0.9505,0
listing_003572,user_00465,Washing machine works well,"Personal item, can meet in person and answer questions.",795.0,home_appliances,Novosibirsk,941,0,4,True,1,5,False,False,False,1.2231,0
listing_003573,user_01787,New table prepay reserve,"Delivery after deposit, no calls, messenger only.",239.82,furniture,Kazan,7,2,16,False,3,2,False,True,True,0.5329,1
listing_003574,user_01527,Toyota Corolla 2016 clean documents,"Personal item, can meet in person and answer questions.",9980.03,vehicles,Novosibirsk,327,0,3,False,0,4,False,False,False,1.1741,0
listing_003575,user_00898,Gaming laptop with warranty,"Used carefully, normal sale, local pickup is possible.",874.07,electronics,Sochi,116,1,5,True,0,3,False,False,False,0.9712,0
listing_003576,user_00688,Scooter cheap today only,"Delivery after deposit, no calls, messenger only.",3184.78,vehicles,Kazan,11,2,17,True,1,1,False,True,True,0.3747,1
listing_003577,user_00535,Designer sofa very cheap urgent,"Delivery after deposit, no calls, messenger only.",133.44,furniture,Kazan,13,4,10,False,1,0,False,True,True,0.2965,1
listing_003578,user_01780,Studio for long term rent,"Personal item, can meet in person and answer questions.",66137.06,real_estate,Saint Petersburg,433,0,2,False,0,2,False,False,False,0.8818,0
listing_003579,user_00280,Washing machine works well,Available for inspection before purchase.,691.61,home_appliances,Novosibirsk,1463,1,4,True,0,5,False,False,False,1.064,0
listing_003580,user_00602,Wooden desk in good condition,"Used carefully, normal sale, local pickup is possible.",567.16,furniture,Saint Petersburg,598,0,1,True,0,3,False,False,False,1.2604,0
listing_003581,user_00684,Sneakers limited urgent,"Urgent sale today, write outside the platform.",64.86,fashion,Sochi,2,6,19,False,1,1,False,True,True,0.5405,1
listing_003582,user_00201,Gaming laptop with warranty,"Used carefully, normal sale, local pickup is possible.",782.17,electronics,Novosibirsk,1156,1,5,True,0,6,False,False,False,0.8691,0
listing_003583,user_01377,Sneakers limited urgent,"Urgent sale today, write outside the platform.",53.03,fashion,Kazan,19,5,14,False,1,0,False,True,True,0.4419,1
listing_003584,user_00866,Microwave oven,"Personal item, can meet in person and answer questions.",574.08,home_appliances,Saint Petersburg,588,0,2,True,0,2,False,False,False,0.8832,0
listing_003585,user_01543,Wooden desk in good condition,"Used carefully, normal sale, local pickup is possible.",432.64,furniture,Novosibirsk,1069,0,4,False,0,6,False,False,False,0.9614,0
listing_003586,user_01787,Gaming laptop with warranty,Available for inspection before purchase.,614.61,electronics,Moscow,274,1,6,True,0,5,False,False,False,0.6829,0
listing_003587,user_00397,MacBook sealed prepayment only,"Delivery after deposit, no calls, messenger only.",665.76,electronics,Saint Petersburg,10,3,14,False,1,2,False,True,True,0.7397,0
listing_003588,user_00527,Wooden desk in good condition,"Urgent sale today, write outside the platform.",346.71,furniture,Novosibirsk,146,0,0,True,0,4,False,True,True,0.7705,0
listing_003589,user_00818,Microwave oven,Available for inspection before purchase.,662.37,home_appliances,Kazan,1337,1,4,True,1,2,False,False,False,1.019,0
listing_003590,user_01635,Washing machine works well,Available for inspection before purchase.,741.05,home_appliances,Sochi,1241,2,5,True,1,2,False,False,False,1.1401,0
listing_003591,user_00793,Microwave oven,"Used carefully, normal sale, local pickup is possible.",719.08,home_appliances,Novosibirsk,336,0,1,True,0,6,False,False,False,1.1063,0
listing_003592,user_01234,Winter jacket lightly used,Available for inspection before purchase.,129.62,fashion,Kazan,1414,1,3,True,0,5,False,False,False,1.0802,0
listing_003593,user_00584,One bedroom apartment near metro,"Personal item, can meet in person and answer questions.",71074.43,real_estate,Novosibirsk,81,0,2,False,1,2,False,False,False,0.9477,0
listing_003594,user_01227,Used city bike,"Personal item, can meet in person and answer questions.",3119.25,vehicles,Kazan,1394,0,0,False,1,6,False,False,False,0.367,0
listing_003595,user_00767,Used iPhone 13 in good condition,"Personal item, can meet in person and answer questions.",1110.77,electronics,Kazan,845,3,4,True,0,2,False,False,False,1.2342,0
listing_003596,user_00895,Used city bike,Available for inspection before purchase.,10977.79,vehicles,Sochi,173,1,5,True,0,6,False,False,False,1.2915,0
listing_003597,user_00902,Gaming laptop with warranty,"Used carefully, normal sale, local pickup is possible.",990.91,electronics,Kazan,646,0,3,True,0,6,False,False,False,1.101,0
listing_003598,user_00729,Rent urgent contact Telegram,"Urgent sale today, write outside the platform.",18883.26,real_estate,Moscow,5,4,15,True,3,0,True,True,True,0.2518,1
listing_003599,user_00700,Studio for long term rent,"Used carefully, normal sale, local pickup is possible.",57423.71,real_estate,Novosibirsk,1400,1,2,False,0,3,False,False,False,0.7656,0
listing_003600,user_01286,Leather shoes size 42,"Used carefully, normal sale, local pickup is possible.",103.26,fashion,Moscow,41,3,4,True,0,5,False,False,False,0.8605,0
listing_003601,user_01652,Studio for long term rent,"Personal item, can meet in person and answer questions.",84788.76,real_estate,Saint Petersburg,671,0,4,True,0,6,False,False,False,1.1305,0
listing_003602,user_01301,Toyota Corolla 2016 clean documents,"Personal item, can meet in person and answer questions.",4942.9,vehicles,Sochi,558,1,3,False,0,2,False,False,False,0.5815,0
listing_003603,user_01228,iPhone 15 Pro very cheap urgent,"Prepayment only, contact me in Telegram.",225.3,electronics,Novosibirsk,15,3,8,False,1,2,True,True,True,0.2503,1
listing_003604,user_00793,Dining table with chairs,"Used carefully, normal sale, local pickup is possible.",553.86,furniture,Novosibirsk,291,2,5,True,0,5,False,False,False,1.2308,0
listing_003605,user_00404,Winter jacket lightly used,Available for inspection before purchase.,156.28,fashion,Novosibirsk,1051,1,1,True,1,4,False,False,False,1.3023,0
listing_003606,user_00907,Winter jacket lightly used,Available for inspection before purchase.,135.69,fashion,Saint Petersburg,936,0,1,False,0,3,False,False,False,1.1307,0
listing_003607,user_01099,Used city bike,Available for inspection before purchase.,7592.3,vehicles,Saint Petersburg,977,0,4,True,1,6,False,False,False,0.8932,0
listing_003608,user_00491,Washing machine works well,"Used carefully, normal sale, local pickup is possible.",651.65,home_appliances,Kazan,928,0,6,True,1,6,False,False,False,1.0025,0
listing_003609,user_01623,Luxury jacket original cheap,"Urgent sale today, write outside the platform.",88.31,fashion,Novosibirsk,19,3,18,False,3,1,False,True,True,0.7359,1
listing_003610,user_01769,MacBook sealed prepayment only,"Urgent sale today, write outside the platform.",611.94,electronics,Sochi,9,8,16,False,3,1,False,True,True,0.6799,1
listing_003611,user_00311,Washer cheap Telegram,Available for inspection before purchase.,518.39,home_appliances,Moscow,1146,0,1,True,0,6,True,False,True,0.7975,0
listing_003612,user_01378,Studio for long term rent,"Personal item, can meet in person and answer questions.",84708.82,real_estate,Sochi,1218,1,3,True,0,4,False,False,False,1.1295,0
listing_003613,user_00862,Wooden desk in good condition,"Used carefully, normal sale, local pickup is possible.",488.76,furniture,Sochi,186,2,4,False,0,6,False,False,False,1.0861,0
listing_003614,user_00777,Used city bike,"Used carefully, normal sale, local pickup is possible.",6577.38,vehicles,Saint Petersburg,938,0,5,True,1,2,False,False,False,0.7738,0
listing_003615,user_00188,Scooter cheap today only,"Delivery after deposit, no calls, messenger only.",1812.88,vehicles,Kazan,8,4,17,False,1,1,False,True,True,0.2133,1
listing_003616,user_00646,Studio for long term rent,"Personal item, can meet in person and answer questions.",99456.02,real_estate,Moscow,1011,0,1,True,0,6,False,False,False,1.3261,0
listing_003617,user_01694,Studio for long term rent,Available for inspection before purchase.,97759.47,real_estate,Saint Petersburg,266,0,4,True,0,4,False,False,False,1.3035,0
listing_003618,user_01124,Toyota Corolla 2016 clean documents,"Prepayment only, contact me in Telegram.",7925.68,vehicles,Moscow,676,1,4,True,1,5,True,True,True,0.9324,0
listing_003619,user_00702,Rent urgent contact Telegram,"Delivery after deposit, no calls, messenger only.",36237.61,real_estate,Moscow,5,9,24,False,2,1,True,True,True,0.4832,1
listing_003620,user_01748,Winter jacket lightly used,"Urgent sale today, write outside the platform.",120.2,fashion,Kazan,97,2,3,True,1,2,False,True,True,1.0017,0
listing_003621,user_00688,Scooter cheap today only,"Delivery after deposit, no calls, messenger only.",3835.1,vehicles,Sochi,1,10,22,False,0,0,False,True,True,0.4512,1
listing_003622,user_00239,Leather shoes size 42,"Used carefully, normal sale, local pickup is possible.",116.79,fashion,Novosibirsk,1468,1,3,False,0,3,False,False,False,0.9733,0
listing_003623,user_00322,Toyota Corolla 2016 clean documents,"Personal item, can meet in person and answer questions.",6908.44,vehicles,Novosibirsk,792,3,6,True,0,2,False,False,False,0.8128,0
listing_003624,user_01274,Leather shoes size 42,Available for inspection before purchase.,138.8,fashion,Kazan,763,2,7,True,0,6,False,False,False,1.1567,0
listing_003625,user_01526,Leather shoes size 42,"Used carefully, normal sale, local pickup is possible.",96.31,fashion,Moscow,998,1,7,True,1,2,False,False,False,0.8026,0
listing_003626,user_01797,Designer sofa very cheap urgent,"Delivery after deposit, no calls, messenger only.",134.6,furniture,Saint Petersburg,19,4,13,False,1,1,False,True,True,0.2991,1
listing_003627,user_01782,Dining table with chairs,"Personal item, can meet in person and answer questions.",389.28,furniture,Saint Petersburg,1239,3,5,True,0,6,False,False,False,0.8651,0
listing_003628,user_00072,Luxury jacket original cheap,"Prepayment only, contact me in Telegram.",84.66,fashion,Moscow,6,7,16,True,2,2,True,True,True,0.7055,1
listing_003629,user_01175,Microwave oven,Available for inspection before purchase.,872.74,home_appliances,Sochi,1471,1,5,False,0,5,False,False,False,1.3427,0
listing_003630,user_00497,Car urgent sale no questions,"Prepayment only, contact me in Telegram.",3625.8,vehicles,Sochi,0,3,19,False,1,1,True,True,True,0.4266,1
listing_003631,user_01553,Luxury jacket original cheap,"Urgent sale today, write outside the platform.",76.92,fashion,Saint Petersburg,13,6,20,False,0,2,False,True,True,0.641,0
listing_003632,user_01203,Designer sofa very cheap urgent,"Prepayment only, contact me in Telegram.",276.73,furniture,Moscow,18,6,14,True,1,1,True,True,True,0.615,1
listing_003633,user_00640,Apartment below market prepayment,"Delivery after deposit, no calls, messenger only.",26814.65,real_estate,Sochi,5,6,20,True,2,1,False,True,True,0.3575,1
listing_003634,user_01748,Studio for long term rent,"Delivery after deposit, no calls, messenger only.",77156.93,real_estate,Saint Petersburg,458,0,3,False,1,2,False,True,True,1.0288,0
listing_003635,user_01392,iPhone 15 Pro very cheap urgent,"Prepayment only, contact me in Telegram.",254.58,electronics,Kazan,16,4,14,False,0,1,True,True,True,0.2829,1
listing_003636,user_01597,Leather shoes size 42,"Personal item, can meet in person and answer questions.",133.05,fashion,Sochi,789,0,2,True,1,3,False,False,False,1.1088,0
listing_003637,user_01150,Winter jacket lightly used,"Personal item, can meet in person and answer questions.",114.28,fashion,Moscow,329,0,5,True,0,6,False,False,False,0.9523,0
listing_003638,user_00710,Toyota Corolla 2016 clean documents,Available for inspection before purchase.,10511.56,vehicles,Novosibirsk,1257,2,3,False,0,2,False,False,False,1.2367,0
listing_003639,user_00359,MacBook sealed prepayment only,"Urgent sale today, write outside the platform.",530.24,electronics,Saint Petersburg,13,3,11,True,1,0,False,True,True,0.5892,0
listing_003640,user_01488,Gaming laptop with warranty,"Personal item, can meet in person and answer questions.",926.24,electronics,Kazan,97,0,4,False,1,6,False,False,False,1.0292,0
listing_003641,user_00387,Sneakers limited urgent,"Urgent sale today, write outside the platform.",69.35,fashion,Novosibirsk,9,4,15,False,3,0,False,True,True,0.5779,1
listing_003642,user_00464,Microwave oven,"Personal item, can meet in person and answer questions.",535.42,home_appliances,Moscow,1073,1,2,True,0,4,False,False,False,0.8237,0
listing_003643,user_01490,One bedroom apartment near metro,"Personal item, can meet in person and answer questions.",92658.59,real_estate,Moscow,1222,1,2,True,0,6,False,False,False,1.2354,0
listing_003644,user_00505,Used city bike,"Prepayment only, contact me in Telegram.",8684.07,vehicles,Kazan,628,2,6,True,1,5,True,True,True,1.0217,0
listing_003645,user_00241,iPhone 15 Pro very cheap urgent,"Delivery after deposit, no calls, messenger only.",198.27,electronics,Sochi,13,7,25,False,0,1,False,True,True,0.2203,1
listing_003646,user_00178,Toyota Corolla 2016 clean documents,"Personal item, can meet in person and answer questions.",9126.35,vehicles,Kazan,1378,1,3,False,0,5,False,False,False,1.0737,0
listing_003647,user_00685,Gaming laptop with warranty,"Personal item, can meet in person and answer questions.",1131.45,electronics,Sochi,1068,1,6,True,0,3,False,False,False,1.2572,0
listing_003648,user_00528,New fridge half price urgent,"Delivery after deposit, no calls, messenger only.",384.39,home_appliances,Moscow,12,4,23,True,1,1,False,True,True,0.5914,0
listing_003649,user_00656,Wooden desk in good condition,"Personal item, can meet in person and answer questions.",445.11,furniture,Kazan,644,1,4,True,1,6,False,False,False,0.9891,0
listing_003650,user_00637,Washing machine works well,Available for inspection before purchase.,579.31,home_appliances,Moscow,1167,1,2,True,0,5,False,False,False,0.8912,0
listing_003651,user_00608,Scooter cheap today only,"Prepayment only, contact me in Telegram.",6174.71,vehicles,Novosibirsk,17,4,10,False,1,2,True,True,True,0.7264,1
listing_003652,user_00428,Microwave oven,"Personal item, can meet in person and answer questions.",504.05,home_appliances,Novosibirsk,615,0,5,True,0,4,False,False,False,0.7755,0
listing_003653,user_01382,Used iPhone 13 in good condition,"Prepayment only, contact me in Telegram.",1064.49,electronics,Moscow,1030,1,4,True,0,6,True,True,True,1.1828,0
listing_003654,user_00845,Designer sofa very cheap urgent,"Urgent sale today, write outside the platform.",133.16,furniture,Moscow,7,6,19,False,1,0,False,True,True,0.2959,1
listing_003655,user_00954,One bedroom apartment near metro,Available for inspection before purchase.,60056.36,real_estate,Novosibirsk,1330,0,3,True,0,3,False,False,False,0.8008,0
listing_003656,user_00208,Microwave oven,"Used carefully, normal sale, local pickup is possible.",797.08,home_appliances,Novosibirsk,834,2,6,True,1,6,False,False,False,1.2263,0
listing_003657,user_01342,Luxury jacket original cheap,"Delivery after deposit, no calls, messenger only.",90.77,fashion,Novosibirsk,9,6,21,False,1,1,False,True,True,0.7564,1
listing_003658,user_01087,Luxury jacket original cheap,"Personal item, can meet in person and answer questions.",151.86,fashion,Sochi,393,1,4,True,1,5,False,False,False,1.2655,0
listing_003659,user_00435,Gaming laptop with warranty,"Delivery after deposit, no calls, messenger only.",936.17,electronics,Saint Petersburg,748,0,3,True,0,2,False,True,True,1.0402,0
listing_003660,user_00131,MacBook sealed prepayment only,"Prepayment only, contact me in Telegram.",257.8,electronics,Saint Petersburg,5,8,15,False,0,1,True,True,True,0.2864,1
listing_003661,user_00869,Studio for long term rent,"Used carefully, normal sale, local pickup is possible.",95952.26,real_estate,Moscow,1238,2,4,False,0,6,False,False,False,1.2794,0
listing_003662,user_00368,Sneakers limited urgent,"Delivery after deposit, no calls, messenger only.",72.3,fashion,Kazan,19,3,15,False,0,1,False,True,True,0.6025,1
listing_003663,user_00094,New table prepay reserve,"Urgent sale today, write outside the platform.",276.91,furniture,Kazan,16,5,17,False,3,1,False,True,True,0.6154,1
listing_003664,user_01587,Car urgent sale no questions,"Prepayment only, contact me in Telegram.",2459.62,vehicles,Kazan,4,6,16,False,0,0,True,True,True,0.2894,1
listing_003665,user_01712,Washer cheap Telegram,"Urgent sale today, write outside the platform.",424.09,home_appliances,Sochi,20,5,13,False,1,1,True,True,True,0.6524,1
listing_003666,user_00229,One bedroom apartment near metro,"Personal item, can meet in person and answer questions.",59893.86,real_estate,Moscow,968,0,0,False,0,2,False,False,False,0.7986,0
listing_003667,user_00797,Studio for long term rent,"Personal item, can meet in person and answer questions.",64274.36,real_estate,Saint Petersburg,981,0,3,False,0,2,False,False,False,0.857,0
listing_003668,user_00890,Gaming laptop with warranty,"Used carefully, normal sale, local pickup is possible.",911.9,electronics,Sochi,974,2,2,False,0,4,False,False,False,1.0132,0
listing_003669,user_00197,Toyota Corolla 2016 clean documents,"Personal item, can meet in person and answer questions.",6921.6,vehicles,Moscow,497,2,4,True,1,3,False,False,False,0.8143,0
listing_003670,user_00759,Toyota Corolla 2016 clean documents,"Personal item, can meet in person and answer questions.",7687.55,vehicles,Kazan,351,0,4,True,0,3,False,False,False,0.9044,0
listing_003671,user_01008,Wooden desk in good condition,Available for inspection before purchase.,225.85,furniture,Saint Petersburg,1124,0,3,True,0,6,False,False,False,0.5019,0
listing_003672,user_00085,Gaming laptop with warranty,Available for inspection before purchase.,988.06,electronics,Novosibirsk,1494,2,4,True,0,5,False,False,False,1.0978,0
listing_003673,user_01658,Luxury jacket original cheap,"Used carefully, normal sale, local pickup is possible.",99.81,fashion,Saint Petersburg,949,0,5,False,0,4,False,False,False,0.8317,0
listing_003674,user_00972,Toyota Corolla 2016 clean documents,"Personal item, can meet in person and answer questions.",7159.72,vehicles,Kazan,817,1,1,True,1,3,False,False,False,0.8423,0
listing_003675,user_01415,Microwave oven,Available for inspection before purchase.,610.91,home_appliances,Sochi,1370,3,6,True,1,2,False,False,False,0.9399,0
listing_003676,user_00683,Winter jacket lightly used,"Used carefully, normal sale, local pickup is possible.",156.85,fashion,Novosibirsk,1011,0,3,True,0,2,False,False,False,1.3071,0
listing_003677,user_01434,Apartment below market prepayment,"Prepayment only, contact me in Telegram.",92370.02,real_estate,Moscow,572,1,2,False,1,5,True,True,True,1.2316,1
listing_003678,user_01333,Gaming laptop with warranty,"Personal item, can meet in person and answer questions.",1213.6,electronics,Sochi,173,1,4,False,0,3,False,False,False,1.3484,0
listing_003679,user_00197,New table prepay reserve,"Prepayment only, contact me in Telegram.",249.52,furniture,Kazan,20,3,18,False,0,1,True,True,True,0.5545,1
listing_003680,user_01692,Scooter cheap today only,"Prepayment only, contact me in Telegram.",2667.86,vehicles,Moscow,19,4,9,False,1,2,True,True,True,0.3139,1
listing_003681,user_00390,Microwave oven,Available for inspection before purchase.,560.26,home_appliances,Sochi,807,0,5,True,0,3,False,False,False,0.8619,0
listing_003682,user_01610,Used iPhone 13 in good condition,"Used carefully, normal sale, local pickup is possible.",1024.89,electronics,Moscow,126,0,3,False,0,5,False,False,False,1.1388,0
listing_003683,user_00067,Wooden desk in good condition,"Personal item, can meet in person and answer questions.",155.3,furniture,Sochi,393,1,1,True,0,2,False,False,False,0.3451,0
listing_003684,user_01708,MacBook sealed prepayment only,"Prepayment only, contact me in Telegram.",480.45,electronics,Moscow,4,3,18,False,1,0,True,True,True,0.5338,1
listing_003685,user_00151,One bedroom apartment near metro,"Personal item, can meet in person and answer questions.",56812.61,real_estate,Kazan,355,0,4,True,0,5,False,False,False,0.7575,0
listing_003686,user_00944,Toyota Corolla 2016 clean documents,Available for inspection before purchase.,8987.32,vehicles,Kazan,526,1,3,True,0,6,False,False,False,1.0573,0
listing_003687,user_00922,New table prepay reserve,"Prepayment only, contact me in Telegram.",147.11,furniture,Novosibirsk,16,4,16,False,1,2,True,True,True,0.3269,1
listing_003688,user_00744,Gaming laptop with warranty,"Personal item, can meet in person and answer questions.",801.6,electronics,Moscow,283,0,5,True,0,3,False,False,False,0.8907,0
listing_003689,user_00067,Used iPhone 13 in good condition,"Personal item, can meet in person and answer questions.",883.94,electronics,Saint Petersburg,1133,0,3,True,1,2,False,False,False,0.9822,0
listing_003690,user_00124,Designer sofa very cheap urgent,"Prepayment only, contact me in Telegram.",337.87,furniture,Sochi,11,4,14,True,0,1,True,True,True,0.7508,0
listing_003691,user_01494,Designer sofa very cheap urgent,"Urgent sale today, write outside the platform.",221.22,furniture,Sochi,18,4,18,True,0,1,False,True,True,0.4916,1
listing_003692,user_01156,Dining table with chairs,Available for inspection before purchase.,536.83,furniture,Kazan,879,1,5,True,1,3,False,False,False,1.193,0
listing_003693,user_00245,Gaming laptop with warranty,Available for inspection before purchase.,1163.11,electronics,Moscow,455,3,5,False,0,4,False,False,False,1.2923,0
listing_003694,user_00164,Wooden desk in good condition,"Used carefully, normal sale, local pickup is possible.",369.91,furniture,Moscow,232,2,6,True,1,5,False,False,False,0.822,0
listing_003695,user_01585,Car urgent sale no questions,"Delivery after deposit, no calls, messenger only.",4419.64,vehicles,Saint Petersburg,13,2,15,False,0,2,False,True,True,0.52,1
listing_003696,user_00768,Used city bike,"Used carefully, normal sale, local pickup is possible.",11216.85,vehicles,Kazan,188,1,3,True,1,6,False,False,False,1.3196,0
listing_003697,user_00560,Used iPhone 13 in good condition,"Prepayment only, contact me in Telegram.",1110.13,electronics,Saint Petersburg,982,3,7,True,0,4,True,True,True,1.2335,0
listing_003698,user_01416,Wooden desk in good condition,Available for inspection before purchase.,375.02,furniture,Novosibirsk,1404,0,6,True,1,3,False,False,False,0.8334,0
listing_003699,user_01460,Washing machine works well,"Personal item, can meet in person and answer questions.",531.33,home_appliances,Novosibirsk,521,0,4,True,0,6,False,False,False,0.8174,0
listing_003700,user_00929,Winter jacket lightly used,Available for inspection before purchase.,157.07,fashion,Moscow,117,1,3,True,1,6,False,False,False,1.3089,0
listing_003701,user_00886,Washing machine works well,"Urgent sale today, write outside the platform.",654.58,home_appliances,Moscow,1161,2,4,True,0,6,False,True,True,1.007,0
listing_003702,user_00240,Luxury jacket original cheap,"Prepayment only, contact me in Telegram.",45.65,fashion,Saint Petersburg,2,2,11,False,0,1,True,True,True,0.3804,1
listing_003703,user_00308,Studio for long term rent,"Used carefully, normal sale, local pickup is possible.",84225.38,real_estate,Moscow,894,2,5,False,0,4,False,False,False,1.123,0
listing_003704,user_00818,Dining table with chairs,"Used carefully, normal sale, local pickup is possible.",611.31,furniture,Moscow,66,1,6,True,0,2,False,False,False,1.3585,0
listing_003705,user_01435,One bedroom apartment near metro,Available for inspection before purchase.,75023.33,real_estate,Sochi,395,0,6,True,0,6,False,False,False,1.0003,0
listing_003706,user_01708,Winter jacket lightly used,Available for inspection before purchase.,109.86,fashion,Sochi,227,1,3,False,0,5,False,False,False,0.9155,0
listing_003707,user_00147,Microwave oven,"Used carefully, normal sale, local pickup is possible.",639.83,home_appliances,Saint Petersburg,515,1,3,True,1,4,False,False,False,0.9844,0
listing_003708,user_01213,Used city bike,Available for inspection before purchase.,11055.91,vehicles,Novosibirsk,536,1,5,True,1,5,False,False,False,1.3007,0
listing_003709,user_01089,Used city bike,"Used carefully, normal sale, local pickup is possible.",7713.65,vehicles,Saint Petersburg,188,1,4,True,0,3,False,False,False,0.9075,0
listing_003710,user_01367,Used city bike,"Urgent sale today, write outside the platform.",7122.41,vehicles,Novosibirsk,1157,0,3,True,0,6,False,True,True,0.8379,0
listing_003711,user_00946,Gaming laptop with warranty,"Personal item, can meet in person and answer questions.",738.34,electronics,Novosibirsk,977,3,4,True,1,5,False,False,False,0.8204,0
listing_003712,user_00773,Winter jacket lightly used,"Personal item, can meet in person and answer questions.",142.13,fashion,Sochi,707,2,5,True,1,5,False,False,False,1.1844,0
listing_003713,user_01215,Wooden desk in good condition,"Delivery after deposit, no calls, messenger only.",203.61,furniture,Sochi,628,3,5,True,0,5,False,True,True,0.4525,0
listing_003714,user_01049,Microwave oven,Available for inspection before purchase.,831.58,home_appliances,Novosibirsk,459,2,4,True,0,4,False,False,False,1.2794,0
listing_003715,user_00140,Wooden desk in good condition,Available for inspection before purchase.,370.34,furniture,Kazan,719,0,2,True,1,3,False,False,False,0.823,0
listing_003716,user_00998,Luxury jacket original cheap,"Prepayment only, contact me in Telegram.",29.95,fashion,Kazan,0,8,14,True,0,1,True,True,True,0.2496,1
listing_003717,user_01295,One bedroom apartment near metro,Available for inspection before purchase.,81423.56,real_estate,Saint Petersburg,996,0,3,False,1,3,False,False,False,1.0856,0
listing_003718,user_00915,Washing machine works well,"Personal item, can meet in person and answer questions.",641.44,home_appliances,Sochi,432,1,3,True,1,5,False,False,False,0.9868,0
listing_003719,user_00637,Used iPhone 13 in good condition,"Personal item, can meet in person and answer questions.",1054.27,electronics,Kazan,604,1,5,False,0,4,False,False,False,1.1714,0
listing_003720,user_00128,Studio for long term rent,"Personal item, can meet in person and answer questions.",79237.94,real_estate,Novosibirsk,310,1,2,True,0,2,False,False,False,1.0565,0
listing_003721,user_00703,Leather shoes size 42,"Used carefully, normal sale, local pickup is possible.",102.95,fashion,Novosibirsk,1488,1,2,True,1,4,False,False,False,0.8579,0
listing_003722,user_00699,One bedroom apartment near metro,"Personal item, can meet in person and answer questions.",87148.85,real_estate,Sochi,710,3,5,False,0,5,False,False,False,1.162,0
listing_003723,user_01133,Designer sofa very cheap urgent,"Prepayment only, contact me in Telegram.",103.06,furniture,Saint Petersburg,18,4,17,False,0,1,True,True,True,0.229,1
listing_003724,user_00631,Wooden desk in good condition,"Used carefully, normal sale, local pickup is possible.",404.32,furniture,Moscow,1009,0,5,True,1,4,False,False,False,0.8985,0
listing_003725,user_00194,Scooter cheap today only,"Prepayment only, contact me in Telegram.",6243.63,vehicles,Moscow,1,5,19,False,2,1,True,True,True,0.7345,1
listing_003726,user_01293,Gaming laptop with warranty,"Used carefully, normal sale, local pickup is possible.",786.73,electronics,Sochi,1313,1,4,True,0,6,False,False,False,0.8741,0
listing_003727,user_00285,New fridge half price urgent,"Prepayment only, contact me in Telegram.",468.01,home_appliances,Kazan,14,3,14,True,1,1,True,True,True,0.72,1
listing_003728,user_00827,Dining table with chairs,"Used carefully, normal sale, local pickup is possible.",530.02,furniture,Novosibirsk,470,1,6,True,0,3,False,False,False,1.1778,0
listing_003729,user_01653,Designer sofa very cheap urgent,"Delivery after deposit, no calls, messenger only.",295.65,furniture,Moscow,6,2,20,False,1,1,False,True,True,0.657,1
listing_003730,user_01762,Wooden desk in good condition,"Personal item, can meet in person and answer questions.",366.36,furniture,Sochi,1446,2,3,False,0,4,False,False,False,0.8141,0
listing_003731,user_00015,Studio for long term rent,Available for inspection before purchase.,68574.0,real_estate,Novosibirsk,783,1,3,False,0,2,False,False,False,0.9143,0
listing_003732,user_00303,Apartment below market prepayment,"Prepayment only, contact me in Telegram.",54404.68,real_estate,Sochi,6,6,15,False,0,2,True,True,True,0.7254,1
listing_003733,user_01437,Studio for long term rent,"Used carefully, normal sale, local pickup is possible.",76725.98,real_estate,Moscow,327,0,3,True,0,4,False,False,False,1.023,0
listing_003734,user_00313,MacBook sealed prepayment only,Available for inspection before purchase.,902.65,electronics,Sochi,891,0,3,True,0,5,False,True,False,1.0029,0
listing_003735,user_01075,Toyota Corolla 2016 clean documents,Available for inspection before purchase.,8518.91,vehicles,Novosibirsk,1442,1,4,True,0,4,False,False,False,1.0022,0
listing_003736,user_00441,Used city bike,Available for inspection before purchase.,9223.95,vehicles,Kazan,984,1,2,True,0,3,False,False,False,1.0852,0
listing_003737,user_01767,Used iPhone 13 in good condition,"Used carefully, normal sale, local pickup is possible.",1243.89,electronics,Novosibirsk,372,0,1,True,0,3,False,False,False,1.3821,0
listing_003738,user_00059,Washer cheap Telegram,"Urgent sale today, write outside the platform.",257.28,home_appliances,Moscow,20,4,16,True,0,1,True,True,True,0.3958,1
listing_003739,user_00076,Used iPhone 13 in good condition,"Personal item, can meet in person and answer questions.",1007.33,electronics,Moscow,928,0,2,True,0,4,False,False,False,1.1193,0
listing_003740,user_01113,MacBook sealed prepayment only,"Prepayment only, contact me in Telegram.",232.78,electronics,Novosibirsk,15,6,14,False,1,0,True,True,True,0.2586,1
listing_003741,user_01392,Washer cheap Telegram,"Urgent sale today, write outside the platform.",369.47,home_appliances,Saint Petersburg,1,3,15,False,1,1,True,True,True,0.5684,1
listing_003742,user_01343,Dining table with chairs,Available for inspection before purchase.,215.33,furniture,Saint Petersburg,773,3,6,True,0,5,False,False,False,0.4785,0
listing_003743,user_01774,Microwave oven,Available for inspection before purchase.,908.44,home_appliances,Sochi,1357,0,4,True,1,4,False,False,False,1.3976,0
listing_003744,user_00207,Gaming laptop with warranty,"Used carefully, normal sale, local pickup is possible.",1133.26,electronics,Kazan,1370,0,4,True,0,2,False,False,False,1.2592,0
listing_003745,user_00678,One bedroom apartment near metro,"Personal item, can meet in person and answer questions.",79159.53,real_estate,Sochi,381,1,4,False,0,2,False,False,False,1.0555,0
listing_003746,user_00431,One bedroom apartment near metro,Available for inspection before purchase.,80712.72,real_estate,Sochi,1163,1,11,False,0,2,False,False,False,1.0762,0
listing_003747,user_00222,Leather shoes size 42,Available for inspection before purchase.,138.86,fashion,Sochi,1153,0,5,True,0,4,False,False,False,1.1572,0
listing_003748,user_00049,Washing machine works well,"Personal item, can meet in person and answer questions.",595.27,home_appliances,Moscow,969,1,4,True,0,3,False,False,False,0.9158,0
listing_003749,user_00158,Washer cheap Telegram,"Urgent sale today, write outside the platform.",130.4,home_appliances,Saint Petersburg,3,2,10,False,6,0,True,True,True,0.2006,1
listing_003750,user_00786,One bedroom apartment near metro,Available for inspection before purchase.,65865.38,real_estate,Saint Petersburg,580,0,4,True,0,5,False,False,False,0.8782,0
listing_003751,user_00347,Leather shoes size 42,Available for inspection before purchase.,113.68,fashion,Sochi,1411,0,3,True,0,5,False,False,False,0.9473,0
listing_003752,user_00827,Washing machine works well,"Used carefully, normal sale, local pickup is possible.",664.51,home_appliances,Novosibirsk,211,0,2,True,0,6,False,False,False,1.0223,0
listing_003753,user_00628,Dining table with chairs,"Used carefully, normal sale, local pickup is possible.",558.38,furniture,Novosibirsk,630,0,5,True,0,3,False,False,False,1.2408,0
listing_003754,user_00019,Used city bike,"Used carefully, normal sale, local pickup is possible.",9442.27,vehicles,Novosibirsk,1459,2,4,True,0,2,False,False,False,1.1109,0
listing_003755,user_00594,Studio for long term rent,"Used carefully, normal sale, local pickup is possible.",95759.55,real_estate,Moscow,903,1,3,True,0,3,False,False,False,1.2768,0
listing_003756,user_00472,Luxury jacket original cheap,"Delivery after deposit, no calls, messenger only.",21.69,fashion,Sochi,8,8,12,False,2,1,False,True,True,0.1808,1
listing_003757,user_00932,iPhone 15 Pro very cheap urgent,"Urgent sale today, write outside the platform.",407.52,electronics,Kazan,0,7,17,False,1,0,False,True,True,0.4528,1
listing_003758,user_00858,Toyota Corolla 2016 clean documents,Available for inspection before purchase.,10888.01,vehicles,Saint Petersburg,660,1,5,False,1,3,False,False,False,1.2809,0
listing_003759,user_00603,Used iPhone 13 in good condition,Available for inspection before purchase.,928.56,electronics,Kazan,703,1,4,True,1,3,False,False,False,1.0317,0
listing_003760,user_00718,Toyota Corolla 2016 clean documents,"Used carefully, normal sale, local pickup is possible.",5217.33,vehicles,Novosibirsk,1197,0,5,True,1,4,False,False,False,0.6138,0
listing_003761,user_00031,Wooden desk in good condition,"Prepayment only, contact me in Telegram.",443.31,furniture,Saint Petersburg,1084,4,7,True,0,5,True,True,True,0.9851,0
listing_003762,user_00767,Studio for long term rent,"Personal item, can meet in person and answer questions.",77569.65,real_estate,Kazan,1213,0,6,True,0,5,False,False,False,1.0343,0
listing_003763,user_01479,Apartment below market prepayment,"Prepayment only, contact me in Telegram.",50808.03,real_estate,Sochi,17,4,16,False,0,2,True,True,True,0.6774,1
listing_003764,user_00944,Microwave oven,Available for inspection before purchase.,775.54,home_appliances,Moscow,1021,1,4,True,0,5,False,False,False,1.1931,0
listing_003765,user_00675,Leather shoes size 42,Available for inspection before purchase.,104.62,fashion,Moscow,1435,3,7,False,0,3,False,False,False,0.8718,0
listing_003766,user_00345,Used iPhone 13 in good condition,Available for inspection before purchase.,812.36,electronics,Sochi,724,3,7,False,0,6,False,False,False,0.9026,0
listing_003767,user_01150,Apartment below market prepayment,"Urgent sale today, write outside the platform.",40842.68,real_estate,Moscow,4,2,16,False,0,1,False,True,True,0.5446,1
listing_003768,user_01474,Wooden desk in good condition,"Used carefully, normal sale, local pickup is possible.",382.42,furniture,Novosibirsk,436,3,6,False,0,5,False,False,False,0.8498,0
listing_003769,user_00808,Designer sofa very cheap urgent,"Urgent sale today, write outside the platform.",120.57,furniture,Saint Petersburg,3,5,19,False,1,2,False,True,True,0.2679,1
listing_003770,user_01129,Leather shoes size 42,"Used carefully, normal sale, local pickup is possible.",76.7,fashion,Novosibirsk,1319,0,4,False,1,4,False,False,False,0.6392,0
listing_003771,user_01631,One bedroom apartment near metro,"Used carefully, normal sale, local pickup is possible.",88488.24,real_estate,Sochi,194,2,7,False,1,5,False,False,False,1.1798,0
listing_003772,user_00012,Winter jacket lightly used,"Personal item, can meet in person and answer questions.",148.21,fashion,Saint Petersburg,1386,1,3,True,0,3,False,False,False,1.2351,0
listing_003773,user_01072,Scooter cheap today only,"Delivery after deposit, no calls, messenger only.",3705.61,vehicles,Sochi,16,1,14,False,1,1,False,True,True,0.436,1
listing_003774,user_00710,Designer sofa very cheap urgent,"Delivery after deposit, no calls, messenger only.",101.59,furniture,Sochi,10,6,15,False,2,2,False,True,True,0.2258,1
listing_003775,user_00572,Microwave oven,"Used carefully, normal sale, local pickup is possible.",517.36,home_appliances,Saint Petersburg,1423,1,5,True,0,4,False,False,False,0.7959,0
listing_003776,user_00669,Toyota Corolla 2016 clean documents,Available for inspection before purchase.,7444.03,vehicles,Saint Petersburg,1407,0,2,True,1,2,False,False,False,0.8758,0
listing_003777,user_00175,One bedroom apartment near metro,Available for inspection before purchase.,99166.12,real_estate,Kazan,1480,1,3,True,0,4,False,False,False,1.3222,0
listing_003778,user_01386,Rent urgent contact Telegram,"Delivery after deposit, no calls, messenger only.",33312.97,real_estate,Novosibirsk,5,7,25,False,2,1,True,True,True,0.4442,1
listing_003779,user_01561,Dining table with chairs,"Personal item, can meet in person and answer questions.",596.75,furniture,Kazan,410,1,1,True,0,4,False,False,False,1.3261,0
listing_003780,user_00635,Used city bike,"Used carefully, normal sale, local pickup is possible.",8213.22,vehicles,Sochi,778,0,2,True,1,4,False,False,False,0.9663,0
listing_003781,user_01541,Rent urgent contact Telegram,"Prepayment only, contact me in Telegram.",20617.71,real_estate,Sochi,13,2,10,False,1,0,True,True,True,0.2749,1
listing_003782,user_00207,Apartment below market prepayment,"Delivery after deposit, no calls, messenger only.",38916.49,real_estate,Saint Petersburg,10,6,18,False,1,0,False,True,True,0.5189,1
listing_003783,user_00609,Toyota Corolla 2016 clean documents,"Used carefully, normal sale, local pickup is possible.",9010.36,vehicles,Saint Petersburg,547,4,4,True,0,2,False,False,False,1.06,0
listing_003784,user_01300,Designer sofa very cheap urgent,"Prepayment only, contact me in Telegram.",84.87,furniture,Sochi,7,2,16,False,1,0,True,True,True,0.1886,1
listing_003785,user_01187,Toyota Corolla 2016 clean documents,"Used carefully, normal sale, local pickup is possible.",6343.15,vehicles,Novosibirsk,845,0,1,True,0,2,False,False,False,0.7463,0
listing_003786,user_00722,Washer cheap Telegram,"Prepayment only, contact me in Telegram.",368.57,home_appliances,Saint Petersburg,8,4,9,False,0,0,True,True,True,0.567,1
listing_003787,user_01234,Designer sofa very cheap urgent,"Urgent sale today, write outside the platform.",141.14,furniture,Sochi,4,2,14,False,0,1,False,True,True,0.3136,1
listing_003788,user_00875,Microwave oven,"Personal item, can meet in person and answer questions.",694.22,home_appliances,Moscow,719,2,7,False,0,3,False,False,False,1.068,0
listing_003789,user_00289,Used city bike,Available for inspection before purchase.,9610.93,vehicles,Sochi,832,0,5,True,1,3,False,False,False,1.1307,0
listing_003790,user_00694,Winter jacket lightly used,"Urgent sale today, write outside the platform.",97.95,fashion,Moscow,1337,1,6,True,1,3,False,True,True,0.8163,0
listing_003791,user_01088,Washing machine works well,Available for inspection before purchase.,683.75,home_appliances,Kazan,733,1,10,False,0,6,False,False,False,1.0519,0
listing_003792,user_00915,Winter jacket lightly used,Available for inspection before purchase.,111.95,fashion,Saint Petersburg,1210,1,3,True,1,6,False,False,False,0.9329,0
listing_003793,user_01556,Leather shoes size 42,Available for inspection before purchase.,118.57,fashion,Sochi,169,0,4,True,0,5,False,False,False,0.9881,0
listing_003794,user_00019,Gaming laptop with warranty,Available for inspection before purchase.,735.2,electronics,Saint Petersburg,1141,0,1,False,1,5,False,False,False,0.8169,0
listing_003795,user_00255,New table prepay reserve,"Delivery after deposit, no calls, messenger only.",169.32,furniture,Kazan,15,5,11,False,0,1,False,True,True,0.3763,1
listing_003796,user_00434,Winter jacket lightly used,Available for inspection before purchase.,112.23,fashion,Kazan,887,3,9,True,0,2,False,False,False,0.9353,0
listing_003797,user_01136,Washing machine works well,"Used carefully, normal sale, local pickup is possible.",605.7,home_appliances,Sochi,1331,1,2,True,0,3,False,False,False,0.9318,0
listing_003798,user_00407,Gaming laptop with warranty,"Used carefully, normal sale, local pickup is possible.",713.42,electronics,Saint Petersburg,1298,1,7,True,0,2,False,False,False,0.7927,0
listing_003799,user_00352,Microwave oven,Available for inspection before purchase.,627.8,home_appliances,Kazan,747,0,5,True,0,3,False,False,False,0.9658,0
listing_003800,user_01568,Washing machine works well,"Used carefully, normal sale, local pickup is possible.",527.2,home_appliances,Kazan,501,1,5,False,0,2,False,False,False,0.8111,0
listing_003801,user_00878,Winter jacket lightly used,Available for inspection before purchase.,143.37,fashion,Saint Petersburg,820,0,2,True,1,6,False,False,False,1.1947,0
listing_003802,user_00503,iPhone 15 Pro very cheap urgent,"Delivery after deposit, no calls, messenger only.",497.47,electronics,Novosibirsk,17,7,14,False,3,2,False,True,True,0.5527,1
listing_003803,user_00419,Dining table with chairs,Available for inspection before purchase.,338.2,furniture,Moscow,725,2,6,False,1,2,False,False,False,0.7516,0
listing_003804,user_00561,Leather shoes size 42,Available for inspection before purchase.,161.27,fashion,Kazan,778,1,4,True,0,5,False,False,False,1.3439,0
listing_003805,user_00664,Winter jacket lightly used,"Used carefully, normal sale, local pickup is possible.",98.24,fashion,Novosibirsk,567,1,3,True,0,4,False,False,False,0.8187,0
listing_003806,user_01124,Gaming laptop with warranty,Available for inspection before purchase.,1052.0,electronics,Kazan,417,0,2,True,0,6,False,False,False,1.1689,0
listing_003807,user_01795,MacBook sealed prepayment only,"Prepayment only, contact me in Telegram.",972.28,electronics,Moscow,817,1,2,True,0,6,True,True,True,1.0803,0
listing_003808,user_01053,Used iPhone 13 in good condition,"Used carefully, normal sale, local pickup is possible.",1167.91,electronics,Sochi,589,0,3,True,0,5,False,False,False,1.2977,0
listing_003809,user_00604,Wooden desk in good condition,"Personal item, can meet in person and answer questions.",381.31,furniture,Saint Petersburg,106,1,3,True,1,3,False,False,False,0.8474,0
listing_003810,user_00204,Leather shoes size 42,"Used carefully, normal sale, local pickup is possible.",64.16,fashion,Saint Petersburg,142,0,5,True,0,6,False,False,False,0.5347,0
listing_003811,user_01652,Scooter cheap today only,"Prepayment only, contact me in Telegram.",5908.14,vehicles,Sochi,14,8,19,False,1,2,True,True,True,0.6951,1
listing_003812,user_01006,Dining table with chairs,"Personal item, can meet in person and answer questions.",578.68,furniture,Saint Petersburg,989,1,3,True,1,6,False,False,False,1.286,0
listing_003813,user_00133,Gaming laptop with warranty,"Personal item, can meet in person and answer questions.",1061.05,electronics,Novosibirsk,346,0,7,True,0,6,False,False,False,1.1789,0
listing_003814,user_01729,Gaming laptop with warranty,"Personal item, can meet in person and answer questions.",1220.88,electronics,Novosibirsk,256,0,3,False,0,5,False,False,False,1.3565,0
listing_003815,user_00879,Designer sofa very cheap urgent,"Delivery after deposit, no calls, messenger only.",252.31,furniture,Kazan,7,4,14,False,1,1,False,True,True,0.5607,1
listing_003816,user_00786,Used city bike,"Used carefully, normal sale, local pickup is possible.",8104.04,vehicles,Saint Petersburg,73,1,4,True,1,2,False,False,False,0.9534,0
listing_003817,user_00693,One bedroom apartment near metro,"Personal item, can meet in person and answer questions.",102191.61,real_estate,Sochi,1073,0,2,False,0,3,False,False,False,1.3626,0
listing_003818,user_00643,Designer sofa very cheap urgent,"Prepayment only, contact me in Telegram.",91.0,furniture,Saint Petersburg,16,5,17,False,4,2,True,True,True,0.2022,1
listing_003819,user_01588,Dining table with chairs,"Used carefully, normal sale, local pickup is possible.",539.39,furniture,Novosibirsk,529,2,5,False,0,4,False,False,False,1.1986,0
listing_003820,user_01497,Used city bike,"Personal item, can meet in person and answer questions.",8782.25,vehicles,Sochi,1279,2,7,True,0,2,False,False,False,1.0332,0
listing_003821,user_00080,New table prepay reserve,"Urgent sale today, write outside the platform.",153.02,furniture,Kazan,4,0,9,False,2,2,False,True,True,0.34,1
listing_003822,user_00631,Winter jacket lightly used,"Personal item, can meet in person and answer questions.",127.96,fashion,Saint Petersburg,526,1,2,True,1,4,False,False,False,1.0663,0
listing_003823,user_01340,Washer cheap Telegram,"Delivery after deposit, no calls, messenger only.",288.41,home_appliances,Saint Petersburg,20,5,14,False,5,1,True,True,True,0.4437,1
listing_003824,user_01036,Toyota Corolla 2016 clean documents,Available for inspection before purchase.,9434.25,vehicles,Kazan,247,0,3,True,0,6,False,False,False,1.1099,0
listing_003825,user_01565,One bedroom apartment near metro,"Prepayment only, contact me in Telegram.",59108.24,real_estate,Novosibirsk,123,1,5,True,0,5,True,True,True,0.7881,0
listing_003826,user_00993,Studio for long term rent,"Used carefully, normal sale, local pickup is possible.",63594.8,real_estate,Kazan,190,0,3,True,0,6,False,False,False,0.8479,0
listing_003827,user_00596,Designer sofa very cheap urgent,"Prepayment only, contact me in Telegram.",221.0,furniture,Saint Petersburg,13,5,20,False,1,1,True,True,True,0.4911,1
listing_003828,user_00662,Sneakers limited urgent,"Delivery after deposit, no calls, messenger only.",37.96,fashion,Sochi,13,5,15,True,2,1,False,True,True,0.3163,1
listing_003829,user_00935,Winter jacket lightly used,Available for inspection before purchase.,153.3,fashion,Sochi,693,1,7,True,0,6,False,False,False,1.2775,0
listing_003830,user_00288,Apartment below market prepayment,"Urgent sale today, write outside the platform.",29578.29,real_estate,Novosibirsk,15,2,7,False,1,0,False,True,True,0.3944,1
listing_003831,user_00954,New table prepay reserve,"Urgent sale today, write outside the platform.",107.05,furniture,Saint Petersburg,12,2,14,False,1,0,False,True,True,0.2379,1
listing_003832,user_00356,Studio for long term rent,"Personal item, can meet in person and answer questions.",71581.11,real_estate,Kazan,498,0,5,True,0,3,False,False,False,0.9544,0
listing_003833,user_00379,Toyota Corolla 2016 clean documents,Available for inspection before purchase.,11469.62,vehicles,Novosibirsk,1007,0,1,False,0,3,False,False,False,1.3494,0
listing_003834,user_01207,Leather shoes size 42,Available for inspection before purchase.,92.59,fashion,Saint Petersburg,133,2,3,True,0,6,False,False,False,0.7716,0
listing_003835,user_00583,Sneakers limited urgent,"Prepayment only, contact me in Telegram.",45.43,fashion,Sochi,8,4,15,False,0,2,True,True,True,0.3786,1
listing_003836,user_01610,Used city bike,"Prepayment only, contact me in Telegram.",4685.67,vehicles,Saint Petersburg,1341,0,2,True,0,4,True,True,True,0.5513,0
listing_003837,user_01601,Designer sofa very cheap urgent,"Delivery after deposit, no calls, messenger only.",88.87,furniture,Kazan,16,6,19,False,4,1,False,True,True,0.1975,1
listing_003838,user_01730,Used iPhone 13 in good condition,"Delivery after deposit, no calls, messenger only.",880.78,electronics,Novosibirsk,1320,1,3,True,1,4,False,True,True,0.9786,0
listing_003839,user_01313,Used city bike,"Personal item, can meet in person and answer questions.",6690.9,vehicles,Sochi,944,0,5,False,0,6,False,False,False,0.7872,0
listing_003840,user_00195,Winter jacket lightly used,"Used carefully, normal sale, local pickup is possible.",93.23,fashion,Novosibirsk,242,1,5,True,0,5,False,False,False,0.7769,0
listing_003841,user_00951,Washing machine works well,Available for inspection before purchase.,289.57,home_appliances,Moscow,845,1,7,True,0,4,False,False,False,0.4455,0
listing_003842,user_01068,Apartment below market prepayment,"Personal item, can meet in person and answer questions.",92517.56,real_estate,Saint Petersburg,1063,0,6,True,0,4,False,False,False,1.2336,0
listing_003843,user_00728,Apartment below market prepayment,"Delivery after deposit, no calls, messenger only.",29988.65,real_estate,Kazan,17,5,19,False,0,1,False,True,True,0.3998,1
listing_003844,user_01749,Dining table with chairs,"Personal item, can meet in person and answer questions.",570.03,furniture,Novosibirsk,277,0,2,True,0,5,False,False,False,1.2667,0
listing_003845,user_00894,Wooden desk in good condition,"Personal item, can meet in person and answer questions.",351.29,furniture,Saint Petersburg,852,1,2,True,1,3,False,False,False,0.7806,0
listing_003846,user_00576,New table prepay reserve,"Delivery after deposit, no calls, messenger only.",124.27,furniture,Novosibirsk,13,7,20,True,1,2,False,True,True,0.2762,1
listing_003847,user_00625,Studio for long term rent,"Used carefully, normal sale, local pickup is possible.",93479.43,real_estate,Moscow,241,2,4,True,0,4,False,False,False,1.2464,0
listing_003848,user_00162,Car urgent sale no questions,"Prepayment only, contact me in Telegram.",3668.42,vehicles,Moscow,13,4,9,False,2,2,True,True,True,0.4316,1
listing_003849,user_01614,Gaming laptop with warranty,"Used carefully, normal sale, local pickup is possible.",1069.05,electronics,Saint Petersburg,669,0,5,True,1,5,False,False,False,1.1878,0
listing_003850,user_01557,Leather shoes size 42,"Personal item, can meet in person and answer questions.",128.04,fashion,Kazan,1368,0,5,True,0,6,False,False,False,1.067,0
listing_003851,user_01131,New table prepay reserve,"Prepayment only, contact me in Telegram.",296.88,furniture,Sochi,17,9,17,False,2,1,True,True,True,0.6597,1
listing_003852,user_00487,Designer sofa very cheap urgent,"Delivery after deposit, no calls, messenger only.",91.82,furniture,Saint Petersburg,2,3,17,False,2,0,False,True,True,0.204,1
listing_003853,user_00050,Microwave oven,Available for inspection before purchase.,538.35,home_appliances,Saint Petersburg,1104,1,1,False,0,3,False,False,False,0.8282,0
listing_003854,user_01634,Used iPhone 13 in good condition,"Used carefully, normal sale, local pickup is possible.",1105.49,electronics,Moscow,111,0,0,True,1,2,False,False,False,1.2283,0
listing_003855,user_01177,Scooter cheap today only,"Urgent sale today, write outside the platform.",4462.8,vehicles,Kazan,20,5,18,False,1,1,False,True,True,0.525,1
listing_003856,user_00840,Leather shoes size 42,Available for inspection before purchase.,139.2,fashion,Moscow,767,1,3,True,0,3,False,False,False,1.16,0
listing_003857,user_00294,Used iPhone 13 in good condition,Available for inspection before purchase.,878.27,electronics,Moscow,305,1,6,True,0,3,False,False,False,0.9759,0
listing_003858,user_00124,Studio for long term rent,Available for inspection before purchase.,69021.51,real_estate,Moscow,1129,0,2,False,0,6,False,False,False,0.9203,0
listing_003859,user_00808,Winter jacket lightly used,"Personal item, can meet in person and answer questions.",130.11,fashion,Saint Petersburg,140,0,3,True,0,2,False,False,False,1.0843,0
listing_003860,user_01005,Leather shoes size 42,Available for inspection before purchase.,107.24,fashion,Moscow,263,2,6,True,0,4,False,False,False,0.8937,0
listing_003861,user_00362,Dining table with chairs,"Used carefully, normal sale, local pickup is possible.",543.19,furniture,Kazan,39,2,6,True,0,4,False,False,False,1.2071,0
listing_003862,user_00176,Used iPhone 13 in good condition,"Personal item, can meet in person and answer questions.",998.28,electronics,Kazan,1400,2,5,True,0,5,False,False,False,1.1092,0
listing_003863,user_00598,Scooter cheap today only,"Prepayment only, contact me in Telegram.",4285.03,vehicles,Sochi,17,5,18,False,1,1,True,True,True,0.5041,1
listing_003864,user_01529,Leather shoes size 42,"Used carefully, normal sale, local pickup is possible.",106.14,fashion,Novosibirsk,1250,0,3,True,1,3,False,False,False,0.8845,0
listing_003865,user_00304,Gaming laptop with warranty,"Personal item, can meet in person and answer questions.",775.45,electronics,Novosibirsk,1214,1,2,True,0,3,False,False,False,0.8616,0
listing_003866,user_01447,Winter jacket lightly used,Available for inspection before purchase.,131.26,fashion,Novosibirsk,582,1,2,True,0,4,False,False,False,1.0938,0
listing_003867,user_00292,Washer cheap Telegram,"Delivery after deposit, no calls, messenger only.",365.37,home_appliances,Sochi,17,7,18,False,0,1,True,True,True,0.5621,1
listing_003868,user_01376,Apartment below market prepayment,"Used carefully, normal sale, local pickup is possible.",79891.15,real_estate,Kazan,632,1,8,False,0,6,False,False,False,1.0652,0
listing_003869,user_00923,Washing machine works well,"Used carefully, normal sale, local pickup is possible.",858.88,home_appliances,Moscow,665,0,2,True,1,5,False,False,False,1.3214,0
listing_003870,user_01297,Rent urgent contact Telegram,"Prepayment only, contact me in Telegram.",51038.93,real_estate,Saint Petersburg,15,4,16,False,1,1,True,True,True,0.6805,1
listing_003871,user_01102,Dining table with chairs,"Used carefully, normal sale, local pickup is possible.",572.61,furniture,Moscow,1109,2,4,False,1,5,False,False,False,1.2725,0
listing_003872,user_00779,Washer cheap Telegram,"Urgent sale today, write outside the platform.",398.1,home_appliances,Sochi,9,6,18,True,3,0,True,True,True,0.6125,1
listing_003873,user_00167,Used iPhone 13 in good condition,"Used carefully, normal sale, local pickup is possible.",991.73,electronics,Novosibirsk,1248,2,3,False,0,6,False,False,False,1.1019,0
listing_003874,user_00503,Used city bike,"Used carefully, normal sale, local pickup is possible.",7725.91,vehicles,Kazan,991,0,3,True,1,6,False,False,False,0.9089,0
listing_003875,user_01008,Washing machine works well,"Personal item, can meet in person and answer questions.",786.74,home_appliances,Novosibirsk,974,2,6,True,1,3,False,False,False,1.2104,0
listing_003876,user_01624,Dining table with chairs,"Used carefully, normal sale, local pickup is possible.",446.18,furniture,Kazan,1368,0,4,True,1,6,False,False,False,0.9915,0
listing_003877,user_01381,Wooden desk in good condition,"Used carefully, normal sale, local pickup is possible.",418.37,furniture,Saint Petersburg,1048,2,5,True,0,6,False,False,False,0.9297,0
listing_003878,user_00339,Leather shoes size 42,Available for inspection before purchase.,135.16,fashion,Saint Petersburg,626,5,9,False,0,2,False,False,False,1.1263,0
listing_003879,user_01453,Washing machine works well,"Personal item, can meet in person and answer questions.",495.52,home_appliances,Moscow,1405,0,1,True,1,6,False,False,False,0.7623,0
listing_003880,user_00027,Sneakers limited urgent,Available for inspection before purchase.,111.06,fashion,Saint Petersburg,1169,1,4,True,1,3,False,True,False,0.9255,0
listing_003881,user_01671,Wooden desk in good condition,"Used carefully, normal sale, local pickup is possible.",407.69,furniture,Saint Petersburg,667,1,5,True,0,3,False,False,False,0.906,0
listing_003882,user_00216,Winter jacket lightly used,Available for inspection before purchase.,134.89,fashion,Moscow,1116,0,3,True,0,6,False,False,False,1.1241,0
listing_003883,user_00939,Used iPhone 13 in good condition,Available for inspection before purchase.,943.1,electronics,Kazan,706,2,7,False,0,4,False,False,False,1.0479,0
listing_003884,user_01060,Leather shoes size 42,"Used carefully, normal sale, local pickup is possible.",143.15,fashion,Saint Petersburg,1394,1,5,False,1,6,False,False,False,1.1929,0
listing_003885,user_01621,Studio for long term rent,"Used carefully, normal sale, local pickup is possible.",79071.05,real_estate,Sochi,204,1,1,True,0,6,False,False,False,1.0543,0
listing_003886,user_00178,Used city bike,Available for inspection before purchase.,10124.85,vehicles,Moscow,1387,0,3,True,0,2,False,False,False,1.1912,0
listing_003887,user_00725,Apartment below market prepayment,"Used carefully, normal sale, local pickup is possible.",66770.47,real_estate,Saint Petersburg,989,0,4,False,1,3,False,False,False,0.8903,0
listing_003888,user_00212,Used iPhone 13 in good condition,"Personal item, can meet in person and answer questions.",1065.12,electronics,Kazan,483,1,3,True,0,2,False,False,False,1.1835,0
listing_003889,user_01660,Apartment below market prepayment,"Delivery after deposit, no calls, messenger only.",22339.56,real_estate,Novosibirsk,15,4,11,False,4,0,False,True,True,0.2979,1
listing_003890,user_01765,Sneakers limited urgent,"Delivery after deposit, no calls, messenger only.",42.3,fashion,Novosibirsk,18,3,17,False,0,2,False,True,True,0.3525,1
listing_003891,user_00465,One bedroom apartment near metro,"Used carefully, normal sale, local pickup is possible.",56519.57,real_estate,Saint Petersburg,138,0,2,True,1,2,False,False,False,0.7536,0
listing_003892,user_00033,Toyota Corolla 2016 clean documents,"Personal item, can meet in person and answer questions.",6870.65,vehicles,Saint Petersburg,327,1,1,True,0,5,False,False,False,0.8083,0
listing_003893,user_01748,Car urgent sale no questions,"Urgent sale today, write outside the platform.",1819.75,vehicles,Novosibirsk,19,6,20,False,0,1,False,True,True,0.2141,1
listing_003894,user_00067,Wooden desk in good condition,"Personal item, can meet in person and answer questions.",461.54,furniture,Moscow,97,0,4,True,0,6,False,False,False,1.0256,0
listing_003895,user_00512,Designer sofa very cheap urgent,"Urgent sale today, write outside the platform.",165.41,furniture,Moscow,1,8,17,False,1,0,False,True,True,0.3676,1
listing_003896,user_00351,Car urgent sale no questions,"Delivery after deposit, no calls, messenger only.",3336.61,vehicles,Sochi,16,5,21,False,2,2,False,True,True,0.3925,1
listing_003897,user_00341,MacBook sealed prepayment only,"Prepayment only, contact me in Telegram.",428.49,electronics,Kazan,11,6,21,False,1,1,True,True,True,0.4761,1
listing_003898,user_00037,Used iPhone 13 in good condition,"Personal item, can meet in person and answer questions.",983.58,electronics,Kazan,535,1,4,False,0,2,False,False,False,1.0929,0
listing_003899,user_01756,Used city bike,"Personal item, can meet in person and answer questions.",10469.4,vehicles,Moscow,838,2,4,True,0,4,False,False,False,1.2317,0
listing_003900,user_00809,Toyota Corolla 2016 clean documents,Available for inspection before purchase.,7547.05,vehicles,Saint Petersburg,459,2,6,True,0,2,False,False,False,0.8879,0
listing_003901,user_00174,MacBook sealed prepayment only,"Delivery after deposit, no calls, messenger only.",583.69,electronics,Moscow,9,5,18,False,1,1,False,True,True,0.6485,1
listing_003902,user_01389,Leather shoes size 42,"Personal item, can meet in person and answer questions.",141.14,fashion,Sochi,538,1,4,False,0,3,False,False,False,1.1762,0
listing_003903,user_00364,Designer sofa very cheap urgent,"Delivery after deposit, no calls, messenger only.",285.13,furniture,Moscow,3,2,16,False,1,0,False,True,True,0.6336,1
listing_003904,user_01429,Wooden desk in good condition,"Used carefully, normal sale, local pickup is possible.",487.1,furniture,Kazan,299,2,3,False,0,5,False,False,False,1.0824,0
listing_003905,user_00596,Luxury jacket original cheap,"Urgent sale today, write outside the platform.",77.61,fashion,Moscow,4,7,19,True,0,2,False,True,True,0.6468,1
listing_003906,user_00613,MacBook sealed prepayment only,"Delivery after deposit, no calls, messenger only.",549.28,electronics,Moscow,20,6,22,False,2,0,False,True,True,0.6103,1
listing_003907,user_01330,Scooter cheap today only,"Urgent sale today, write outside the platform.",1969.1,vehicles,Sochi,15,3,11,False,3,1,False,True,True,0.2317,1
listing_003908,user_00390,Dining table with chairs,"Personal item, can meet in person and answer questions.",361.0,furniture,Saint Petersburg,1214,0,4,True,0,4,False,False,False,0.8022,0
listing_003909,user_00489,Washing machine works well,"Personal item, can meet in person and answer questions.",558.19,home_appliances,Sochi,538,0,3,True,0,3,False,False,False,0.8588,0
listing_003910,user_00508,Toyota Corolla 2016 clean documents,"Used carefully, normal sale, local pickup is possible.",7182.47,vehicles,Moscow,578,0,5,True,0,2,False,False,False,0.845,0
listing_003911,user_00977,One bedroom apartment near metro,"Used carefully, normal sale, local pickup is possible.",61097.84,real_estate,Novosibirsk,1255,0,2,True,1,3,False,False,False,0.8146,0
listing_003912,user_01437,Scooter cheap today only,"Prepayment only, contact me in Telegram.",3215.7,vehicles,Novosibirsk,12,3,16,False,1,1,True,True,True,0.3783,1
listing_003913,user_00224,Car urgent sale no questions,"Urgent sale today, write outside the platform.",5568.31,vehicles,Kazan,18,3,11,False,1,0,False,True,True,0.6551,0
listing_003914,user_01763,Leather shoes size 42,"Personal item, can meet in person and answer questions.",50.75,fashion,Novosibirsk,1018,1,4,False,0,4,False,False,False,0.4229,0
listing_003915,user_01557,MacBook sealed prepayment only,"Prepayment only, contact me in Telegram.",323.66,electronics,Novosibirsk,13,5,15,False,0,1,True,True,True,0.3596,1
listing_003916,user_01413,Studio for long term rent,Available for inspection before purchase.,93910.1,real_estate,Kazan,484,0,4,False,0,6,False,False,False,1.2521,0
listing_003917,user_01240,One bedroom apartment near metro,Available for inspection before purchase.,96638.45,real_estate,Sochi,810,1,9,False,0,2,False,False,False,1.2885,0
listing_003918,user_00130,New fridge half price urgent,Available for inspection before purchase.,728.04,home_appliances,Saint Petersburg,952,3,5,True,0,3,False,True,False,1.1201,0
listing_003919,user_00191,Studio for long term rent,"Personal item, can meet in person and answer questions.",72751.26,real_estate,Saint Petersburg,865,2,7,True,0,6,False,False,False,0.97,0
listing_003920,user_01019,Washing machine works well,"Used carefully, normal sale, local pickup is possible.",801.86,home_appliances,Kazan,1264,2,9,False,0,2,False,False,False,1.2336,0
listing_003921,user_01734,One bedroom apartment near metro,Available for inspection before purchase.,85560.52,real_estate,Moscow,487,0,3,True,0,3,False,False,False,1.1408,0
listing_003922,user_01260,Studio for long term rent,Available for inspection before purchase.,73986.62,real_estate,Saint Petersburg,339,1,2,False,1,4,False,False,False,0.9865,0
listing_003923,user_01778,Washing machine works well,Available for inspection before purchase.,870.39,home_appliances,Novosibirsk,241,4,7,True,0,5,False,False,False,1.3391,0
listing_003924,user_01650,One bedroom apartment near metro,"Personal item, can meet in person and answer questions.",99429.18,real_estate,Moscow,848,0,5,True,0,4,False,False,False,1.3257,0
listing_003925,user_01425,Washing machine works well,"Delivery after deposit, no calls, messenger only.",538.7,home_appliances,Saint Petersburg,770,0,1,True,1,6,False,True,True,0.8288,0
listing_003926,user_00178,MacBook sealed prepayment only,Available for inspection before purchase.,1062.24,electronics,Saint Petersburg,1195,1,8,True,0,6,False,True,False,1.1803,0
listing_003927,user_00437,Winter jacket lightly used,"Personal item, can meet in person and answer questions.",96.32,fashion,Saint Petersburg,349,1,3,True,0,2,False,False,False,0.8027,0
listing_003928,user_00008,New table prepay reserve,"Prepayment only, contact me in Telegram.",156.69,furniture,Novosibirsk,18,4,16,False,2,1,True,True,True,0.3482,1
listing_003929,user_00517,Winter jacket lightly used,"Used carefully, normal sale, local pickup is possible.",58.11,fashion,Moscow,1045,1,9,True,1,3,False,False,False,0.4843,0
listing_003930,user_00436,Luxury jacket original cheap,"Urgent sale today, write outside the platform.",88.44,fashion,Novosibirsk,5,2,10,False,2,2,False,True,True,0.737,1
listing_003931,user_00731,Studio for long term rent,"Personal item, can meet in person and answer questions.",61744.34,real_estate,Novosibirsk,476,1,2,True,0,4,False,False,False,0.8233,0
listing_003932,user_00445,Microwave oven,"Used carefully, normal sale, local pickup is possible.",598.64,home_appliances,Kazan,1205,1,3,True,0,5,False,False,False,0.921,0
listing_003933,user_01564,Leather shoes size 42,"Personal item, can meet in person and answer questions.",91.65,fashion,Kazan,1086,1,5,False,1,4,False,False,False,0.7638,0
listing_003934,user_00730,Washing machine works well,"Personal item, can meet in person and answer questions.",558.2,home_appliances,Saint Petersburg,173,1,5,True,0,3,False,False,False,0.8588,0
listing_003935,user_00874,Microwave oven,Available for inspection before purchase.,308.58,home_appliances,Moscow,106,0,1,True,1,2,False,False,False,0.4747,0
listing_003936,user_01055,Wooden desk in good condition,"Used carefully, normal sale, local pickup is possible.",560.41,furniture,Sochi,566,0,2,True,0,2,False,False,False,1.2454,0
listing_003937,user_01355,Winter jacket lightly used,"Used carefully, normal sale, local pickup is possible.",145.08,fashion,Moscow,1379,2,5,False,0,3,False,False,False,1.209,0
listing_003938,user_00618,One bedroom apartment near metro,"Prepayment only, contact me in Telegram.",97457.08,real_estate,Saint Petersburg,1220,2,5,True,1,3,True,True,True,1.2994,0
listing_003939,user_00520,Used city bike,"Used carefully, normal sale, local pickup is possible.",3598.15,vehicles,Kazan,1032,0,2,True,0,2,False,False,False,0.4233,0
listing_003940,user_00631,Used city bike,Available for inspection before purchase.,7962.07,vehicles,Sochi,669,1,2,True,0,2,False,False,False,0.9367,0
listing_003941,user_00332,One bedroom apartment near metro,Available for inspection before purchase.,92015.48,real_estate,Novosibirsk,389,2,6,True,0,6,False,False,False,1.2269,0
listing_003942,user_01341,Designer sofa very cheap urgent,"Prepayment only, contact me in Telegram.",285.32,furniture,Kazan,3,4,14,False,0,1,True,True,True,0.634,1
listing_003943,user_01018,Used iPhone 13 in good condition,"Personal item, can meet in person and answer questions.",647.8,electronics,Saint Petersburg,444,0,3,True,0,2,False,False,False,0.7198,0
listing_003944,user_00531,Dining table with chairs,"Personal item, can meet in person and answer questions.",396.95,furniture,Kazan,1176,0,6,True,1,6,False,False,False,0.8821,0
listing_003945,user_01334,Washing machine works well,"Personal item, can meet in person and answer questions.",650.3,home_appliances,Novosibirsk,781,1,4,False,0,5,False,False,False,1.0005,0
listing_003946,user_00752,Leather shoes size 42,"Delivery after deposit, no calls, messenger only.",145.47,fashion,Kazan,829,0,8,True,0,3,False,True,True,1.2123,0
listing_003947,user_00124,Wooden desk in good condition,Available for inspection before purchase.,450.01,furniture,Kazan,1210,1,4,True,1,4,False,False,False,1.0,0
listing_003948,user_00739,Used iPhone 13 in good condition,"Delivery after deposit, no calls, messenger only.",605.43,electronics,Kazan,405,2,4,True,1,4,False,True,True,0.6727,0
listing_003949,user_00350,Apartment below market prepayment,"Delivery after deposit, no calls, messenger only.",52031.16,real_estate,Sochi,19,5,10,False,1,2,False,True,True,0.6937,1
listing_003950,user_00763,Used iPhone 13 in good condition,"Personal item, can meet in person and answer questions.",889.45,electronics,Novosibirsk,1337,2,3,True,0,2,False,False,False,0.9883,0
listing_003951,user_01749,Washing machine works well,"Personal item, can meet in person and answer questions.",782.31,home_appliances,Sochi,798,1,2,True,1,3,False,False,False,1.2036,0
listing_003952,user_00465,Winter jacket lightly used,Available for inspection before purchase.,69.23,fashion,Sochi,161,0,4,True,0,4,False,False,False,0.5769,0
listing_003953,user_00556,Microwave oven,"Personal item, can meet in person and answer questions.",788.62,home_appliances,Kazan,460,2,6,False,0,4,False,False,False,1.2133,0
listing_003954,user_00823,Gaming laptop with warranty,"Used carefully, normal sale, local pickup is possible.",1123.58,electronics,Saint Petersburg,458,2,7,True,0,4,False,False,False,1.2484,0
listing_003955,user_01439,Winter jacket lightly used,Available for inspection before purchase.,105.72,fashion,Sochi,176,1,9,True,1,5,False,False,False,0.881,0
listing_003956,user_00412,Studio for long term rent,"Used carefully, normal sale, local pickup is possible.",80344.14,real_estate,Kazan,922,0,3,True,1,2,False,False,False,1.0713,0
listing_003957,user_00076,Leather shoes size 42,"Used carefully, normal sale, local pickup is possible.",98.27,fashion,Saint Petersburg,756,0,2,True,0,3,False,False,False,0.8189,0
listing_003958,user_00860,Luxury jacket original cheap,"Used carefully, normal sale, local pickup is possible.",104.09,fashion,Novosibirsk,307,2,7,False,0,5,False,False,False,0.8674,0
listing_003959,user_01214,Sneakers limited urgent,"Prepayment only, contact me in Telegram.",51.28,fashion,Moscow,6,3,14,True,4,2,True,True,True,0.4273,1
listing_003960,user_01303,Wooden desk in good condition,"Used carefully, normal sale, local pickup is possible.",187.81,furniture,Kazan,1471,0,3,True,0,5,False,False,False,0.4174,0
listing_003961,user_01778,Winter jacket lightly used,"Personal item, can meet in person and answer questions.",92.41,fashion,Saint Petersburg,396,2,4,False,0,4,False,False,False,0.7701,0
listing_003962,user_01466,Dining table with chairs,"Personal item, can meet in person and answer questions.",504.63,furniture,Saint Petersburg,1227,1,6,True,1,5,False,False,False,1.1214,0
listing_003963,user_00317,Leather shoes size 42,"Used carefully, normal sale, local pickup is possible.",102.66,fashion,Sochi,1399,0,6,False,0,6,False,False,False,0.8555,0
listing_003964,user_01669,Used iPhone 13 in good condition,"Used carefully, normal sale, local pickup is possible.",971.47,electronics,Moscow,55,2,5,True,1,5,False,False,False,1.0794,0
listing_003965,user_01140,One bedroom apartment near metro,"Used carefully, normal sale, local pickup is possible.",67648.93,real_estate,Sochi,1173,1,7,True,0,4,False,False,False,0.902,0
listing_003966,user_00677,Gaming laptop with warranty,Available for inspection before purchase.,771.48,electronics,Kazan,264,1,3,True,0,6,False,False,False,0.8572,0
listing_003967,user_00285,Wooden desk in good condition,Available for inspection before purchase.,505.1,furniture,Saint Petersburg,520,0,1,True,0,2,False,False,False,1.1224,0
listing_003968,user_00302,Toyota Corolla 2016 clean documents,"Personal item, can meet in person and answer questions.",7335.69,vehicles,Moscow,1289,0,3,False,0,4,False,False,False,0.863,0
listing_003969,user_00772,iPhone 15 Pro very cheap urgent,"Delivery after deposit, no calls, messenger only.",413.41,electronics,Kazan,7,1,15,False,2,2,False,True,True,0.4593,1
listing_003970,user_00870,Winter jacket lightly used,"Used carefully, normal sale, local pickup is possible.",172.01,fashion,Novosibirsk,1317,1,4,True,0,5,False,False,False,1.4334,0
listing_003971,user_01695,One bedroom apartment near metro,"Used carefully, normal sale, local pickup is possible.",93920.0,real_estate,Sochi,601,1,4,False,1,3,False,False,False,1.2523,0
listing_003972,user_00176,Microwave oven,"Personal item, can meet in person and answer questions.",634.34,home_appliances,Moscow,1173,2,7,False,0,4,False,False,False,0.9759,0
listing_003973,user_00121,Toyota Corolla 2016 clean documents,"Personal item, can meet in person and answer questions.",11807.79,vehicles,Kazan,212,2,7,True,0,2,False,False,False,1.3892,0
listing_003974,user_01556,Gaming laptop with warranty,"Personal item, can meet in person and answer questions.",990.94,electronics,Sochi,1135,1,4,True,1,4,False,False,False,1.101,0
listing_003975,user_01633,Used city bike,"Personal item, can meet in person and answer questions.",7845.88,vehicles,Novosibirsk,1415,1,6,True,1,4,False,False,False,0.923,0
listing_003976,user_01608,Dining table with chairs,"Personal item, can meet in person and answer questions.",429.64,furniture,Sochi,512,2,7,True,0,5,False,False,False,0.9548,0
listing_003977,user_00160,Winter jacket lightly used,"Urgent sale today, write outside the platform.",134.06,fashion,Novosibirsk,918,2,6,True,0,6,False,True,True,1.1172,0
listing_003978,user_01196,One bedroom apartment near metro,Available for inspection before purchase.,65187.74,real_estate,Saint Petersburg,158,3,10,True,0,2,False,False,False,0.8692,0
listing_003979,user_01407,Apartment below market prepayment,"Used carefully, normal sale, local pickup is possible.",86398.64,real_estate,Sochi,36,0,0,True,0,3,False,False,False,1.152,0
listing_003980,user_01279,Used iPhone 13 in good condition,"Personal item, can meet in person and answer questions.",1204.04,electronics,Saint Petersburg,1196,0,5,True,0,3,False,False,False,1.3378,0
listing_003981,user_00599,Toyota Corolla 2016 clean documents,"Used carefully, normal sale, local pickup is possible.",8461.86,vehicles,Kazan,1436,1,4,False,0,3,False,False,False,0.9955,0
listing_003982,user_00357,Car urgent sale no questions,"Urgent sale today, write outside the platform.",2602.41,vehicles,Sochi,16,4,13,False,3,1,False,True,True,0.3062,1
listing_003983,user_00736,Scooter cheap today only,"Used carefully, normal sale, local pickup is possible.",7693.09,vehicles,Moscow,863,0,4,False,0,4,False,True,False,0.9051,0
listing_003984,user_00712,Toyota Corolla 2016 clean documents,Available for inspection before purchase.,4688.37,vehicles,Kazan,1319,1,5,True,0,5,False,False,False,0.5516,0
listing_003985,user_00140,Wooden desk in good condition,"Prepayment only, contact me in Telegram.",548.92,furniture,Sochi,1297,2,8,True,0,5,True,True,True,1.2198,0
listing_003986,user_00220,Winter jacket lightly used,"Used carefully, normal sale, local pickup is possible.",136.31,fashion,Kazan,73,1,2,True,0,3,False,False,False,1.1359,0
listing_003987,user_01265,Scooter cheap today only,"Personal item, can meet in person and answer questions.",10581.9,vehicles,Moscow,753,3,7,True,0,3,False,True,False,1.2449,0
listing_003988,user_00252,Microwave oven,Available for inspection before purchase.,598.72,home_appliances,Moscow,529,1,3,True,0,6,False,False,False,0.9211,0
listing_003989,user_01707,Studio for long term rent,"Used carefully, normal sale, local pickup is possible.",92018.71,real_estate,Saint Petersburg,132,0,5,False,0,6,False,False,False,1.2269,0
listing_003990,user_00231,Toyota Corolla 2016 clean documents,Available for inspection before purchase.,8092.32,vehicles,Kazan,1316,1,5,True,1,6,False,False,False,0.952,0
listing_003991,user_01006,New fridge half price urgent,"Prepayment only, contact me in Telegram.",150.17,home_appliances,Kazan,6,4,19,False,1,1,True,True,True,0.231,1
listing_003992,user_01568,Used iPhone 13 in good condition,Available for inspection before purchase.,734.36,electronics,Kazan,1015,2,3,False,1,5,False,False,False,0.816,0
listing_003993,user_00372,Washing machine works well,Available for inspection before purchase.,507.32,home_appliances,Moscow,1105,4,7,True,0,2,False,False,False,0.7805,0
listing_003994,user_00503,Used city bike,"Used carefully, normal sale, local pickup is possible.",9229.7,vehicles,Moscow,701,0,0,True,0,5,False,False,False,1.0858,0
listing_003995,user_01761,MacBook sealed prepayment only,"Urgent sale today, write outside the platform.",400.81,electronics,Sochi,20,3,16,False,1,1,False,True,True,0.4453,1
listing_003996,user_00338,Rent urgent contact Telegram,"Delivery after deposit, no calls, messenger only.",55173.01,real_estate,Sochi,5,5,22,False,3,2,True,True,True,0.7356,1
listing_003997,user_00570,Leather shoes size 42,"Used carefully, normal sale, local pickup is possible.",141.75,fashion,Moscow,1475,1,4,True,0,4,False,False,False,1.1812,0
listing_003998,user_00633,Leather shoes size 42,"Personal item, can meet in person and answer questions.",98.14,fashion,Moscow,647,0,4,False,0,5,False,False,False,0.8178,0
listing_003999,user_01551,MacBook sealed prepayment only,"Urgent sale today, write outside the platform.",632.64,electronics,Sochi,16,3,15,False,0,1,False,True,True,0.7029,0
listing_004000,user_00609,Designer sofa very cheap urgent,"Delivery after deposit, no calls, messenger only.",311.54,furniture,Moscow,5,4,12,False,1,0,False,True,True,0.6923,1
listing_004001,user_00891,Scooter cheap today only,"Delivery after deposit, no calls, messenger only.",5190.64,vehicles,Kazan,11,5,15,False,1,0,False,True,True,0.6107,1
listing_004002,user_00933,Gaming laptop with warranty,"Personal item, can meet in person and answer questions.",1009.17,electronics,Saint Petersburg,514,3,5,True,1,5,False,False,False,1.1213,0
listing_004003,user_00756,One bedroom apartment near metro,"Delivery after deposit, no calls, messenger only.",94258.14,real_estate,Moscow,714,0,6,True,0,6,False,True,True,1.2568,0
listing_004004,user_00230,Toyota Corolla 2016 clean documents,"Used carefully, normal sale, local pickup is possible.",12110.23,vehicles,Sochi,573,2,3,True,0,6,False,False,False,1.4247,0
listing_004005,user_00479,Microwave oven,"Used carefully, normal sale, local pickup is possible.",679.18,home_appliances,Kazan,761,0,3,True,1,2,False,False,False,1.0449,0
listing_004006,user_00629,Winter jacket lightly used,"Used carefully, normal sale, local pickup is possible.",86.8,fashion,Saint Petersburg,188,0,2,True,0,2,False,False,False,0.7233,0
listing_004007,user_00607,Washing machine works well,Available for inspection before purchase.,871.81,home_appliances,Novosibirsk,832,0,2,False,1,5,False,False,False,1.3412,0
listing_004008,user_00250,Car urgent sale no questions,"Urgent sale today, write outside the platform.",5407.44,vehicles,Moscow,13,6,18,False,1,2,False,True,True,0.6362,1
listing_004009,user_01746,Leather shoes size 42,"Personal item, can meet in person and answer questions.",97.18,fashion,Saint Petersburg,1239,1,4,True,0,4,False,False,False,0.8098,0
listing_004010,user_00780,One bedroom apartment near metro,"Personal item, can meet in person and answer questions.",55414.19,real_estate,Novosibirsk,885,3,8,True,0,5,False,False,False,0.7389,0
listing_004011,user_00287,Winter jacket lightly used,"Used carefully, normal sale, local pickup is possible.",111.53,fashion,Kazan,796,3,5,False,0,4,False,False,False,0.9294,0
listing_004012,user_00142,Winter jacket lightly used,"Used carefully, normal sale, local pickup is possible.",93.1,fashion,Saint Petersburg,1071,2,6,True,1,5,False,False,False,0.7758,0
listing_004013,user_00645,Studio for long term rent,"Personal item, can meet in person and answer questions.",99898.95,real_estate,Saint Petersburg,388,0,6,True,1,6,False,False,False,1.332,0
listing_004014,user_00726,Wooden desk in good condition,"Used carefully, normal sale, local pickup is possible.",348.75,furniture,Saint Petersburg,1190,0,1,True,0,4,False,False,False,0.775,0
listing_004015,user_00307,Leather shoes size 42,Available for inspection before purchase.,145.47,fashion,Moscow,105,1,3,True,0,2,False,False,False,1.2123,0
listing_004016,user_00245,Apartment below market prepayment,"Delivery after deposit, no calls, messenger only.",47429.53,real_estate,Sochi,7,4,16,False,1,2,False,True,True,0.6324,1
listing_004017,user_01007,Leather shoes size 42,"Used carefully, normal sale, local pickup is possible.",108.7,fashion,Kazan,303,0,4,False,0,6,False,False,False,0.9058,0
listing_004018,user_00312,Sneakers limited urgent,"Used carefully, normal sale, local pickup is possible.",138.56,fashion,Sochi,346,1,4,True,0,2,False,True,False,1.1547,0
listing_004019,user_01206,Wooden desk in good condition,"Personal item, can meet in person and answer questions.",587.49,furniture,Sochi,592,1,2,True,0,5,False,False,False,1.3055,0
listing_004020,user_01623,Scooter cheap today only,"Prepayment only, contact me in Telegram.",4481.15,vehicles,Sochi,12,4,14,False,0,0,True,True,True,0.5272,1
listing_004021,user_00763,One bedroom apartment near metro,Available for inspection before purchase.,102719.42,real_estate,Saint Petersburg,203,1,8,True,0,3,False,False,False,1.3696,0
listing_004022,user_01238,Leather shoes size 42,Available for inspection before purchase.,131.61,fashion,Sochi,596,0,3,True,0,6,False,False,False,1.0968,0
listing_004023,user_00402,MacBook sealed prepayment only,"Urgent sale today, write outside the platform.",387.33,electronics,Moscow,7,4,13,False,1,2,False,True,True,0.4304,1
listing_004024,user_00418,Used iPhone 13 in good condition,"Used carefully, normal sale, local pickup is possible.",867.82,electronics,Novosibirsk,377,0,3,True,0,6,False,False,False,0.9642,0
listing_004025,user_00048,Microwave oven,"Personal item, can meet in person and answer questions.",588.44,home_appliances,Kazan,731,1,7,True,0,2,False,False,False,0.9053,0
listing_004026,user_00496,Dining table with chairs,Available for inspection before purchase.,364.81,furniture,Moscow,1263,0,5,False,0,6,False,False,False,0.8107,0
listing_004027,user_01031,Studio for long term rent,Available for inspection before purchase.,72288.83,real_estate,Sochi,1230,1,3,True,0,3,False,False,False,0.9639,0
listing_004028,user_00572,Toyota Corolla 2016 clean documents,"Used carefully, normal sale, local pickup is possible.",10713.71,vehicles,Sochi,1401,3,6,True,0,3,False,False,False,1.2604,0
listing_004029,user_00182,One bedroom apartment near metro,"Personal item, can meet in person and answer questions.",92524.38,real_estate,Saint Petersburg,692,2,4,True,0,6,False,False,False,1.2337,0
listing_004030,user_01777,Studio for long term rent,Available for inspection before purchase.,69558.1,real_estate,Novosibirsk,1186,1,4,False,0,2,False,False,False,0.9274,0
listing_004031,user_00696,Toyota Corolla 2016 clean documents,Available for inspection before purchase.,7523.13,vehicles,Sochi,55,1,3,True,0,4,False,False,False,0.8851,0
listing_004032,user_00310,Wooden desk in good condition,"Used carefully, normal sale, local pickup is possible.",482.7,furniture,Kazan,1211,3,8,True,0,4,False,False,False,1.0727,0
listing_004033,user_00381,Leather shoes size 42,Available for inspection before purchase.,116.01,fashion,Moscow,1292,1,6,True,0,3,False,False,False,0.9667,0
listing_004034,user_00421,Washing machine works well,"Used carefully, normal sale, local pickup is possible.",551.38,home_appliances,Saint Petersburg,186,0,3,True,0,5,False,False,False,0.8483,0
listing_004035,user_01018,Winter jacket lightly used,"Personal item, can meet in person and answer questions.",121.36,fashion,Kazan,174,0,1,True,0,6,False,False,False,1.0113,0
listing_004036,user_00896,Gaming laptop with warranty,"Personal item, can meet in person and answer questions.",908.28,electronics,Kazan,215,1,3,True,0,6,False,False,False,1.0092,0
listing_004037,user_00427,Car urgent sale no questions,"Delivery after deposit, no calls, messenger only.",5042.36,vehicles,Novosibirsk,11,6,18,False,1,1,False,True,True,0.5932,1
listing_004038,user_00922,Used iPhone 13 in good condition,"Prepayment only, contact me in Telegram.",954.62,electronics,Saint Petersburg,1056,1,4,True,0,6,True,True,True,1.0607,0
listing_004039,user_01482,Used iPhone 13 in good condition,"Personal item, can meet in person and answer questions.",737.04,electronics,Saint Petersburg,823,1,7,False,0,5,False,False,False,0.8189,0
listing_004040,user_00939,iPhone 15 Pro very cheap urgent,Available for inspection before purchase.,1096.02,electronics,Kazan,190,2,3,True,0,2,False,True,False,1.2178,0
listing_004041,user_01296,Washing machine works well,Available for inspection before purchase.,818.59,home_appliances,Moscow,1272,2,5,True,0,2,False,False,False,1.2594,0
listing_004042,user_01289,Apartment below market prepayment,"Delivery after deposit, no calls, messenger only.",54416.24,real_estate,Saint Petersburg,16,9,18,False,2,0,False,True,True,0.7255,1
listing_004043,user_01545,Leather shoes size 42,"Used carefully, normal sale, local pickup is possible.",137.31,fashion,Saint Petersburg,881,0,3,True,0,5,False,False,False,1.1442,0
listing_004044,user_00115,Wooden desk in good condition,Available for inspection before purchase.,586.13,furniture,Sochi,100,3,6,False,0,5,False,False,False,1.3025,0
listing_004045,user_01278,Microwave oven,"Personal item, can meet in person and answer questions.",673.84,home_appliances,Saint Petersburg,1419,2,4,True,0,2,False,False,False,1.0367,0
listing_004046,user_00561,Microwave oven,"Used carefully, normal sale, local pickup is possible.",624.87,home_appliances,Moscow,503,3,4,True,0,2,False,False,False,0.9613,0
listing_004047,user_01069,Gaming laptop with warranty,"Personal item, can meet in person and answer questions.",1226.78,electronics,Saint Petersburg,296,3,8,True,0,3,False,False,False,1.3631,0
listing_004048,user_00805,Leather shoes size 42,"Personal item, can meet in person and answer questions.",143.2,fashion,Saint Petersburg,842,1,7,True,0,4,False,False,False,1.1933,0
listing_004049,user_01456,Used city bike,"Personal item, can meet in person and answer questions.",6795.69,vehicles,Sochi,671,1,6,False,1,4,False,False,False,0.7995,0
listing_004050,user_01732,MacBook sealed prepayment only,"Urgent sale today, write outside the platform.",271.08,electronics,Moscow,1,10,28,False,1,1,False,True,True,0.3012,1
listing_004051,user_00998,Studio for long term rent,Available for inspection before purchase.,101096.03,real_estate,Saint Petersburg,804,0,6,False,0,4,False,False,False,1.3479,0
listing_004052,user_00199,Microwave oven,"Delivery after deposit, no calls, messenger only.",919.26,home_appliances,Sochi,1107,2,4,True,0,4,False,True,True,1.4142,0
listing_004053,user_01578,Dining table with chairs,"Used carefully, normal sale, local pickup is possible.",604.62,furniture,Sochi,242,0,1,True,0,2,False,False,False,1.3436,0
listing_004054,user_00545,Winter jacket lightly used,"Personal item, can meet in person and answer questions.",98.93,fashion,Kazan,955,0,2,True,0,6,False,False,False,0.8244,0
listing_004055,user_00646,Winter jacket lightly used,Available for inspection before purchase.,146.07,fashion,Moscow,809,0,3,True,0,2,False,False,False,1.2172,0
listing_004056,user_01436,iPhone 15 Pro very cheap urgent,"Delivery after deposit, no calls, messenger only.",469.38,electronics,Kazan,8,4,18,False,4,2,False,True,True,0.5215,1
listing_004057,user_00344,Used iPhone 13 in good condition,"Used carefully, normal sale, local pickup is possible.",928.7,electronics,Kazan,549,0,2,True,1,6,False,False,False,1.0319,0
listing_004058,user_01018,New table prepay reserve,"Delivery after deposit, no calls, messenger only.",125.31,furniture,Saint Petersburg,9,10,19,False,1,0,False,True,True,0.2785,1
listing_004059,user_01304,Washing machine works well,"Used carefully, normal sale, local pickup is possible.",570.01,home_appliances,Moscow,1398,1,6,True,0,6,False,False,False,0.8769,0
listing_004060,user_01089,Designer sofa very cheap urgent,"Urgent sale today, write outside the platform.",252.35,furniture,Novosibirsk,9,4,14,False,0,1,False,True,True,0.5608,1
listing_004061,user_01352,Designer sofa very cheap urgent,"Prepayment only, contact me in Telegram.",188.39,furniture,Saint Petersburg,13,6,17,False,1,1,True,True,True,0.4186,1
listing_004062,user_00069,Studio for long term rent,"Used carefully, normal sale, local pickup is possible.",97662.83,real_estate,Kazan,563,0,3,False,0,5,False,False,False,1.3022,0
listing_004063,user_00253,Car urgent sale no questions,"Delivery after deposit, no calls, messenger only.",6639.95,vehicles,Saint Petersburg,1,2,13,False,0,1,False,True,True,0.7812,1
listing_004064,user_00294,Car urgent sale no questions,"Delivery after deposit, no calls, messenger only.",5456.61,vehicles,Sochi,1,3,16,False,2,1,False,True,True,0.642,1
listing_004065,user_01288,Gaming laptop with warranty,Available for inspection before purchase.,1003.69,electronics,Moscow,448,0,3,True,0,2,False,False,False,1.1152,0
listing_004066,user_01251,Dining table with chairs,"Urgent sale today, write outside the platform.",595.86,furniture,Moscow,1333,0,4,True,1,2,False,True,True,1.3241,0
listing_004067,user_01462,Winter jacket lightly used,"Used carefully, normal sale, local pickup is possible.",118.72,fashion,Saint Petersburg,162,2,8,True,0,3,False,False,False,0.9893,0
listing_004068,user_00640,Washing machine works well,"Personal item, can meet in person and answer questions.",748.54,home_appliances,Kazan,1147,2,6,True,0,2,False,False,False,1.1516,0
listing_004069,user_00110,iPhone 15 Pro very cheap urgent,"Delivery after deposit, no calls, messenger only.",508.25,electronics,Novosibirsk,16,5,16,False,0,0,False,True,True,0.5647,1
listing_004070,user_01340,Washer cheap Telegram,"Urgent sale today, write outside the platform.",299.84,home_appliances,Saint Petersburg,16,3,17,True,2,0,True,True,True,0.4613,1
listing_004071,user_00854,Toyota Corolla 2016 clean documents,"Used carefully, normal sale, local pickup is possible.",8459.53,vehicles,Moscow,932,1,2,True,0,6,False,False,False,0.9952,0
listing_004072,user_01644,Designer sofa very cheap urgent,"Prepayment only, contact me in Telegram.",283.7,furniture,Sochi,9,2,12,False,2,1,True,True,True,0.6304,1
listing_004073,user_01481,Washing machine works well,Available for inspection before purchase.,829.45,home_appliances,Novosibirsk,420,0,4,True,0,5,False,False,False,1.2761,0
listing_004074,user_00923,Washing machine works well,"Used carefully, normal sale, local pickup is possible.",598.72,home_appliances,Sochi,694,3,4,True,0,5,False,False,False,0.9211,0
listing_004075,user_00708,Used iPhone 13 in good condition,"Used carefully, normal sale, local pickup is possible.",1036.15,electronics,Novosibirsk,900,1,2,True,0,4,False,False,False,1.1513,0
listing_004076,user_01259,Used city bike,"Personal item, can meet in person and answer questions.",6297.44,vehicles,Novosibirsk,70,2,5,True,0,3,False,False,False,0.7409,0
listing_004077,user_00063,New table prepay reserve,"Prepayment only, contact me in Telegram.",223.82,furniture,Moscow,6,5,16,False,2,0,True,True,True,0.4974,1
listing_004078,user_01648,One bedroom apartment near metro,"Used carefully, normal sale, local pickup is possible.",90533.15,real_estate,Novosibirsk,741,2,3,True,0,4,False,False,False,1.2071,0
listing_004079,user_01570,Dining table with chairs,"Used carefully, normal sale, local pickup is possible.",481.35,furniture,Sochi,1233,0,2,True,0,5,False,False,False,1.0697,0
listing_004080,user_00450,Wooden desk in good condition,"Personal item, can meet in person and answer questions.",579.27,furniture,Moscow,306,0,0,True,0,4,False,False,False,1.2873,0
listing_004081,user_00840,Designer sofa very cheap urgent,"Urgent sale today, write outside the platform.",92.5,furniture,Novosibirsk,18,10,17,True,1,1,False,True,True,0.2056,1
listing_004082,user_00767,Used iPhone 13 in good condition,"Used carefully, normal sale, local pickup is possible.",1037.6,electronics,Novosibirsk,39,0,6,True,0,4,False,False,False,1.1529,0
listing_004083,user_00846,Used city bike,"Used carefully, normal sale, local pickup is possible.",9379.45,vehicles,Sochi,522,0,2,False,0,3,False,False,False,1.1035,0
listing_004084,user_01323,New table prepay reserve,"Delivery after deposit, no calls, messenger only.",284.86,furniture,Moscow,15,9,20,False,0,1,False,True,True,0.633,1
listing_004085,user_01422,Leather shoes size 42,Available for inspection before purchase.,150.68,fashion,Saint Petersburg,206,2,4,True,0,4,False,False,False,1.2557,0
listing_004086,user_00686,Studio for long term rent,"Used carefully, normal sale, local pickup is possible.",87630.29,real_estate,Sochi,1476,2,5,True,0,4,False,False,False,1.1684,0
listing_004087,user_00445,Dining table with chairs,"Used carefully, normal sale, local pickup is possible.",593.15,furniture,Novosibirsk,680,0,0,True,0,6,False,False,False,1.3181,0
listing_004088,user_00834,Used iPhone 13 in good condition,"Personal item, can meet in person and answer questions.",919.39,electronics,Saint Petersburg,965,0,2,True,0,2,False,False,False,1.0215,0
listing_004089,user_01225,Studio for long term rent,"Personal item, can meet in person and answer questions.",77644.32,real_estate,Sochi,602,1,4,True,0,4,False,False,False,1.0353,0
listing_004090,user_00195,Car urgent sale no questions,"Prepayment only, contact me in Telegram.",5244.16,vehicles,Novosibirsk,6,4,17,True,0,1,True,True,True,0.617,1
listing_004091,user_01157,Toyota Corolla 2016 clean documents,Available for inspection before purchase.,9584.14,vehicles,Kazan,366,0,4,False,0,4,False,False,False,1.1275,0
listing_004092,user_01759,Microwave oven,Available for inspection before purchase.,581.52,home_appliances,Moscow,1449,1,3,False,1,4,False,False,False,0.8946,0
listing_004093,user_01279,Microwave oven,"Personal item, can meet in person and answer questions.",681.18,home_appliances,Sochi,551,0,2,True,0,2,False,False,False,1.048,0
listing_004094,user_00714,Dining table with chairs,"Personal item, can meet in person and answer questions.",426.42,furniture,Saint Petersburg,1412,1,5,True,0,4,False,False,False,0.9476,0
listing_004095,user_00249,Wooden desk in good condition,"Used carefully, normal sale, local pickup is possible.",487.56,furniture,Kazan,1271,1,5,True,0,5,False,False,False,1.0835,0
listing_004096,user_01241,Washing machine works well,"Used carefully, normal sale, local pickup is possible.",897.62,home_appliances,Moscow,1255,2,2,True,0,2,False,False,False,1.381,0
listing_004097,user_01605,Toyota Corolla 2016 clean documents,Available for inspection before purchase.,6522.18,vehicles,Saint Petersburg,53,1,3,False,0,4,False,False,False,0.7673,0
listing_004098,user_00265,Washer cheap Telegram,"Urgent sale today, write outside the platform.",442.97,home_appliances,Moscow,2,3,13,True,1,0,True,True,True,0.6815,1
listing_004099,user_01085,Dining table with chairs,Available for inspection before purchase.,433.37,furniture,Novosibirsk,732,1,7,True,0,2,False,False,False,0.963,0
listing_004100,user_01658,Dining table with chairs,"Personal item, can meet in person and answer questions.",322.75,furniture,Novosibirsk,801,0,5,True,1,3,False,False,False,0.7172,0
listing_004101,user_00736,New fridge half price urgent,"Prepayment only, contact me in Telegram.",375.03,home_appliances,Moscow,2,7,24,False,2,1,True,True,True,0.577,1
listing_004102,user_00626,iPhone 15 Pro very cheap urgent,"Delivery after deposit, no calls, messenger only.",472.13,electronics,Sochi,0,3,11,False,2,0,False,True,True,0.5246,1
listing_004103,user_00038,Rent urgent contact Telegram,"Urgent sale today, write outside the platform.",36226.51,real_estate,Novosibirsk,15,3,20,False,1,1,True,True,True,0.483,1
listing_004104,user_00682,Dining table with chairs,"Personal item, can meet in person and answer questions.",473.58,furniture,Moscow,981,2,3,False,0,5,False,False,False,1.0524,0
listing_004105,user_00240,Washing machine works well,"Personal item, can meet in person and answer questions.",843.44,home_appliances,Saint Petersburg,129,1,9,True,0,5,False,False,False,1.2976,0
listing_004106,user_01234,Dining table with chairs,"Used carefully, normal sale, local pickup is possible.",358.03,furniture,Sochi,729,0,2,True,0,5,False,False,False,0.7956,0
listing_004107,user_01505,Luxury jacket original cheap,"Delivery after deposit, no calls, messenger only.",67.73,fashion,Sochi,15,6,12,True,1,1,False,True,True,0.5644,1
listing_004108,user_00955,Studio for long term rent,"Personal item, can meet in person and answer questions.",62940.15,real_estate,Saint Petersburg,981,3,5,True,1,3,False,False,False,0.8392,0
listing_004109,user_00100,Toyota Corolla 2016 clean documents,"Personal item, can meet in person and answer questions.",7902.22,vehicles,Saint Petersburg,1446,2,6,True,0,3,False,False,False,0.9297,0
listing_004110,user_00212,Used iPhone 13 in good condition,"Personal item, can meet in person and answer questions.",849.74,electronics,Sochi,956,0,0,True,0,5,False,False,False,0.9442,0
listing_004111,user_00149,Dining table with chairs,Available for inspection before purchase.,536.55,furniture,Sochi,1228,1,4,True,0,4,False,False,False,1.1923,0
listing_004112,user_00232,One bedroom apartment near metro,Available for inspection before purchase.,59565.73,real_estate,Sochi,1323,0,0,True,1,6,False,False,False,0.7942,0
listing_004113,user_01422,Used iPhone 13 in good condition,"Urgent sale today, write outside the platform.",1063.75,electronics,Moscow,285,0,3,True,0,6,False,True,True,1.1819,0
listing_004114,user_00942,Studio for long term rent,Available for inspection before purchase.,100322.83,real_estate,Saint Petersburg,387,0,3,True,0,4,False,False,False,1.3376,0
listing_004115,user_00466,Winter jacket lightly used,"Personal item, can meet in person and answer questions.",139.93,fashion,Kazan,228,0,3,True,0,3,False,False,False,1.1661,0
listing_004116,user_00973,Washing machine works well,Available for inspection before purchase.,871.3,home_appliances,Kazan,1301,2,4,True,1,5,False,False,False,1.3405,0
listing_004117,user_00694,Washer cheap Telegram,"Delivery after deposit, no calls, messenger only.",158.36,home_appliances,Novosibirsk,0,3,15,False,0,0,True,True,True,0.2436,1
listing_004118,user_00898,Winter jacket lightly used,"Used carefully, normal sale, local pickup is possible.",94.42,fashion,Novosibirsk,1358,0,9,True,0,6,False,False,False,0.7868,0
listing_004119,user_00577,Gaming laptop with warranty,Available for inspection before purchase.,766.44,electronics,Moscow,1466,0,1,True,0,3,False,False,False,0.8516,0
listing_004120,user_00628,Toyota Corolla 2016 clean documents,"Personal item, can meet in person and answer questions.",9234.93,vehicles,Saint Petersburg,528,0,3,True,0,6,False,False,False,1.0865,0
listing_004121,user_01454,Wooden desk in good condition,"Delivery after deposit, no calls, messenger only.",463.04,furniture,Kazan,270,0,3,True,1,4,False,True,True,1.029,0
listing_004122,user_00677,Apartment below market prepayment,"Urgent sale today, write outside the platform.",39953.78,real_estate,Saint Petersburg,7,0,12,False,1,1,False,True,True,0.5327,1
listing_004123,user_00955,Winter jacket lightly used,"Prepayment only, contact me in Telegram.",155.04,fashion,Saint Petersburg,550,1,3,False,0,6,True,True,True,1.292,0
listing_004124,user_01566,Used iPhone 13 in good condition,Available for inspection before purchase.,976.17,electronics,Novosibirsk,1311,1,4,True,0,6,False,False,False,1.0846,0
listing_004125,user_01090,Dining table with chairs,"Personal item, can meet in person and answer questions.",588.65,furniture,Kazan,1209,2,3,False,1,6,False,False,False,1.3081,0
listing_004126,user_01068,iPhone 15 Pro very cheap urgent,Available for inspection before purchase.,976.67,electronics,Kazan,241,3,7,True,0,4,False,True,False,1.0852,0
listing_004127,user_01044,Toyota Corolla 2016 clean documents,"Used carefully, normal sale, local pickup is possible.",7013.31,vehicles,Saint Petersburg,66,2,6,False,0,6,False,False,False,0.8251,0
listing_004128,user_00289,Luxury jacket original cheap,"Urgent sale today, write outside the platform.",58.09,fashion,Kazan,8,4,18,False,2,0,False,True,True,0.4841,1
listing_004129,user_00098,Microwave oven,"Used carefully, normal sale, local pickup is possible.",861.73,home_appliances,Sochi,377,1,2,True,0,5,False,False,False,1.3257,0
listing_004130,user_01007,MacBook sealed prepayment only,"Delivery after deposit, no calls, messenger only.",364.72,electronics,Kazan,14,5,13,False,1,1,False,True,True,0.4052,1
listing_004131,user_01316,One bedroom apartment near metro,"Used carefully, normal sale, local pickup is possible.",96662.77,real_estate,Novosibirsk,1305,0,3,True,0,5,False,False,False,1.2888,0
listing_004132,user_00567,Used iPhone 13 in good condition,"Personal item, can meet in person and answer questions.",871.79,electronics,Saint Petersburg,32,1,6,False,1,3,False,False,False,0.9687,0
listing_004133,user_00164,Toyota Corolla 2016 clean documents,Available for inspection before purchase.,7347.24,vehicles,Saint Petersburg,1007,0,7,True,1,2,False,False,False,0.8644,0
listing_004134,user_01792,Dining table with chairs,Available for inspection before purchase.,607.47,furniture,Moscow,1144,1,5,True,0,5,False,False,False,1.3499,0
listing_004135,user_01594,Gaming laptop with warranty,"Personal item, can meet in person and answer questions.",824.71,electronics,Saint Petersburg,454,1,2,True,0,4,False,False,False,0.9163,0
listing_004136,user_00290,Used iPhone 13 in good condition,"Personal item, can meet in person and answer questions.",1159.37,electronics,Moscow,1091,1,3,True,0,5,False,False,False,1.2882,0
listing_004137,user_01732,Leather shoes size 42,"Personal item, can meet in person and answer questions.",106.33,fashion,Novosibirsk,1328,1,4,True,0,2,False,False,False,0.8861,0
listing_004138,user_01529,iPhone 15 Pro very cheap urgent,"Urgent sale today, write outside the platform.",387.17,electronics,Moscow,1,3,24,False,1,1,False,True,True,0.4302,1
listing_004139,user_01740,Dining table with chairs,"Used carefully, normal sale, local pickup is possible.",583.24,furniture,Moscow,534,2,4,True,0,6,False,False,False,1.2961,0
listing_004140,user_01501,Used city bike,"Personal item, can meet in person and answer questions.",10067.68,vehicles,Novosibirsk,1302,1,5,True,0,6,False,False,False,1.1844,0
listing_004141,user_00094,Used city bike,"Personal item, can meet in person and answer questions.",10395.9,vehicles,Sochi,1401,3,3,True,1,5,False,False,False,1.223,0
listing_004142,user_01217,Designer sofa very cheap urgent,"Prepayment only, contact me in Telegram.",222.46,furniture,Saint Petersburg,12,1,15,False,0,0,True,True,True,0.4944,1
listing_004143,user_01447,Studio for long term rent,Available for inspection before purchase.,85811.78,real_estate,Novosibirsk,851,1,2,True,0,3,False,False,False,1.1442,0
listing_004144,user_00096,Used iPhone 13 in good condition,"Personal item, can meet in person and answer questions.",1062.66,electronics,Moscow,782,0,5,True,0,4,False,False,False,1.1807,0
listing_004145,user_00419,Gaming laptop with warranty,Available for inspection before purchase.,930.84,electronics,Saint Petersburg,1496,1,5,True,0,2,False,False,False,1.0343,0
listing_004146,user_00915,One bedroom apartment near metro,"Personal item, can meet in person and answer questions.",92775.45,real_estate,Saint Petersburg,126,1,3,True,0,6,False,False,False,1.237,0
listing_004147,user_01750,Designer sofa very cheap urgent,"Urgent sale today, write outside the platform.",170.79,furniture,Saint Petersburg,9,4,24,False,2,0,False,True,True,0.3795,1
listing_004148,user_00297,MacBook sealed prepayment only,"Delivery after deposit, no calls, messenger only.",597.02,electronics,Novosibirsk,18,6,21,False,1,2,False,True,True,0.6634,1
listing_004149,user_01380,Microwave oven,"Used carefully, normal sale, local pickup is possible.",710.01,home_appliances,Kazan,602,0,3,True,1,6,False,False,False,1.0923,0
listing_004150,user_01058,Apartment below market prepayment,"Urgent sale today, write outside the platform.",24683.76,real_estate,Moscow,11,8,28,False,0,0,False,True,True,0.3291,1
listing_004151,user_01747,iPhone 15 Pro very cheap urgent,"Prepayment only, contact me in Telegram.",240.65,electronics,Saint Petersburg,15,6,25,False,1,2,True,True,True,0.2674,1
listing_004152,user_00923,Designer sofa very cheap urgent,"Delivery after deposit, no calls, messenger only.",166.41,furniture,Novosibirsk,1,8,25,False,0,1,False,True,True,0.3698,1
listing_004153,user_00148,Luxury jacket original cheap,"Delivery after deposit, no calls, messenger only.",76.44,fashion,Kazan,20,2,11,True,1,1,False,True,True,0.637,0
listing_004154,user_00905,Toyota Corolla 2016 clean documents,"Used carefully, normal sale, local pickup is possible.",10150.07,vehicles,Moscow,1457,2,4,True,1,6,False,False,False,1.1941,0
listing_004155,user_01740,iPhone 15 Pro very cheap urgent,"Delivery after deposit, no calls, messenger only.",637.02,electronics,Saint Petersburg,6,7,20,False,2,1,False,True,True,0.7078,1
listing_004156,user_00948,New table prepay reserve,"Urgent sale today, write outside the platform.",264.36,furniture,Saint Petersburg,16,6,18,False,2,2,False,True,True,0.5875,1
listing_004157,user_00542,Studio for long term rent,"Personal item, can meet in person and answer questions.",79014.29,real_estate,Saint Petersburg,1374,1,2,False,0,3,False,False,False,1.0535,0
listing_004158,user_01222,New fridge half price urgent,"Personal item, can meet in person and answer questions.",730.1,home_appliances,Saint Petersburg,361,0,2,True,0,2,False,True,False,1.1232,0
listing_004159,user_00670,Dining table with chairs,"Used carefully, normal sale, local pickup is possible.",472.08,furniture,Moscow,605,1,3,True,0,4,False,False,False,1.0491,0
listing_004160,user_01549,Apartment below market prepayment,"Urgent sale today, write outside the platform.",76826.84,real_estate,Moscow,710,0,2,True,1,2,False,True,True,1.0244,0
listing_004161,user_00557,Gaming laptop with warranty,"Personal item, can meet in person and answer questions.",1132.07,electronics,Sochi,784,1,4,False,0,3,False,False,False,1.2579,0
listing_004162,user_00709,Used city bike,"Used carefully, normal sale, local pickup is possible.",8750.72,vehicles,Kazan,530,0,2,True,0,5,False,False,False,1.0295,0
listing_004163,user_00264,Designer sofa very cheap urgent,"Delivery after deposit, no calls, messenger only.",210.23,furniture,Sochi,0,3,18,True,1,1,False,True,True,0.4672,1
listing_004164,user_00501,New table prepay reserve,"Prepayment only, contact me in Telegram.",358.47,furniture,Kazan,13,7,18,False,0,1,True,True,True,0.7966,1
listing_004165,user_01295,New table prepay reserve,"Urgent sale today, write outside the platform.",259.68,furniture,Sochi,15,4,23,True,1,1,False,True,True,0.5771,0
listing_004166,user_00501,Winter jacket lightly used,"Personal item, can meet in person and answer questions.",159.53,fashion,Novosibirsk,1450,1,8,True,0,5,False,False,False,1.3294,0
listing_004167,user_00546,Washing machine works well,"Personal item, can meet in person and answer questions.",825.76,home_appliances,Moscow,693,1,6,True,0,6,False,False,False,1.2704,0
listing_004168,user_01112,Used city bike,"Used carefully, normal sale, local pickup is possible.",6771.17,vehicles,Novosibirsk,1421,0,4,True,1,4,False,False,False,0.7966,0
listing_004169,user_01341,Dining table with chairs,Available for inspection before purchase.,539.04,furniture,Kazan,1092,0,4,True,1,3,False,False,False,1.1979,0
listing_004170,user_00740,Used iPhone 13 in good condition,"Personal item, can meet in person and answer questions.",1080.89,electronics,Kazan,436,1,4,True,0,2,False,False,False,1.201,0
listing_004171,user_01376,Gaming laptop with warranty,Available for inspection before purchase.,996.7,electronics,Saint Petersburg,808,0,4,True,0,2,False,False,False,1.1074,0
listing_004172,user_01419,Used city bike,Available for inspection before purchase.,9490.13,vehicles,Saint Petersburg,1458,1,7,True,1,4,False,False,False,1.1165,0
listing_004173,user_01755,Toyota Corolla 2016 clean documents,Available for inspection before purchase.,8067.02,vehicles,Saint Petersburg,981,1,5,True,1,3,False,False,False,0.9491,0
listing_004174,user_01392,One bedroom apartment near metro,"Personal item, can meet in person and answer questions.",81735.98,real_estate,Moscow,1179,0,3,True,0,5,False,False,False,1.0898,0
listing_004175,user_00704,Washing machine works well,"Personal item, can meet in person and answer questions.",860.37,home_appliances,Novosibirsk,459,1,2,True,0,4,False,False,False,1.3236,0
listing_004176,user_00370,One bedroom apartment near metro,"Used carefully, normal sale, local pickup is possible.",59096.19,real_estate,Kazan,487,0,2,True,1,5,False,False,False,0.7879,0
listing_004177,user_01454,Washing machine works well,Available for inspection before purchase.,757.61,home_appliances,Novosibirsk,908,0,2,True,0,2,False,False,False,1.1656,0
listing_004178,user_00725,Used iPhone 13 in good condition,"Personal item, can meet in person and answer questions.",820.8,electronics,Moscow,1458,0,7,True,0,4,False,False,False,0.912,0
listing_004179,user_01071,Used city bike,"Personal item, can meet in person and answer questions.",6095.49,vehicles,Moscow,926,0,4,False,0,6,False,False,False,0.7171,0
listing_004180,user_01081,Gaming laptop with warranty,"Personal item, can meet in person and answer questions.",937.24,electronics,Saint Petersburg,698,0,5,True,1,3,False,False,False,1.0414,0
listing_004181,user_00588,Scooter cheap today only,"Delivery after deposit, no calls, messenger only.",3048.42,vehicles,Kazan,3,4,15,True,1,0,False,True,True,0.3586,1
listing_004182,user_01436,Car urgent sale no questions,"Urgent sale today, write outside the platform.",1743.14,vehicles,Saint Petersburg,7,4,13,False,0,1,False,True,True,0.2051,1
listing_004183,user_00391,Winter jacket lightly used,"Delivery after deposit, no calls, messenger only.",124.59,fashion,Sochi,332,2,4,True,1,5,False,True,True,1.0383,0
listing_004184,user_01137,Washer cheap Telegram,"Delivery after deposit, no calls, messenger only.",244.37,home_appliances,Saint Petersburg,20,7,24,False,1,2,True,True,True,0.376,1
listing_004185,user_00470,Toyota Corolla 2016 clean documents,"Used carefully, normal sale, local pickup is possible.",9579.28,vehicles,Saint Petersburg,956,0,3,True,0,6,False,False,False,1.127,0
listing_004186,user_00686,Used city bike,"Personal item, can meet in person and answer questions.",8876.8,vehicles,Sochi,516,1,5,True,0,6,False,False,False,1.0443,0
listing_004187,user_00649,Winter jacket lightly used,Available for inspection before purchase.,132.34,fashion,Novosibirsk,372,2,3,True,0,6,False,False,False,1.1028,0
listing_004188,user_00400,Car urgent sale no questions,"Prepayment only, contact me in Telegram.",2139.37,vehicles,Kazan,19,3,14,False,4,2,True,True,True,0.2517,1
listing_004189,user_00642,One bedroom apartment near metro,"Personal item, can meet in person and answer questions.",73729.55,real_estate,Saint Petersburg,1140,0,3,False,1,3,False,False,False,0.9831,0
listing_004190,user_00994,Gaming laptop with warranty,Available for inspection before purchase.,1104.26,electronics,Sochi,631,1,3,True,0,6,False,False,False,1.227,0
listing_004191,user_01025,Car urgent sale no questions,"Prepayment only, contact me in Telegram.",4435.86,vehicles,Saint Petersburg,5,3,15,False,3,1,True,True,True,0.5219,1
listing_004192,user_01410,Scooter cheap today only,"Urgent sale today, write outside the platform.",1998.53,vehicles,Moscow,4,8,18,False,0,0,False,True,True,0.2351,1
listing_004193,user_00479,Toyota Corolla 2016 clean documents,Available for inspection before purchase.,7046.58,vehicles,Moscow,616,1,7,False,0,3,False,False,False,0.829,0
listing_004194,user_00734,Wooden desk in good condition,"Personal item, can meet in person and answer questions.",559.97,furniture,Saint Petersburg,135,1,5,False,0,3,False,False,False,1.2444,0
listing_004195,user_00382,Apartment below market prepayment,"Prepayment only, contact me in Telegram.",30612.64,real_estate,Sochi,6,7,28,False,2,2,True,True,True,0.4082,1
listing_004196,user_01511,Studio for long term rent,Available for inspection before purchase.,81590.94,real_estate,Saint Petersburg,1292,0,4,True,0,5,False,False,False,1.0879,0
listing_004197,user_01570,One bedroom apartment near metro,"Personal item, can meet in person and answer questions.",70251.38,real_estate,Kazan,397,0,5,True,0,6,False,False,False,0.9367,0
listing_004198,user_00906,Toyota Corolla 2016 clean documents,Available for inspection before purchase.,7522.01,vehicles,Sochi,149,2,8,True,0,3,False,False,False,0.8849,0
listing_004199,user_00985,Luxury jacket original cheap,"Prepayment only, contact me in Telegram.",38.73,fashion,Kazan,5,5,19,False,1,2,True,True,True,0.3227,1
listing_004200,user_01418,Toyota Corolla 2016 clean documents,"Urgent sale today, write outside the platform.",8290.4,vehicles,Saint Petersburg,441,2,4,True,0,5,False,True,True,0.9753,0
listing_004201,user_01264,One bedroom apartment near metro,"Used carefully, normal sale, local pickup is possible.",68296.25,real_estate,Moscow,1462,2,6,True,0,3,False,False,False,0.9106,0
listing_004202,user_01737,Luxury jacket original cheap,"Prepayment only, contact me in Telegram.",80.27,fashion,Kazan,7,6,25,False,2,2,True,True,True,0.6689,1
listing_004203,user_00310,Washing machine works well,"Personal item, can meet in person and answer questions.",736.49,home_appliances,Novosibirsk,1327,1,4,True,0,3,False,False,False,1.1331,0
listing_004204,user_00397,New table prepay reserve,"Prepayment only, contact me in Telegram.",307.8,furniture,Kazan,0,3,12,True,1,1,True,True,True,0.684,1
listing_004205,user_01384,Scooter cheap today only,"Prepayment only, contact me in Telegram.",5264.84,vehicles,Saint Petersburg,7,3,20,True,2,1,True,True,True,0.6194,1
listing_004206,user_00101,Designer sofa very cheap urgent,"Urgent sale today, write outside the platform.",290.2,furniture,Novosibirsk,16,5,16,False,1,1,False,True,True,0.6449,1
listing_004207,user_01067,Used city bike,Available for inspection before purchase.,9116.79,vehicles,Novosibirsk,916,1,7,True,0,3,False,False,False,1.0726,0
listing_004208,user_01259,Wooden desk in good condition,Available for inspection before purchase.,235.48,furniture,Moscow,1076,2,6,True,0,5,False,False,False,0.5233,0
listing_004209,user_01136,Dining table with chairs,"Urgent sale today, write outside the platform.",464.66,furniture,Kazan,579,1,5,True,0,2,False,True,True,1.0326,0
listing_004210,user_01357,Sneakers limited urgent,"Prepayment only, contact me in Telegram.",57.88,fashion,Sochi,16,2,22,False,1,2,True,True,True,0.4823,1
listing_004211,user_01579,Washing machine works well,"Personal item, can meet in person and answer questions.",547.04,home_appliances,Sochi,43,1,3,True,0,6,False,False,False,0.8416,0
listing_004212,user_00419,Winter jacket lightly used,"Used carefully, normal sale, local pickup is possible.",131.41,fashion,Novosibirsk,1162,0,1,True,1,6,False,False,False,1.0951,0
listing_004213,user_00945,Wooden desk in good condition,"Personal item, can meet in person and answer questions.",495.82,furniture,Novosibirsk,415,0,3,True,0,6,False,False,False,1.1018,0
listing_004214,user_01591,Washing machine works well,"Prepayment only, contact me in Telegram.",686.78,home_appliances,Novosibirsk,240,3,7,True,0,2,True,True,True,1.0566,0
listing_004215,user_01507,Toyota Corolla 2016 clean documents,"Personal item, can meet in person and answer questions.",10414.96,vehicles,Novosibirsk,962,0,2,False,0,4,False,False,False,1.2253,0
listing_004216,user_00702,Leather shoes size 42,"Personal item, can meet in person and answer questions.",137.04,fashion,Moscow,353,0,1,True,0,2,False,False,False,1.142,0
listing_004217,user_01225,One bedroom apartment near metro,"Used carefully, normal sale, local pickup is possible.",61940.56,real_estate,Sochi,338,0,2,True,0,5,False,False,False,0.8259,0
listing_004218,user_00205,Toyota Corolla 2016 clean documents,"Used carefully, normal sale, local pickup is possible.",7979.72,vehicles,Moscow,895,0,3,True,0,4,False,False,False,0.9388,0
listing_004219,user_01467,Microwave oven,"Personal item, can meet in person and answer questions.",646.55,home_appliances,Saint Petersburg,978,0,5,True,1,5,False,False,False,0.9947,0
listing_004220,user_00519,Microwave oven,Available for inspection before purchase.,547.7,home_appliances,Novosibirsk,1394,3,6,False,0,4,False,False,False,0.8426,0
listing_004221,user_01647,iPhone 15 Pro very cheap urgent,"Urgent sale today, write outside the platform.",540.92,electronics,Novosibirsk,15,6,22,False,3,0,False,True,True,0.601,1
listing_004222,user_01757,Leather shoes size 42,"Personal item, can meet in person and answer questions.",156.35,fashion,Kazan,1124,3,8,True,0,5,False,False,False,1.3029,0
listing_004223,user_01034,Washing machine works well,"Personal item, can meet in person and answer questions.",839.45,home_appliances,Novosibirsk,729,2,2,True,1,6,False,False,False,1.2915,0
listing_004224,user_01563,Dining table with chairs,"Personal item, can meet in person and answer questions.",365.5,furniture,Saint Petersburg,1327,1,2,True,1,5,False,False,False,0.8122,0
listing_004225,user_00167,Designer sofa very cheap urgent,"Prepayment only, contact me in Telegram.",191.4,furniture,Kazan,6,6,21,False,0,1,True,True,True,0.4253,1
listing_004226,user_01073,Studio for long term rent,Available for inspection before purchase.,88969.76,real_estate,Kazan,101,1,9,True,0,5,False,False,False,1.1863,0
listing_004227,user_01324,Studio for long term rent,"Personal item, can meet in person and answer questions.",90401.68,real_estate,Kazan,1410,1,5,True,0,6,False,False,False,1.2054,0
listing_004228,user_00794,Leather shoes size 42,"Used carefully, normal sale, local pickup is possible.",93.79,fashion,Moscow,445,1,4,True,1,5,False,False,False,0.7816,0
listing_004229,user_01081,Sneakers limited urgent,"Prepayment only, contact me in Telegram.",22.36,fashion,Novosibirsk,9,3,17,False,2,1,True,True,True,0.1863,1
listing_004230,user_00270,Gaming laptop with warranty,"Used carefully, normal sale, local pickup is possible.",1057.79,electronics,Kazan,248,1,5,False,0,3,False,False,False,1.1753,0
listing_004231,user_00343,Used iPhone 13 in good condition,"Used carefully, normal sale, local pickup is possible.",1057.3,electronics,Sochi,1029,0,0,True,0,4,False,False,False,1.1748,0
listing_004232,user_01154,Dining table with chairs,"Personal item, can meet in person and answer questions.",580.53,furniture,Kazan,1107,0,6,False,0,3,False,False,False,1.2901,0
listing_004233,user_00869,Car urgent sale no questions,"Prepayment only, contact me in Telegram.",5395.64,vehicles,Moscow,16,5,13,False,0,1,True,True,True,0.6348,1
listing_004234,user_01644,Microwave oven,"Used carefully, normal sale, local pickup is possible.",731.74,home_appliances,Moscow,34,1,5,True,0,5,False,False,False,1.1258,0
listing_004235,user_00739,Used iPhone 13 in good condition,Available for inspection before purchase.,817.94,electronics,Novosibirsk,725,1,1,True,1,4,False,False,False,0.9088,0
listing_004236,user_01577,New fridge half price urgent,"Delivery after deposit, no calls, messenger only.",381.4,home_appliances,Novosibirsk,14,6,17,True,3,0,False,True,True,0.5868,1
listing_004237,user_00218,Luxury jacket original cheap,"Urgent sale today, write outside the platform.",52.43,fashion,Kazan,6,4,14,True,1,1,False,True,True,0.4369,1
listing_004238,user_00980,Wooden desk in good condition,"Delivery after deposit, no calls, messenger only.",480.12,furniture,Kazan,876,3,4,True,1,2,False,True,True,1.0669,0
listing_004239,user_00374,Used city bike,Available for inspection before purchase.,10524.77,vehicles,Saint Petersburg,272,3,5,True,0,2,False,False,False,1.2382,0
listing_004240,user_01222,Wooden desk in good condition,Available for inspection before purchase.,582.6,furniture,Sochi,50,2,6,False,0,2,False,False,False,1.2947,0
listing_004241,user_01362,Used iPhone 13 in good condition,"Used carefully, normal sale, local pickup is possible.",942.57,electronics,Novosibirsk,663,0,4,True,0,5,False,False,False,1.0473,0
listing_004242,user_01378,Dining table with chairs,"Personal item, can meet in person and answer questions.",562.31,furniture,Sochi,1396,2,3,True,0,6,False,False,False,1.2496,0
listing_004243,user_00747,Gaming laptop with warranty,Available for inspection before purchase.,848.7,electronics,Novosibirsk,990,3,8,True,0,3,False,False,False,0.943,0
listing_004244,user_00027,Apartment below market prepayment,"Prepayment only, contact me in Telegram.",22195.02,real_estate,Saint Petersburg,17,3,10,False,3,2,True,True,True,0.2959,1
listing_004245,user_00354,Leather shoes size 42,"Used carefully, normal sale, local pickup is possible.",95.0,fashion,Novosibirsk,1002,2,2,True,0,3,False,False,False,0.7917,0
listing_004246,user_01521,Used iPhone 13 in good condition,"Personal item, can meet in person and answer questions.",1079.28,electronics,Sochi,1001,1,1,True,0,3,False,False,False,1.1992,0
listing_004247,user_01468,Toyota Corolla 2016 clean documents,"Used carefully, normal sale, local pickup is possible.",7311.67,vehicles,Kazan,532,4,8,False,1,5,False,False,False,0.8602,0
listing_004248,user_00596,New fridge half price urgent,"Urgent sale today, write outside the platform.",370.59,home_appliances,Kazan,18,7,18,True,2,1,False,True,True,0.5701,1
listing_004249,user_01336,Scooter cheap today only,"Urgent sale today, write outside the platform.",1884.5,vehicles,Saint Petersburg,19,7,22,False,1,0,False,True,True,0.2217,1
listing_004250,user_00998,Winter jacket lightly used,"Used carefully, normal sale, local pickup is possible.",144.63,fashion,Kazan,592,1,5,True,1,3,False,False,False,1.2052,0
listing_004251,user_00811,Winter jacket lightly used,"Used carefully, normal sale, local pickup is possible.",165.31,fashion,Kazan,738,1,3,True,0,4,False,False,False,1.3776,0
listing_004252,user_01382,New table prepay reserve,"Prepayment only, contact me in Telegram.",343.43,furniture,Moscow,13,4,20,False,2,2,True,True,True,0.7632,1
listing_004253,user_00762,Gaming laptop with warranty,"Personal item, can meet in person and answer questions.",1218.34,electronics,Novosibirsk,111,0,2,False,0,4,False,False,False,1.3537,0
listing_004254,user_01596,Studio for long term rent,"Personal item, can meet in person and answer questions.",68805.55,real_estate,Sochi,981,1,6,True,0,6,False,False,False,0.9174,0
listing_004255,user_01014,Scooter cheap today only,"Delivery after deposit, no calls, messenger only.",5503.19,vehicles,Moscow,2,6,21,False,3,2,False,True,True,0.6474,1
listing_004256,user_00451,Toyota Corolla 2016 clean documents,Available for inspection before purchase.,6310.98,vehicles,Kazan,1362,1,6,True,0,4,False,False,False,0.7425,0
listing_004257,user_00378,Gaming laptop with warranty,"Prepayment only, contact me in Telegram.",768.78,electronics,Sochi,581,3,9,True,0,6,True,True,True,0.8542,0
listing_004258,user_00333,Toyota Corolla 2016 clean documents,Available for inspection before purchase.,8095.17,vehicles,Kazan,787,1,4,False,1,4,False,False,False,0.9524,0
listing_004259,user_01020,Used iPhone 13 in good condition,"Used carefully, normal sale, local pickup is possible.",1206.69,electronics,Saint Petersburg,231,1,6,True,0,2,False,False,False,1.3408,0
listing_004260,user_00141,Used iPhone 13 in good condition,Available for inspection before purchase.,1135.03,electronics,Saint Petersburg,840,2,8,False,1,3,False,False,False,1.2611,0
listing_004261,user_01361,Wooden desk in good condition,"Personal item, can meet in person and answer questions.",370.07,furniture,Moscow,343,2,3,True,0,5,False,False,False,0.8224,0
listing_004262,user_00965,Used iPhone 13 in good condition,"Delivery after deposit, no calls, messenger only.",732.45,electronics,Sochi,717,2,2,True,0,5,False,True,True,0.8138,0
listing_004263,user_01054,Rent urgent contact Telegram,"Urgent sale today, write outside the platform.",41476.06,real_estate,Sochi,7,6,21,False,0,1,True,True,True,0.553,1
listing_004264,user_01329,Dining table with chairs,"Personal item, can meet in person and answer questions.",497.12,furniture,Moscow,617,1,4,False,0,5,False,False,False,1.1047,0
listing_004265,user_01162,Used city bike,"Personal item, can meet in person and answer questions.",7838.87,vehicles,Kazan,148,2,5,False,0,3,False,False,False,0.9222,0
listing_004266,user_00995,Gaming laptop with warranty,Available for inspection before purchase.,709.33,electronics,Saint Petersburg,1279,0,3,True,0,2,False,False,False,0.7881,0
listing_004267,user_00842,Dining table with chairs,"Used carefully, normal sale, local pickup is possible.",205.71,furniture,Novosibirsk,610,0,1,True,1,2,False,False,False,0.4571,0
listing_004268,user_00985,Gaming laptop with warranty,"Used carefully, normal sale, local pickup is possible.",1094.92,electronics,Moscow,722,1,4,True,0,2,False,False,False,1.2166,0
listing_004269,user_01213,Washing machine works well,"Personal item, can meet in person and answer questions.",543.74,home_appliances,Moscow,816,0,4,True,1,2,False,False,False,0.8365,0
listing_004270,user_01069,Leather shoes size 42,"Used carefully, normal sale, local pickup is possible.",123.96,fashion,Moscow,1045,2,5,False,0,5,False,False,False,1.033,0
listing_004271,user_00661,Microwave oven,"Used carefully, normal sale, local pickup is possible.",786.17,home_appliances,Moscow,699,3,6,True,0,4,False,False,False,1.2095,0
listing_004272,user_00420,New fridge half price urgent,"Delivery after deposit, no calls, messenger only.",272.05,home_appliances,Sochi,16,4,13,False,1,0,False,True,True,0.4185,1
listing_004273,user_00747,One bedroom apartment near metro,"Personal item, can meet in person and answer questions.",63023.54,real_estate,Novosibirsk,745,1,3,False,1,3,False,False,False,0.8403,0
listing_004274,user_00771,Toyota Corolla 2016 clean documents,"Personal item, can meet in person and answer questions.",7726.42,vehicles,Sochi,593,2,6,False,0,6,False,False,False,0.909,0
listing_004275,user_01162,New fridge half price urgent,"Urgent sale today, write outside the platform.",328.38,home_appliances,Kazan,9,6,19,False,1,2,False,True,True,0.5052,1
listing_004276,user_01527,Leather shoes size 42,"Used carefully, normal sale, local pickup is possible.",88.51,fashion,Novosibirsk,1352,1,7,True,0,4,False,False,False,0.7376,0
listing_004277,user_00499,Studio for long term rent,"Personal item, can meet in person and answer questions.",62935.79,real_estate,Moscow,1443,1,4,False,0,3,False,False,False,0.8391,0
listing_004278,user_00412,Toyota Corolla 2016 clean documents,Available for inspection before purchase.,8041.72,vehicles,Moscow,827,1,4,True,0,6,False,False,False,0.9461,0
listing_004279,user_00855,Used city bike,"Personal item, can meet in person and answer questions.",10638.58,vehicles,Kazan,40,2,6,False,0,5,False,False,False,1.2516,0
listing_004280,user_00259,Luxury jacket original cheap,"Delivery after deposit, no calls, messenger only.",34.48,fashion,Saint Petersburg,15,7,20,False,1,2,False,True,True,0.2873,1
listing_004281,user_01130,iPhone 15 Pro very cheap urgent,"Delivery after deposit, no calls, messenger only.",539.87,electronics,Novosibirsk,8,4,15,False,1,1,False,True,True,0.5999,1
listing_004282,user_00305,MacBook sealed prepayment only,"Prepayment only, contact me in Telegram.",316.76,electronics,Kazan,18,8,16,True,2,1,True,True,True,0.352,1
listing_004283,user_00778,Washing machine works well,"Personal item, can meet in person and answer questions.",528.44,home_appliances,Kazan,490,3,5,True,0,3,False,False,False,0.813,0
listing_004284,user_01347,New fridge half price urgent,"Urgent sale today, write outside the platform.",215.78,home_appliances,Novosibirsk,5,2,14,False,2,1,False,True,True,0.332,1
listing_004285,user_00453,One bedroom apartment near metro,Available for inspection before purchase.,79414.94,real_estate,Saint Petersburg,458,0,1,True,0,5,False,False,False,1.0589,0
listing_004286,user_00687,Rent urgent contact Telegram,"Urgent sale today, write outside the platform.",46755.78,real_estate,Moscow,16,5,14,False,1,0,True,True,True,0.6234,1
listing_004287,user_01142,Scooter cheap today only,"Urgent sale today, write outside the platform.",1665.59,vehicles,Novosibirsk,8,6,18,False,1,2,False,True,True,0.196,1
listing_004288,user_01408,Dining table with chairs,Available for inspection before purchase.,517.81,furniture,Moscow,1196,0,3,True,1,3,False,False,False,1.1507,0
listing_004289,user_01672,Dining table with chairs,"Used carefully, normal sale, local pickup is possible.",537.11,furniture,Moscow,1381,0,2,True,0,3,False,False,False,1.1936,0
listing_004290,user_00469,New table prepay reserve,"Urgent sale today, write outside the platform.",202.36,furniture,Kazan,16,5,12,False,1,2,False,True,True,0.4497,1
listing_004291,user_00336,Gaming laptop with warranty,"Delivery after deposit, no calls, messenger only.",1222.39,electronics,Moscow,955,1,3,True,0,2,False,True,True,1.3582,0
listing_004292,user_01110,Winter jacket lightly used,Available for inspection before purchase.,121.83,fashion,Novosibirsk,322,0,1,True,1,4,False,False,False,1.0152,0
listing_004293,user_01726,Used iPhone 13 in good condition,Available for inspection before purchase.,923.38,electronics,Novosibirsk,301,2,4,False,0,3,False,False,False,1.026,0
listing_004294,user_01105,One bedroom apartment near metro,"Used carefully, normal sale, local pickup is possible.",26134.49,real_estate,Kazan,1351,0,4,True,0,5,False,False,False,0.3485,0
listing_004295,user_00613,Luxury jacket original cheap,"Personal item, can meet in person and answer questions.",93.07,fashion,Moscow,1385,0,3,False,0,2,False,False,False,0.7756,0
listing_004296,user_01613,Gaming laptop with warranty,"Prepayment only, contact me in Telegram.",868.26,electronics,Kazan,175,2,4,True,0,6,True,True,True,0.9647,0
listing_004297,user_01771,Wooden desk in good condition,Available for inspection before purchase.,548.76,furniture,Kazan,331,0,0,True,0,4,False,False,False,1.2195,0
listing_004298,user_00159,One bedroom apartment near metro,"Personal item, can meet in person and answer questions.",82659.5,real_estate,Kazan,384,3,7,True,0,6,False,False,False,1.1021,0
listing_004299,user_00437,New fridge half price urgent,"Prepayment only, contact me in Telegram.",409.85,home_appliances,Kazan,3,4,17,False,2,0,True,True,True,0.6305,1
listing_004300,user_01634,Washing machine works well,"Prepayment only, contact me in Telegram.",754.68,home_appliances,Novosibirsk,1099,1,4,False,1,4,True,True,True,1.161,1
listing_004301,user_00367,Washing machine works well,"Used carefully, normal sale, local pickup is possible.",712.15,home_appliances,Kazan,193,1,5,True,0,3,False,False,False,1.0956,0
listing_004302,user_00027,Washing machine works well,Available for inspection before purchase.,807.96,home_appliances,Moscow,873,1,5,False,0,2,False,False,False,1.243,0
listing_004303,user_01566,Sneakers limited urgent,"Urgent sale today, write outside the platform.",41.9,fashion,Novosibirsk,20,3,15,False,4,2,False,True,True,0.3492,1
listing_004304,user_01178,MacBook sealed prepayment only,"Urgent sale today, write outside the platform.",396.54,electronics,Kazan,5,8,19,False,1,2,False,True,True,0.4406,1
listing_004305,user_00025,One bedroom apartment near metro,"Personal item, can meet in person and answer questions.",75798.95,real_estate,Saint Petersburg,710,1,5,True,1,3,False,False,False,1.0107,0
listing_004306,user_00701,Dining table with chairs,Available for inspection before purchase.,386.65,furniture,Novosibirsk,414,2,7,True,0,6,False,False,False,0.8592,0
listing_004307,user_00711,Used iPhone 13 in good condition,Available for inspection before purchase.,1063.22,electronics,Novosibirsk,941,2,5,True,0,2,False,False,False,1.1814,0
listing_004308,user_01124,One bedroom apartment near metro,"Prepayment only, contact me in Telegram.",66223.59,real_estate,Sochi,683,2,5,True,0,5,True,True,True,0.883,0
listing_004309,user_00794,Leather shoes size 42,"Used carefully, normal sale, local pickup is possible.",114.51,fashion,Moscow,737,1,4,True,1,5,False,False,False,0.9543,0
listing_004310,user_01753,Dining table with chairs,Available for inspection before purchase.,488.28,furniture,Kazan,81,2,6,True,1,2,False,False,False,1.0851,0
listing_004311,user_01503,Washing machine works well,Available for inspection before purchase.,716.45,home_appliances,Saint Petersburg,1289,1,3,False,0,5,False,False,False,1.1022,0
listing_004312,user_00003,Winter jacket lightly used,"Used carefully, normal sale, local pickup is possible.",140.46,fashion,Kazan,767,2,5,True,1,4,False,False,False,1.1705,0
listing_004313,user_00666,Studio for long term rent,"Personal item, can meet in person and answer questions.",68354.49,real_estate,Sochi,523,0,5,True,0,5,False,False,False,0.9114,0
listing_004314,user_00309,Studio for long term rent,"Used carefully, normal sale, local pickup is possible.",80654.91,real_estate,Sochi,1444,1,4,True,0,5,False,False,False,1.0754,0
listing_004315,user_00634,Dining table with chairs,"Used carefully, normal sale, local pickup is possible.",441.77,furniture,Kazan,843,0,2,True,0,2,False,False,False,0.9817,0
listing_004316,user_00264,Washing machine works well,"Used carefully, normal sale, local pickup is possible.",830.03,home_appliances,Kazan,579,1,4,True,1,5,False,False,False,1.277,0
listing_004317,user_01373,Leather shoes size 42,"Personal item, can meet in person and answer questions.",93.04,fashion,Novosibirsk,903,1,5,True,0,5,False,False,False,0.7753,0
listing_004318,user_00905,Dining table with chairs,Available for inspection before purchase.,435.28,furniture,Moscow,814,2,5,True,1,3,False,False,False,0.9673,0
listing_004319,user_01118,Car urgent sale no questions,"Prepayment only, contact me in Telegram.",3405.8,vehicles,Kazan,6,10,17,False,1,0,True,True,True,0.4007,1
listing_004320,user_00446,Sneakers limited urgent,"Personal item, can meet in person and answer questions.",135.96,fashion,Novosibirsk,768,0,1,True,0,4,False,True,False,1.133,0
listing_004321,user_01714,Gaming laptop with warranty,"Used carefully, normal sale, local pickup is possible.",703.95,electronics,Kazan,970,1,3,True,1,6,False,False,False,0.7822,0
listing_004322,user_00011,Winter jacket lightly used,"Used carefully, normal sale, local pickup is possible.",89.21,fashion,Sochi,364,4,9,False,0,5,False,False,False,0.7434,0
listing_004323,user_01788,Toyota Corolla 2016 clean documents,"Urgent sale today, write outside the platform.",10731.13,vehicles,Moscow,1467,1,10,False,0,6,False,True,True,1.2625,0
listing_004324,user_01696,Studio for long term rent,"Delivery after deposit, no calls, messenger only.",106097.89,real_estate,Novosibirsk,135,0,5,False,0,2,False,True,True,1.4146,0
listing_004325,user_00206,Wooden desk in good condition,Available for inspection before purchase.,392.97,furniture,Sochi,472,2,4,True,1,5,False,False,False,0.8733,0
listing_004326,user_00138,Leather shoes size 42,"Used carefully, normal sale, local pickup is possible.",100.65,fashion,Novosibirsk,917,0,0,True,0,3,False,False,False,0.8387,0
listing_004327,user_00998,Studio for long term rent,"Used carefully, normal sale, local pickup is possible.",90857.5,real_estate,Sochi,265,0,3,True,1,4,False,False,False,1.2114,0
listing_004328,user_01369,Designer sofa very cheap urgent,"Prepayment only, contact me in Telegram.",188.19,furniture,Sochi,14,5,17,False,2,1,True,True,True,0.4182,1
listing_004329,user_01418,Designer sofa very cheap urgent,"Urgent sale today, write outside the platform.",220.72,furniture,Sochi,12,4,13,False,1,1,False,True,True,0.4905,1
listing_004330,user_00304,Gaming laptop with warranty,Available for inspection before purchase.,1131.0,electronics,Kazan,172,1,7,True,1,4,False,False,False,1.2567,0
listing_004331,user_01376,Luxury jacket original cheap,"Prepayment only, contact me in Telegram.",75.05,fashion,Sochi,8,6,14,False,1,2,True,True,True,0.6254,1
listing_004332,user_01732,One bedroom apartment near metro,Available for inspection before purchase.,68785.5,real_estate,Kazan,1008,1,2,True,0,3,False,False,False,0.9171,0
listing_004333,user_01312,Washer cheap Telegram,"Prepayment only, contact me in Telegram.",822.41,home_appliances,Saint Petersburg,313,1,8,True,0,3,True,True,True,1.2652,0
listing_004334,user_01153,One bedroom apartment near metro,"Personal item, can meet in person and answer questions.",90437.64,real_estate,Saint Petersburg,358,1,3,False,1,6,False,False,False,1.2058,0
listing_004335,user_01187,MacBook sealed prepayment only,"Prepayment only, contact me in Telegram.",219.25,electronics,Moscow,17,7,25,False,1,1,True,True,True,0.2436,1
listing_004336,user_01477,New fridge half price urgent,"Urgent sale today, write outside the platform.",505.56,home_appliances,Moscow,7,7,22,False,1,1,False,True,True,0.7778,1
listing_004337,user_00749,Used iPhone 13 in good condition,Available for inspection before purchase.,1081.33,electronics,Kazan,171,3,5,False,0,5,False,False,False,1.2015,0
listing_004338,user_01072,Dining table with chairs,"Used carefully, normal sale, local pickup is possible.",581.23,furniture,Saint Petersburg,1373,0,6,False,0,6,False,False,False,1.2916,0
listing_004339,user_00129,Used city bike,"Used carefully, normal sale, local pickup is possible.",11433.51,vehicles,Kazan,972,1,1,True,0,5,False,False,False,1.3451,0
listing_004340,user_01784,Toyota Corolla 2016 clean documents,"Used carefully, normal sale, local pickup is possible.",9951.06,vehicles,Sochi,1394,1,3,True,0,6,False,False,False,1.1707,0
listing_004341,user_00444,Gaming laptop with warranty,"Used carefully, normal sale, local pickup is possible.",789.53,electronics,Kazan,404,0,2,False,1,2,False,False,False,0.8773,0
listing_004342,user_01103,Microwave oven,Available for inspection before purchase.,653.59,home_appliances,Kazan,612,0,5,True,0,3,False,False,False,1.0055,0
listing_004343,user_01372,Wooden desk in good condition,"Personal item, can meet in person and answer questions.",429.7,furniture,Moscow,1121,1,1,True,1,6,False,False,False,0.9549,0
listing_004344,user_01740,Wooden desk in good condition,"Personal item, can meet in person and answer questions.",492.53,furniture,Sochi,1041,1,3,True,0,4,False,False,False,1.0945,0
listing_004345,user_01407,Toyota Corolla 2016 clean documents,"Personal item, can meet in person and answer questions.",7874.68,vehicles,Novosibirsk,185,0,4,True,0,6,False,False,False,0.9264,0
listing_004346,user_01384,Washer cheap Telegram,"Urgent sale today, write outside the platform.",364.35,home_appliances,Novosibirsk,14,5,16,False,2,1,True,True,True,0.5605,1
listing_004347,user_00983,Washing machine works well,"Used carefully, normal sale, local pickup is possible.",637.21,home_appliances,Saint Petersburg,912,0,5,True,1,3,False,False,False,0.9803,0
listing_004348,user_00137,Microwave oven,Available for inspection before purchase.,870.99,home_appliances,Kazan,336,1,5,True,1,2,False,False,False,1.34,0
listing_004349,user_01316,Microwave oven,Available for inspection before purchase.,623.45,home_appliances,Kazan,1418,1,2,True,1,4,False,False,False,0.9592,0
listing_004350,user_00044,Gaming laptop with warranty,"Prepayment only, contact me in Telegram.",1207.46,electronics,Novosibirsk,1209,0,1,True,0,6,True,True,True,1.3416,0
listing_004351,user_01458,Used city bike,"Personal item, can meet in person and answer questions.",5009.0,vehicles,Moscow,343,0,1,True,0,5,False,False,False,0.5893,0
listing_004352,user_00710,Toyota Corolla 2016 clean documents,"Personal item, can meet in person and answer questions.",8184.92,vehicles,Novosibirsk,1183,0,4,True,0,5,False,False,False,0.9629,0
listing_004353,user_00437,One bedroom apartment near metro,"Personal item, can meet in person and answer questions.",77512.34,real_estate,Kazan,860,1,3,True,0,2,False,False,False,1.0335,0
listing_004354,user_01163,Washing machine works well,"Used carefully, normal sale, local pickup is possible.",709.63,home_appliances,Kazan,1166,2,6,True,0,4,False,False,False,1.0917,0
listing_004355,user_01406,Washer cheap Telegram,"Delivery after deposit, no calls, messenger only.",398.25,home_appliances,Sochi,18,2,14,False,0,0,True,True,True,0.6127,1
listing_004356,user_01729,iPhone 15 Pro very cheap urgent,"Prepayment only, contact me in Telegram.",671.56,electronics,Kazan,1,2,9,False,4,2,True,True,True,0.7462,1
listing_004357,user_01579,Dining table with chairs,Available for inspection before purchase.,603.22,furniture,Novosibirsk,1246,2,3,True,0,2,False,False,False,1.3405,0
listing_004358,user_01242,Sneakers limited urgent,"Delivery after deposit, no calls, messenger only.",51.05,fashion,Novosibirsk,6,3,16,False,1,2,False,True,True,0.4254,1
listing_004359,user_01151,iPhone 15 Pro very cheap urgent,"Delivery after deposit, no calls, messenger only.",557.05,electronics,Kazan,7,5,16,False,2,2,False,True,True,0.6189,1
listing_004360,user_00332,Used iPhone 13 in good condition,Available for inspection before purchase.,718.73,electronics,Saint Petersburg,1163,1,4,True,1,2,False,False,False,0.7986,0
listing_004361,user_01068,Used city bike,"Personal item, can meet in person and answer questions.",7861.28,vehicles,Kazan,1289,0,2,False,0,2,False,False,False,0.9249,0
listing_004362,user_01005,New fridge half price urgent,"Delivery after deposit, no calls, messenger only.",304.25,home_appliances,Novosibirsk,20,6,19,False,3,2,False,True,True,0.4681,1
listing_004363,user_01680,Microwave oven,"Personal item, can meet in person and answer questions.",857.56,home_appliances,Kazan,400,0,5,True,0,4,False,False,False,1.3193,0
listing_004364,user_01433,Leather shoes size 42,"Personal item, can meet in person and answer questions.",98.75,fashion,Sochi,803,2,8,True,1,6,False,False,False,0.8229,0
listing_004365,user_00791,Studio for long term rent,"Personal item, can meet in person and answer questions.",78778.91,real_estate,Sochi,1182,1,5,True,0,4,False,False,False,1.0504,0
listing_004366,user_01486,Gaming laptop with warranty,"Personal item, can meet in person and answer questions.",1161.76,electronics,Moscow,1010,3,7,True,0,5,False,False,False,1.2908,0
listing_004367,user_00122,Winter jacket lightly used,"Personal item, can meet in person and answer questions.",65.09,fashion,Sochi,73,1,8,True,0,2,False,False,False,0.5424,0
listing_004368,user_00810,New fridge half price urgent,"Urgent sale today, write outside the platform.",270.15,home_appliances,Moscow,11,10,20,False,1,2,False,True,True,0.4156,1
listing_004369,user_01084,Used city bike,"Urgent sale today, write outside the platform.",8946.05,vehicles,Sochi,1479,1,4,True,1,2,False,True,True,1.0525,0
listing_004370,user_00045,Car urgent sale no questions,"Delivery after deposit, no calls, messenger only.",1775.12,vehicles,Moscow,19,4,14,False,1,0,False,True,True,0.2088,1
listing_004371,user_01221,Luxury jacket original cheap,"Urgent sale today, write outside the platform.",43.59,fashion,Moscow,13,2,17,False,0,1,False,True,True,0.3633,1
listing_004372,user_00119,Microwave oven,Available for inspection before purchase.,771.91,home_appliances,Sochi,82,1,2,True,0,4,False,False,False,1.1876,0
listing_004373,user_00911,Winter jacket lightly used,Available for inspection before purchase.,103.08,fashion,Sochi,1373,0,2,False,0,3,False,False,False,0.859,0
listing_004374,user_00864,Winter jacket lightly used,"Used carefully, normal sale, local pickup is possible.",100.9,fashion,Sochi,1296,1,4,True,0,2,False,False,False,0.8408,0
listing_004375,user_00122,Used city bike,"Urgent sale today, write outside the platform.",7953.79,vehicles,Saint Petersburg,810,0,2,False,0,2,False,True,True,0.9357,0
listing_004376,user_00317,Washer cheap Telegram,"Delivery after deposit, no calls, messenger only.",421.54,home_appliances,Saint Petersburg,7,7,18,False,0,1,True,True,True,0.6485,1
listing_004377,user_01283,MacBook sealed prepayment only,"Urgent sale today, write outside the platform.",241.31,electronics,Novosibirsk,6,3,14,False,2,2,False,True,True,0.2681,1
listing_004378,user_00861,One bedroom apartment near metro,"Personal item, can meet in person and answer questions.",76049.29,real_estate,Sochi,884,1,5,True,0,2,False,False,False,1.014,0
listing_004379,user_01443,Studio for long term rent,"Personal item, can meet in person and answer questions.",97020.67,real_estate,Kazan,1060,2,6,False,0,5,False,False,False,1.2936,0
listing_004380,user_00730,Winter jacket lightly used,"Personal item, can meet in person and answer questions.",100.94,fashion,Kazan,846,0,3,False,0,5,False,False,False,0.8412,0
listing_004381,user_00161,Microwave oven,"Personal item, can meet in person and answer questions.",845.72,home_appliances,Sochi,115,1,5,True,1,3,False,False,False,1.3011,0
listing_004382,user_00211,Used city bike,Available for inspection before purchase.,7010.98,vehicles,Novosibirsk,622,1,5,True,0,5,False,False,False,0.8248,0
listing_004383,user_00874,Washing machine works well,Available for inspection before purchase.,537.04,home_appliances,Sochi,563,3,6,True,0,3,False,False,False,0.8262,0
listing_004384,user_00881,Leather shoes size 42,Available for inspection before purchase.,91.64,fashion,Sochi,71,0,4,True,0,5,False,False,False,0.7637,0
listing_004385,user_01134,Apartment below market prepayment,"Prepayment only, contact me in Telegram.",32832.67,real_estate,Saint Petersburg,5,5,20,True,0,1,True,True,True,0.4378,1
listing_004386,user_01235,Microwave oven,Available for inspection before purchase.,643.81,home_appliances,Novosibirsk,568,1,6,True,0,5,False,False,False,0.9905,0
listing_004387,user_01615,Wooden desk in good condition,"Used carefully, normal sale, local pickup is possible.",386.42,furniture,Novosibirsk,1451,1,4,True,1,4,False,False,False,0.8587,0
listing_004388,user_01148,iPhone 15 Pro very cheap urgent,"Urgent sale today, write outside the platform.",394.64,electronics,Sochi,3,3,17,False,1,1,False,True,True,0.4385,1
listing_004389,user_00688,Gaming laptop with warranty,"Used carefully, normal sale, local pickup is possible.",817.33,electronics,Kazan,729,0,5,False,1,6,False,False,False,0.9081,0
listing_004390,user_00034,One bedroom apartment near metro,"Used carefully, normal sale, local pickup is possible.",66568.49,real_estate,Saint Petersburg,1343,2,6,True,1,5,False,False,False,0.8876,0
listing_004391,user_00604,Leather shoes size 42,Available for inspection before purchase.,128.36,fashion,Novosibirsk,214,1,6,True,0,5,False,False,False,1.0697,0
listing_004392,user_00546,Used city bike,Available for inspection before purchase.,7895.53,vehicles,Saint Petersburg,495,0,2,True,0,3,False,False,False,0.9289,0
listing_004393,user_00980,New fridge half price urgent,"Urgent sale today, write outside the platform.",328.33,home_appliances,Kazan,12,5,14,False,1,1,False,True,True,0.5051,1
listing_004394,user_00478,Luxury jacket original cheap,Available for inspection before purchase.,97.71,fashion,Novosibirsk,1026,2,3,True,0,5,False,False,False,0.8142,0
listing_004395,user_00432,Microwave oven,"Personal item, can meet in person and answer questions.",576.8,home_appliances,Sochi,205,1,2,True,0,4,False,False,False,0.8874,0
listing_004396,user_00656,Winter jacket lightly used,Available for inspection before purchase.,91.24,fashion,Saint Petersburg,199,2,6,True,0,5,False,False,False,0.7603,0
listing_004397,user_01197,Dining table with chairs,Available for inspection before purchase.,575.59,furniture,Kazan,1383,1,4,True,1,6,False,False,False,1.2791,0
listing_004398,user_01030,Used iPhone 13 in good condition,"Personal item, can meet in person and answer questions.",1061.61,electronics,Moscow,784,0,1,True,1,5,False,False,False,1.1796,0
listing_004399,user_01478,Washing machine works well,"Used carefully, normal sale, local pickup is possible.",894.05,home_appliances,Moscow,200,1,4,True,0,6,False,False,False,1.3755,0
listing_004400,user_00533,Toyota Corolla 2016 clean documents,Available for inspection before purchase.,10416.28,vehicles,Sochi,1164,0,2,True,0,4,False,False,False,1.2254,0
listing_004401,user_00874,Washing machine works well,Available for inspection before purchase.,571.69,home_appliances,Moscow,915,0,5,False,0,5,False,False,False,0.8795,0
listing_004402,user_00056,iPhone 15 Pro very cheap urgent,"Urgent sale today, write outside the platform.",345.34,electronics,Kazan,3,5,12,False,2,0,False,True,True,0.3837,1
listing_004403,user_00974,Studio for long term rent,"Used carefully, normal sale, local pickup is possible.",100393.49,real_estate,Moscow,1102,0,2,True,0,5,False,False,False,1.3386,0
listing_004404,user_01750,Winter jacket lightly used,"Urgent sale today, write outside the platform.",102.34,fashion,Sochi,649,1,6,True,0,6,False,True,True,0.8528,0
listing_004405,user_00489,Rent urgent contact Telegram,"Urgent sale today, write outside the platform.",54704.22,real_estate,Sochi,14,6,18,False,0,0,True,True,True,0.7294,1
listing_004406,user_00147,Studio for long term rent,"Personal item, can meet in person and answer questions.",46420.98,real_estate,Kazan,1116,2,7,True,0,3,False,False,False,0.6189,0
listing_004407,user_00975,Wooden desk in good condition,"Delivery after deposit, no calls, messenger only.",580.19,furniture,Saint Petersburg,1044,1,2,True,1,6,False,True,True,1.2893,0
listing_004408,user_00404,MacBook sealed prepayment only,Available for inspection before purchase.,884.16,electronics,Moscow,545,1,3,True,0,3,False,True,False,0.9824,0
listing_004409,user_01655,Studio for long term rent,"Personal item, can meet in person and answer questions.",89328.95,real_estate,Saint Petersburg,850,0,3,True,0,2,False,False,False,1.1911,0
listing_004410,user_00460,Dining table with chairs,Available for inspection before purchase.,378.21,furniture,Kazan,787,0,5,False,0,6,False,False,False,0.8405,0
listing_004411,user_01059,Gaming laptop with warranty,"Personal item, can meet in person and answer questions.",966.41,electronics,Kazan,754,0,2,True,1,3,False,False,False,1.0738,0
listing_004412,user_00407,Sneakers limited urgent,"Prepayment only, contact me in Telegram.",70.25,fashion,Saint Petersburg,13,2,15,False,0,0,True,True,True,0.5854,1
listing_004413,user_01610,One bedroom apartment near metro,"Used carefully, normal sale, local pickup is possible.",73239.13,real_estate,Novosibirsk,1314,1,6,True,0,3,False,False,False,0.9765,0
listing_004414,user_00651,Scooter cheap today only,"Urgent sale today, write outside the platform.",4907.22,vehicles,Kazan,10,2,20,True,1,1,False,True,True,0.5773,0
listing_004415,user_00650,One bedroom apartment near metro,"Used carefully, normal sale, local pickup is possible.",63431.71,real_estate,Novosibirsk,929,0,1,True,0,3,False,False,False,0.8458,0
listing_004416,user_00101,Used city bike,"Personal item, can meet in person and answer questions.",11239.96,vehicles,Kazan,776,1,5,True,0,2,False,False,False,1.3223,0
listing_004417,user_00327,Microwave oven,"Used carefully, normal sale, local pickup is possible.",487.38,home_appliances,Novosibirsk,1294,2,6,True,0,4,False,False,False,0.7498,0
listing_004418,user_00465,Car urgent sale no questions,"Prepayment only, contact me in Telegram.",3445.15,vehicles,Sochi,19,6,24,False,1,0,True,True,True,0.4053,1
listing_004419,user_01250,Washing machine works well,Available for inspection before purchase.,568.12,home_appliances,Saint Petersburg,202,0,2,False,0,4,False,False,False,0.874,0
listing_004420,user_01671,Leather shoes size 42,"Used carefully, normal sale, local pickup is possible.",150.59,fashion,Novosibirsk,510,3,5,True,1,5,False,False,False,1.2549,0
listing_004421,user_00121,New fridge half price urgent,Available for inspection before purchase.,817.2,home_appliances,Novosibirsk,1165,1,3,False,0,3,False,True,False,1.2572,0
listing_004422,user_00296,Washing machine works well,"Used carefully, normal sale, local pickup is possible.",654.96,home_appliances,Moscow,1251,2,6,True,0,6,False,False,False,1.0076,0
listing_004423,user_00014,Dining table with chairs,Available for inspection before purchase.,380.07,furniture,Kazan,950,1,2,False,0,5,False,False,False,0.8446,0
listing_004424,user_00271,Microwave oven,Available for inspection before purchase.,714.86,home_appliances,Sochi,347,2,6,True,0,3,False,False,False,1.0998,0
listing_004425,user_00541,New fridge half price urgent,"Delivery after deposit, no calls, messenger only.",345.25,home_appliances,Sochi,4,5,16,True,2,2,False,True,True,0.5312,1
listing_004426,user_01384,Washer cheap Telegram,"Delivery after deposit, no calls, messenger only.",329.9,home_appliances,Moscow,18,7,21,False,1,1,True,True,True,0.5075,1
listing_004427,user_01499,Leather shoes size 42,"Used carefully, normal sale, local pickup is possible.",148.58,fashion,Novosibirsk,1436,1,3,True,0,3,False,False,False,1.2382,0
listing_004428,user_00084,Toyota Corolla 2016 clean documents,"Used carefully, normal sale, local pickup is possible.",4452.02,vehicles,Novosibirsk,884,0,4,True,0,5,False,False,False,0.5238,0
listing_004429,user_00346,One bedroom apartment near metro,"Used carefully, normal sale, local pickup is possible.",67742.53,real_estate,Saint Petersburg,1444,1,1,True,0,5,False,False,False,0.9032,0
listing_004430,user_00720,Used iPhone 13 in good condition,Available for inspection before purchase.,451.84,electronics,Novosibirsk,108,1,6,True,1,2,False,False,False,0.502,0
listing_004431,user_00928,Used city bike,"Used carefully, normal sale, local pickup is possible.",11019.86,vehicles,Kazan,855,3,5,True,0,4,False,False,False,1.2965,0
listing_004432,user_01405,Dining table with chairs,"Used carefully, normal sale, local pickup is possible.",480.76,furniture,Saint Petersburg,1015,3,6,True,1,3,False,False,False,1.0684,0
listing_004433,user_00712,Toyota Corolla 2016 clean documents,"Personal item, can meet in person and answer questions.",7861.8,vehicles,Novosibirsk,30,0,4,True,0,4,False,False,False,0.9249,0
listing_004434,user_01789,New table prepay reserve,"Urgent sale today, write outside the platform.",317.61,furniture,Kazan,1,3,12,False,0,1,False,True,True,0.7058,1
listing_004435,user_00071,Luxury jacket original cheap,"Delivery after deposit, no calls, messenger only.",29.39,fashion,Saint Petersburg,3,7,17,False,1,2,False,True,True,0.2449,1
listing_004436,user_01007,Studio for long term rent,"Used carefully, normal sale, local pickup is possible.",58089.34,real_estate,Moscow,94,3,6,True,0,2,False,False,False,0.7745,0
listing_004437,user_00113,Winter jacket lightly used,Available for inspection before purchase.,89.27,fashion,Novosibirsk,1457,1,4,True,0,2,False,False,False,0.7439,0
listing_004438,user_00787,Microwave oven,"Used carefully, normal sale, local pickup is possible.",513.54,home_appliances,Saint Petersburg,251,1,6,True,0,2,False,False,False,0.7901,0
listing_004439,user_01649,Leather shoes size 42,"Personal item, can meet in person and answer questions.",138.41,fashion,Novosibirsk,424,1,3,True,0,6,False,False,False,1.1534,0
listing_004440,user_01130,Washing machine works well,"Used carefully, normal sale, local pickup is possible.",668.86,home_appliances,Moscow,810,1,5,True,0,2,False,False,False,1.029,0
listing_004441,user_00582,Used city bike,Available for inspection before purchase.,6508.11,vehicles,Moscow,417,0,3,True,0,3,False,False,False,0.7657,0
listing_004442,user_00502,New fridge half price urgent,"Delivery after deposit, no calls, messenger only.",193.78,home_appliances,Novosibirsk,4,3,16,False,1,0,False,True,True,0.2981,1
listing_004443,user_01673,Wooden desk in good condition,"Prepayment only, contact me in Telegram.",499.25,furniture,Moscow,1299,2,4,True,0,5,True,True,True,1.1094,0
listing_004444,user_00763,Used iPhone 13 in good condition,"Used carefully, normal sale, local pickup is possible.",1143.57,electronics,Saint Petersburg,943,0,2,False,0,6,False,False,False,1.2706,0
listing_004445,user_00001,Used iPhone 13 in good condition,"Personal item, can meet in person and answer questions.",1039.64,electronics,Novosibirsk,453,1,4,True,0,4,False,False,False,1.1552,0
listing_004446,user_01251,Microwave oven,Available for inspection before purchase.,566.59,home_appliances,Sochi,1495,1,2,True,0,2,False,False,False,0.8717,0
listing_004447,user_00368,Studio for long term rent,"Used carefully, normal sale, local pickup is possible.",87464.56,real_estate,Novosibirsk,1443,0,2,True,0,4,False,False,False,1.1662,0
listing_004448,user_00082,Gaming laptop with warranty,"Personal item, can meet in person and answer questions.",965.87,electronics,Sochi,493,1,6,True,0,2,False,False,False,1.0732,0
listing_004449,user_01370,Used city bike,Available for inspection before purchase.,10840.69,vehicles,Sochi,700,0,4,True,0,3,False,False,False,1.2754,0
listing_004450,user_01505,Gaming laptop with warranty,"Used carefully, normal sale, local pickup is possible.",816.0,electronics,Saint Petersburg,939,2,3,True,0,5,False,False,False,0.9067,0
listing_004451,user_01795,Dining table with chairs,"Used carefully, normal sale, local pickup is possible.",357.05,furniture,Saint Petersburg,1205,2,4,True,0,5,False,False,False,0.7934,0
listing_004452,user_00283,Luxury jacket original cheap,"Urgent sale today, write outside the platform.",46.84,fashion,Moscow,0,9,19,False,1,2,False,True,True,0.3903,1
listing_004453,user_00359,Microwave oven,"Used carefully, normal sale, local pickup is possible.",616.18,home_appliances,Saint Petersburg,851,0,4,True,1,2,False,False,False,0.948,0
listing_004454,user_00183,Leather shoes size 42,Available for inspection before purchase.,136.82,fashion,Moscow,747,1,6,True,1,4,False,False,False,1.1402,0
listing_004455,user_00183,Used city bike,"Used carefully, normal sale, local pickup is possible.",8500.4,vehicles,Novosibirsk,1035,0,2,False,0,2,False,False,False,1.0,0
listing_004456,user_00265,Washer cheap Telegram,Available for inspection before purchase.,676.57,home_appliances,Kazan,1127,0,6,False,0,2,True,False,True,1.0409,0
listing_004457,user_00816,Used city bike,Available for inspection before purchase.,10320.43,vehicles,Kazan,384,0,3,True,0,2,False,False,False,1.2142,0
listing_004458,user_01358,One bedroom apartment near metro,"Used carefully, normal sale, local pickup is possible.",92012.69,real_estate,Kazan,1058,0,2,True,0,3,False,False,False,1.2268,0
listing_004459,user_00690,Used iPhone 13 in good condition,"Used carefully, normal sale, local pickup is possible.",946.5,electronics,Sochi,1101,0,7,True,0,3,False,False,False,1.0517,0
listing_004460,user_01324,Microwave oven,"Personal item, can meet in person and answer questions.",738.09,home_appliances,Saint Petersburg,145,1,2,True,0,6,False,False,False,1.1355,0
listing_004461,user_01326,Winter jacket lightly used,"Personal item, can meet in person and answer questions.",148.0,fashion,Sochi,886,0,2,True,0,6,False,False,False,1.2333,0
listing_004462,user_00288,Washing machine works well,"Personal item, can meet in person and answer questions.",708.05,home_appliances,Sochi,1109,0,1,True,0,4,False,False,False,1.0893,0
listing_004463,user_00258,Car urgent sale no questions,"Prepayment only, contact me in Telegram.",1754.29,vehicles,Sochi,20,9,25,False,0,0,True,True,True,0.2064,1
listing_004464,user_01534,Used city bike,"Urgent sale today, write outside the platform.",7565.15,vehicles,Kazan,275,2,5,True,0,5,False,True,True,0.89,0
listing_004465,user_00538,Used iPhone 13 in good condition,"Used carefully, normal sale, local pickup is possible.",1116.6,electronics,Sochi,1429,2,3,True,1,2,False,False,False,1.2407,0
listing_004466,user_00362,Microwave oven,"Personal item, can meet in person and answer questions.",526.08,home_appliances,Moscow,1275,1,4,True,1,4,False,False,False,0.8094,0
listing_004467,user_00488,Dining table with chairs,"Prepayment only, contact me in Telegram.",620.37,furniture,Sochi,812,1,4,True,1,4,True,True,True,1.3786,0
listing_004468,user_01378,Gaming laptop with warranty,Available for inspection before purchase.,1050.37,electronics,Novosibirsk,435,3,7,False,1,4,False,False,False,1.1671,0
listing_004469,user_00420,Dining table with chairs,Available for inspection before purchase.,482.08,furniture,Sochi,188,0,1,True,0,2,False,False,False,1.0713,0
listing_004470,user_00064,Washing machine works well,"Used carefully, normal sale, local pickup is possible.",624.24,home_appliances,Novosibirsk,246,0,2,False,0,3,False,False,False,0.9604,0
listing_004471,user_00014,Luxury jacket original cheap,"Prepayment only, contact me in Telegram.",74.4,fashion,Saint Petersburg,16,2,11,False,0,0,True,True,True,0.62,1
listing_004472,user_00266,Winter jacket lightly used,Available for inspection before purchase.,171.01,fashion,Sochi,566,2,7,True,0,3,False,False,False,1.4251,0
listing_004473,user_00280,Rent urgent contact Telegram,"Delivery after deposit, no calls, messenger only.",31341.83,real_estate,Novosibirsk,8,6,19,False,2,1,True,True,True,0.4179,1
listing_004474,user_00882,Gaming laptop with warranty,"Prepayment only, contact me in Telegram.",944.72,electronics,Novosibirsk,287,1,7,True,0,4,True,True,True,1.0497,0
listing_004475,user_00865,Used city bike,Available for inspection before purchase.,7856.62,vehicles,Sochi,1019,3,4,True,0,5,False,False,False,0.9243,0
listing_004476,user_01169,Studio for long term rent,"Personal item, can meet in person and answer questions.",57325.89,real_estate,Saint Petersburg,1234,0,1,True,1,4,False,False,False,0.7643,0
listing_004477,user_01268,Luxury jacket original cheap,"Urgent sale today, write outside the platform.",56.69,fashion,Sochi,18,7,25,False,1,1,False,True,True,0.4724,1
listing_004478,user_00989,Designer sofa very cheap urgent,"Urgent sale today, write outside the platform.",211.71,furniture,Saint Petersburg,17,4,19,True,1,1,False,True,True,0.4705,1
listing_004479,user_00840,Gaming laptop with warranty,"Personal item, can meet in person and answer questions.",815.12,electronics,Kazan,194,1,5,True,1,5,False,False,False,0.9057,0
listing_004480,user_01714,Used iPhone 13 in good condition,Available for inspection before purchase.,1079.69,electronics,Saint Petersburg,434,0,2,True,1,6,False,False,False,1.1997,0
listing_004481,user_00203,Wooden desk in good condition,"Used carefully, normal sale, local pickup is possible.",506.06,furniture,Kazan,552,2,8,False,0,5,False,False,False,1.1246,0
listing_004482,user_01409,New table prepay reserve,"Urgent sale today, write outside the platform.",303.02,furniture,Sochi,4,3,16,False,1,0,False,True,True,0.6734,1
listing_004483,user_01749,Used city bike,Available for inspection before purchase.,7356.83,vehicles,Saint Petersburg,1205,2,5,True,0,6,False,False,False,0.8655,0
listing_004484,user_01576,Used iPhone 13 in good condition,"Personal item, can meet in person and answer questions.",878.48,electronics,Moscow,1331,0,2,True,0,4,False,False,False,0.9761,0
listing_004485,user_01025,Luxury jacket original cheap,"Urgent sale today, write outside the platform.",46.01,fashion,Saint Petersburg,2,3,14,False,2,1,False,True,True,0.3834,1
listing_004486,user_01038,Luxury jacket original cheap,"Used carefully, normal sale, local pickup is possible.",80.28,fashion,Kazan,1412,2,6,False,0,2,False,False,False,0.669,0
listing_004487,user_00924,Luxury jacket original cheap,"Prepayment only, contact me in Telegram.",70.77,fashion,Kazan,17,11,22,False,4,1,True,True,True,0.5897,1
listing_004488,user_01671,Scooter cheap today only,"Delivery after deposit, no calls, messenger only.",3741.29,vehicles,Sochi,4,5,20,False,2,1,False,True,True,0.4402,1
listing_004489,user_00698,Used iPhone 13 in good condition,"Used carefully, normal sale, local pickup is possible.",1176.71,electronics,Sochi,200,3,7,True,0,3,False,False,False,1.3075,0
listing_004490,user_01374,MacBook sealed prepayment only,"Delivery after deposit, no calls, messenger only.",675.9,electronics,Sochi,11,7,19,False,2,1,False,True,True,0.751,1
listing_004491,user_01062,Winter jacket lightly used,"Personal item, can meet in person and answer questions.",126.19,fashion,Kazan,1273,0,2,True,0,4,False,False,False,1.0516,0
listing_004492,user_00310,New table prepay reserve,"Prepayment only, contact me in Telegram.",122.56,furniture,Moscow,13,5,19,True,1,1,True,True,True,0.2724,1
listing_004493,user_00276,One bedroom apartment near metro,"Used carefully, normal sale, local pickup is possible.",90410.79,real_estate,Kazan,351,2,4,False,1,6,False,False,False,1.2055,0
listing_004494,user_00950,Used iPhone 13 in good condition,Available for inspection before purchase.,961.16,electronics,Kazan,1081,3,7,True,0,3,False,False,False,1.068,0
listing_004495,user_01379,Gaming laptop with warranty,Available for inspection before purchase.,937.58,electronics,Sochi,801,1,4,False,1,3,False,False,False,1.0418,0
listing_004496,user_00405,Wooden desk in good condition,"Personal item, can meet in person and answer questions.",532.17,furniture,Kazan,1180,1,7,True,0,6,False,False,False,1.1826,0
listing_004497,user_01227,Toyota Corolla 2016 clean documents,"Personal item, can meet in person and answer questions.",3703.45,vehicles,Kazan,836,1,2,True,1,3,False,False,False,0.4357,0
listing_004498,user_00214,Dining table with chairs,"Used carefully, normal sale, local pickup is possible.",491.41,furniture,Kazan,962,2,8,True,0,2,False,False,False,1.092,0
listing_004499,user_01133,Scooter cheap today only,"Personal item, can meet in person and answer questions.",10587.04,vehicles,Sochi,1030,0,5,True,0,5,False,True,False,1.2455,0
listing_004500,user_00984,Leather shoes size 42,"Used carefully, normal sale, local pickup is possible.",115.21,fashion,Novosibirsk,861,2,5,True,0,2,False,False,False,0.9601,0
listing_004501,user_01170,Designer sofa very cheap urgent,"Delivery after deposit, no calls, messenger only.",220.72,furniture,Moscow,1,5,17,False,3,1,False,True,True,0.4905,1
listing_004502,user_00900,Used city bike,Available for inspection before purchase.,8403.75,vehicles,Saint Petersburg,956,1,1,True,0,3,False,False,False,0.9887,0
listing_004503,user_01401,Washing machine works well,"Personal item, can meet in person and answer questions.",298.14,home_appliances,Sochi,967,0,3,True,1,4,False,False,False,0.4587,0
listing_004504,user_00136,Leather shoes size 42,"Used carefully, normal sale, local pickup is possible.",123.68,fashion,Novosibirsk,30,1,5,True,0,2,False,False,False,1.0307,0
listing_004505,user_01481,Used city bike,"Personal item, can meet in person and answer questions.",3255.53,vehicles,Sochi,759,0,3,False,0,2,False,False,False,0.383,0
listing_004506,user_00531,Gaming laptop with warranty,"Used carefully, normal sale, local pickup is possible.",836.9,electronics,Moscow,350,1,4,False,1,3,False,False,False,0.9299,0
listing_004507,user_01257,Toyota Corolla 2016 clean documents,Available for inspection before purchase.,7709.05,vehicles,Novosibirsk,1299,1,2,True,0,2,False,False,False,0.9069,0
listing_004508,user_00949,Used iPhone 13 in good condition,"Used carefully, normal sale, local pickup is possible.",886.32,electronics,Sochi,96,0,4,True,0,5,False,False,False,0.9848,0
listing_004509,user_00231,Winter jacket lightly used,"Personal item, can meet in person and answer questions.",126.59,fashion,Saint Petersburg,1117,0,5,True,1,3,False,False,False,1.0549,0
listing_004510,user_00584,Used iPhone 13 in good condition,"Used carefully, normal sale, local pickup is possible.",1219.68,electronics,Novosibirsk,517,0,4,True,0,6,False,False,False,1.3552,0
listing_004511,user_01001,Studio for long term rent,"Personal item, can meet in person and answer questions.",37884.71,real_estate,Sochi,520,0,3,True,1,3,False,False,False,0.5051,0
listing_004512,user_00400,Toyota Corolla 2016 clean documents,Available for inspection before purchase.,6989.42,vehicles,Saint Petersburg,1388,1,2,True,0,6,False,False,False,0.8223,0
listing_004513,user_00495,Apartment below market prepayment,"Delivery after deposit, no calls, messenger only.",51100.47,real_estate,Moscow,10,3,16,False,0,0,False,True,True,0.6813,1
listing_004514,user_01186,iPhone 15 Pro very cheap urgent,"Used carefully, normal sale, local pickup is possible.",964.31,electronics,Novosibirsk,999,1,4,True,0,3,False,True,False,1.0715,0
listing_004515,user_00504,MacBook sealed prepayment only,"Prepayment only, contact me in Telegram.",338.7,electronics,Moscow,11,4,22,False,1,0,True,True,True,0.3763,1
listing_004516,user_01119,iPhone 15 Pro very cheap urgent,"Prepayment only, contact me in Telegram.",260.74,electronics,Kazan,13,9,22,False,0,1,True,True,True,0.2897,1
listing_004517,user_00667,Winter jacket lightly used,"Used carefully, normal sale, local pickup is possible.",148.03,fashion,Novosibirsk,964,1,3,True,0,4,False,False,False,1.2336,0
listing_004518,user_00405,Winter jacket lightly used,Available for inspection before purchase.,108.99,fashion,Sochi,80,1,6,False,0,5,False,False,False,0.9083,0
listing_004519,user_01242,Luxury jacket original cheap,"Delivery after deposit, no calls, messenger only.",66.92,fashion,Saint Petersburg,3,5,19,False,1,1,False,True,True,0.5577,1
listing_004520,user_00031,Luxury jacket original cheap,"Urgent sale today, write outside the platform.",27.87,fashion,Kazan,11,2,10,False,1,1,False,True,True,0.2323,1
listing_004521,user_01111,Winter jacket lightly used,"Used carefully, normal sale, local pickup is possible.",138.24,fashion,Saint Petersburg,835,4,6,True,0,3,False,False,False,1.152,0
listing_004522,user_00704,Wooden desk in good condition,Available for inspection before purchase.,618.7,furniture,Novosibirsk,493,1,6,False,0,6,False,False,False,1.3749,0
listing_004523,user_01192,One bedroom apartment near metro,"Used carefully, normal sale, local pickup is possible.",80025.65,real_estate,Saint Petersburg,322,1,4,True,0,2,False,False,False,1.067,0
listing_004524,user_00364,Washer cheap Telegram,"Delivery after deposit, no calls, messenger only.",327.03,home_appliances,Saint Petersburg,18,6,21,False,2,1,True,True,True,0.5031,1
listing_004525,user_01365,Toyota Corolla 2016 clean documents,"Used carefully, normal sale, local pickup is possible.",11640.27,vehicles,Saint Petersburg,1081,0,7,False,0,5,False,False,False,1.3694,0
listing_004526,user_01033,Winter jacket lightly used,"Personal item, can meet in person and answer questions.",148.18,fashion,Moscow,772,4,7,True,0,3,False,False,False,1.2348,0
listing_004527,user_00017,Washing machine works well,"Personal item, can meet in person and answer questions.",708.77,home_appliances,Moscow,53,3,7,False,0,5,False,False,False,1.0904,0
listing_004528,user_01579,iPhone 15 Pro very cheap urgent,"Prepayment only, contact me in Telegram.",490.61,electronics,Novosibirsk,19,4,15,False,0,0,True,True,True,0.5451,1
listing_004529,user_00105,Gaming laptop with warranty,"Personal item, can meet in person and answer questions.",796.63,electronics,Saint Petersburg,715,0,2,False,0,6,False,False,False,0.8851,0
listing_004530,user_00144,Wooden desk in good condition,"Delivery after deposit, no calls, messenger only.",547.03,furniture,Moscow,826,3,7,True,0,3,False,True,True,1.2156,0
listing_004531,user_01323,Toyota Corolla 2016 clean documents,"Used carefully, normal sale, local pickup is possible.",8110.89,vehicles,Novosibirsk,690,0,5,True,1,6,False,False,False,0.9542,0
listing_004532,user_00791,Leather shoes size 42,"Personal item, can meet in person and answer questions.",54.95,fashion,Novosibirsk,525,0,3,True,0,2,False,False,False,0.4579,0
listing_004533,user_01574,Microwave oven,Available for inspection before purchase.,741.56,home_appliances,Saint Petersburg,714,1,6,True,1,5,False,False,False,1.1409,0
listing_004534,user_01391,iPhone 15 Pro very cheap urgent,"Urgent sale today, write outside the platform.",273.77,electronics,Kazan,5,7,18,False,2,1,False,True,True,0.3042,1
listing_004535,user_01496,Washer cheap Telegram,"Delivery after deposit, no calls, messenger only.",119.04,home_appliances,Saint Petersburg,10,4,14,False,1,0,True,True,True,0.1831,1
listing_004536,user_00716,Car urgent sale no questions,"Prepayment only, contact me in Telegram.",5667.0,vehicles,Kazan,9,7,20,True,3,2,True,True,True,0.6667,1
listing_004537,user_01753,Used iPhone 13 in good condition,"Used carefully, normal sale, local pickup is possible.",935.57,electronics,Kazan,1451,0,3,True,0,3,False,False,False,1.0395,0
listing_004538,user_01797,New fridge half price urgent,"Prepayment only, contact me in Telegram.",180.66,home_appliances,Sochi,6,6,14,False,2,1,True,True,True,0.2779,1
listing_004539,user_00846,One bedroom apartment near metro,"Personal item, can meet in person and answer questions.",77920.78,real_estate,Saint Petersburg,922,1,8,True,0,2,False,False,False,1.0389,0
listing_004540,user_00761,Wooden desk in good condition,"Used carefully, normal sale, local pickup is possible.",378.02,furniture,Kazan,307,0,3,False,0,6,False,False,False,0.84,0
listing_004541,user_00211,Toyota Corolla 2016 clean documents,"Used carefully, normal sale, local pickup is possible.",11073.83,vehicles,Sochi,703,1,2,True,0,4,False,False,False,1.3028,0
listing_004542,user_00963,Used iPhone 13 in good condition,"Personal item, can meet in person and answer questions.",737.5,electronics,Sochi,696,0,2,True,0,3,False,False,False,0.8194,0
listing_004543,user_01086,Gaming laptop with warranty,Available for inspection before purchase.,1145.23,electronics,Saint Petersburg,306,1,3,False,1,3,False,False,False,1.2725,0
listing_004544,user_01686,Microwave oven,"Personal item, can meet in person and answer questions.",794.55,home_appliances,Kazan,1248,3,9,True,0,4,False,False,False,1.2224,0
listing_004545,user_00877,New table prepay reserve,"Prepayment only, contact me in Telegram.",125.95,furniture,Saint Petersburg,6,5,12,False,2,2,True,True,True,0.2799,1
listing_004546,user_00697,Used iPhone 13 in good condition,"Personal item, can meet in person and answer questions.",904.78,electronics,Moscow,52,1,4,True,0,4,False,False,False,1.0053,0
listing_004547,user_00511,Winter jacket lightly used,"Personal item, can meet in person and answer questions.",128.19,fashion,Kazan,1266,1,4,True,0,3,False,False,False,1.0682,0
listing_004548,user_00521,MacBook sealed prepayment only,"Prepayment only, contact me in Telegram.",356.49,electronics,Sochi,3,5,15,True,1,0,True,True,True,0.3961,1
listing_004549,user_00182,Car urgent sale no questions,"Delivery after deposit, no calls, messenger only.",2335.02,vehicles,Sochi,1,6,18,False,0,0,False,True,True,0.2747,1
listing_004550,user_01537,Wooden desk in good condition,Available for inspection before purchase.,409.24,furniture,Sochi,1316,1,3,True,1,4,False,False,False,0.9094,0
listing_004551,user_00891,Gaming laptop with warranty,"Used carefully, normal sale, local pickup is possible.",922.15,electronics,Saint Petersburg,1126,0,1,False,0,6,False,False,False,1.0246,0
listing_004552,user_00815,One bedroom apartment near metro,"Used carefully, normal sale, local pickup is possible.",66915.91,real_estate,Novosibirsk,610,1,3,True,0,4,False,False,False,0.8922,0
listing_004553,user_01193,Designer sofa very cheap urgent,"Prepayment only, contact me in Telegram.",99.37,furniture,Saint Petersburg,19,7,24,False,0,0,True,True,True,0.2208,1
listing_004554,user_01719,Washer cheap Telegram,Available for inspection before purchase.,676.96,home_appliances,Moscow,1321,1,4,False,1,4,True,False,True,1.0415,0
listing_004555,user_01671,One bedroom apartment near metro,"Used carefully, normal sale, local pickup is possible.",101989.2,real_estate,Sochi,608,1,2,True,1,5,False,False,False,1.3599,0
listing_004556,user_00693,Scooter cheap today only,"Prepayment only, contact me in Telegram.",3555.55,vehicles,Moscow,13,4,14,False,2,1,True,True,True,0.4183,1
listing_004557,user_01461,Used city bike,"Personal item, can meet in person and answer questions.",9543.1,vehicles,Saint Petersburg,731,0,1,True,0,3,False,False,False,1.1227,0
listing_004558,user_01671,New table prepay reserve,"Prepayment only, contact me in Telegram.",160.55,furniture,Kazan,15,6,18,False,0,0,True,True,True,0.3568,1
listing_004559,user_01268,Washer cheap Telegram,"Prepayment only, contact me in Telegram.",387.01,home_appliances,Novosibirsk,6,5,17,False,0,2,True,True,True,0.5954,1
listing_004560,user_00590,Washing machine works well,"Used carefully, normal sale, local pickup is possible.",684.11,home_appliances,Kazan,290,0,2,True,0,3,False,False,False,1.0525,0
listing_004561,user_00871,Designer sofa very cheap urgent,"Prepayment only, contact me in Telegram.",146.49,furniture,Saint Petersburg,9,7,20,False,1,1,True,True,True,0.3255,1
listing_004562,user_01431,One bedroom apartment near metro,Available for inspection before purchase.,74975.64,real_estate,Moscow,1399,0,2,False,0,5,False,False,False,0.9997,0
listing_004563,user_01085,Wooden desk in good condition,Available for inspection before purchase.,349.83,furniture,Kazan,470,3,4,True,0,2,False,False,False,0.7774,0
listing_004564,user_01043,Rent urgent contact Telegram,"Delivery after deposit, no calls, messenger only.",22074.82,real_estate,Sochi,4,6,13,False,0,1,True,True,True,0.2943,1
listing_004565,user_01625,Washer cheap Telegram,"Urgent sale today, write outside the platform.",417.82,home_appliances,Saint Petersburg,12,6,20,True,1,0,True,True,True,0.6428,1
listing_004566,user_01088,Luxury jacket original cheap,"Urgent sale today, write outside the platform.",51.99,fashion,Sochi,16,4,17,False,0,1,False,True,True,0.4333,1
listing_004567,user_01503,Studio for long term rent,"Used carefully, normal sale, local pickup is possible.",98466.98,real_estate,Sochi,440,3,9,True,0,4,False,False,False,1.3129,0
listing_004568,user_01269,Used city bike,Available for inspection before purchase.,10546.36,vehicles,Saint Petersburg,422,1,3,True,1,4,False,False,False,1.2407,0
listing_004569,user_00688,Winter jacket lightly used,"Personal item, can meet in person and answer questions.",126.73,fashion,Saint Petersburg,278,3,10,True,0,3,False,False,False,1.0561,0
listing_004570,user_01011,One bedroom apartment near metro,"Used carefully, normal sale, local pickup is possible.",67965.16,real_estate,Kazan,1065,0,4,True,0,4,False,False,False,0.9062,0
listing_004571,user_00507,Scooter cheap today only,"Urgent sale today, write outside the platform.",3214.09,vehicles,Novosibirsk,1,7,20,False,1,1,False,True,True,0.3781,1
listing_004572,user_01464,Used city bike,"Personal item, can meet in person and answer questions.",5069.34,vehicles,Kazan,429,0,3,False,0,6,False,False,False,0.5964,0
listing_004573,user_00869,Apartment below market prepayment,"Prepayment only, contact me in Telegram.",34956.75,real_estate,Saint Petersburg,1,5,18,False,1,1,True,True,True,0.4661,1
listing_004574,user_01369,Scooter cheap today only,"Delivery after deposit, no calls, messenger only.",1853.76,vehicles,Moscow,10,6,15,True,2,1,False,True,True,0.2181,1
listing_004575,user_00748,Used iPhone 13 in good condition,Available for inspection before purchase.,682.41,electronics,Moscow,187,2,7,False,0,5,False,False,False,0.7582,0
listing_004576,user_01708,Designer sofa very cheap urgent,"Delivery after deposit, no calls, messenger only.",127.56,furniture,Moscow,11,1,10,False,2,1,False,True,True,0.2835,1
listing_004577,user_01751,iPhone 15 Pro very cheap urgent,"Prepayment only, contact me in Telegram.",664.72,electronics,Kazan,18,2,19,False,1,0,True,True,True,0.7386,1
listing_004578,user_00526,Used iPhone 13 in good condition,"Used carefully, normal sale, local pickup is possible.",1244.03,electronics,Novosibirsk,847,0,1,True,0,5,False,False,False,1.3823,0
listing_004579,user_00016,New fridge half price urgent,"Urgent sale today, write outside the platform.",288.38,home_appliances,Sochi,7,4,14,False,2,2,False,True,True,0.4437,1
listing_004580,user_01135,Studio for long term rent,"Urgent sale today, write outside the platform.",81303.42,real_estate,Saint Petersburg,822,0,7,True,0,4,False,True,True,1.084,0
listing_004581,user_01618,Scooter cheap today only,"Prepayment only, contact me in Telegram.",4480.77,vehicles,Novosibirsk,2,5,14,False,2,1,True,True,True,0.5271,1
listing_004582,user_00363,Gaming laptop with warranty,Available for inspection before purchase.,950.98,electronics,Saint Petersburg,64,1,2,True,0,6,False,False,False,1.0566,0
listing_004583,user_01104,Gaming laptop with warranty,"Personal item, can meet in person and answer questions.",785.02,electronics,Novosibirsk,697,2,4,True,0,2,False,False,False,0.8722,0
listing_004584,user_01378,Used city bike,"Prepayment only, contact me in Telegram.",6584.2,vehicles,Novosibirsk,596,0,2,True,1,3,True,True,True,0.7746,0
listing_004585,user_01491,Washing machine works well,Available for inspection before purchase.,675.94,home_appliances,Sochi,707,0,4,True,0,4,False,False,False,1.0399,0
listing_004586,user_01479,MacBook sealed prepayment only,"Urgent sale today, write outside the platform.",437.32,electronics,Saint Petersburg,0,5,16,False,2,1,False,True,True,0.4859,1
listing_004587,user_01761,One bedroom apartment near metro,"Delivery after deposit, no calls, messenger only.",63647.41,real_estate,Moscow,108,0,1,True,0,2,False,True,True,0.8486,0
listing_004588,user_01247,Toyota Corolla 2016 clean documents,"Used carefully, normal sale, local pickup is possible.",10402.55,vehicles,Saint Petersburg,548,1,5,True,0,3,False,False,False,1.2238,0
listing_004589,user_00032,Washing machine works well,"Prepayment only, contact me in Telegram.",823.61,home_appliances,Moscow,83,0,3,False,0,5,True,True,True,1.2671,0
listing_004590,user_01515,Studio for long term rent,Available for inspection before purchase.,71392.65,real_estate,Novosibirsk,51,0,6,False,0,5,False,False,False,0.9519,0
listing_004591,user_01675,Dining table with chairs,Available for inspection before purchase.,631.47,furniture,Sochi,637,0,3,True,0,4,False,False,False,1.4033,0
listing_004592,user_00065,New table prepay reserve,"Prepayment only, contact me in Telegram.",211.4,furniture,Kazan,2,5,18,False,0,2,True,True,True,0.4698,1
listing_004593,user_01039,MacBook sealed prepayment only,"Prepayment only, contact me in Telegram.",368.79,electronics,Saint Petersburg,10,7,18,False,0,1,True,True,True,0.4098,1
listing_004594,user_00882,Gaming laptop with warranty,"Personal item, can meet in person and answer questions.",1189.27,electronics,Sochi,666,2,4,True,0,2,False,False,False,1.3214,0
listing_004595,user_00561,Studio for long term rent,"Urgent sale today, write outside the platform.",47815.23,real_estate,Sochi,355,3,4,True,0,6,False,True,True,0.6375,0
listing_004596,user_00651,Washing machine works well,"Personal item, can meet in person and answer questions.",570.58,home_appliances,Novosibirsk,313,0,3,True,0,5,False,False,False,0.8778,0
listing_004597,user_01462,Microwave oven,Available for inspection before purchase.,514.18,home_appliances,Kazan,566,1,4,True,0,2,False,False,False,0.791,0
listing_004598,user_01478,Washing machine works well,"Personal item, can meet in person and answer questions.",801.6,home_appliances,Kazan,561,1,4,True,0,3,False,False,False,1.2332,0
listing_004599,user_00221,New fridge half price urgent,"Prepayment only, contact me in Telegram.",198.35,home_appliances,Sochi,15,8,21,False,0,0,True,True,True,0.3052,1
listing_004600,user_00465,Sneakers limited urgent,"Delivery after deposit, no calls, messenger only.",23.31,fashion,Saint Petersburg,5,5,10,False,1,1,False,True,True,0.1942,1
listing_004601,user_01545,Dining table with chairs,"Used carefully, normal sale, local pickup is possible.",527.24,furniture,Sochi,1000,3,5,True,1,5,False,False,False,1.1716,0
listing_004602,user_00809,Winter jacket lightly used,"Used carefully, normal sale, local pickup is possible.",98.27,fashion,Kazan,672,2,7,True,0,3,False,False,False,0.8189,0
listing_004603,user_01152,Designer sofa very cheap urgent,"Prepayment only, contact me in Telegram.",265.66,furniture,Kazan,2,10,22,False,0,0,True,True,True,0.5904,1
listing_004604,user_00752,Dining table with chairs,"Personal item, can meet in person and answer questions.",538.62,furniture,Moscow,1330,0,0,True,0,6,False,False,False,1.1969,0
listing_004605,user_01084,MacBook sealed prepayment only,"Urgent sale today, write outside the platform.",662.95,electronics,Sochi,3,7,23,False,2,0,False,True,True,0.7366,1
listing_004606,user_01626,Studio for long term rent,"Used carefully, normal sale, local pickup is possible.",91805.18,real_estate,Saint Petersburg,1150,2,7,False,0,4,False,False,False,1.2241,0
listing_004607,user_00953,Studio for long term rent,"Used carefully, normal sale, local pickup is possible.",104681.88,real_estate,Moscow,936,1,4,True,0,6,False,False,False,1.3958,0
listing_004608,user_01549,Car urgent sale no questions,"Delivery after deposit, no calls, messenger only.",2886.48,vehicles,Sochi,4,2,13,False,1,1,False,True,True,0.3396,1
listing_004609,user_00453,Washing machine works well,"Personal item, can meet in person and answer questions.",316.81,home_appliances,Kazan,582,0,3,True,0,2,False,False,False,0.4874,0
listing_004610,user_00759,Apartment below market prepayment,"Prepayment only, contact me in Telegram.",35386.74,real_estate,Moscow,12,4,18,False,1,0,True,True,True,0.4718,1
listing_004611,user_00001,Microwave oven,"Personal item, can meet in person and answer questions.",463.89,home_appliances,Sochi,585,1,3,True,0,2,False,False,False,0.7137,0
listing_004612,user_01402,Microwave oven,"Used carefully, normal sale, local pickup is possible.",526.06,home_appliances,Saint Petersburg,116,0,7,True,0,3,False,False,False,0.8093,0
listing_004613,user_01006,Designer sofa very cheap urgent,"Used carefully, normal sale, local pickup is possible.",528.71,furniture,Kazan,363,0,1,True,1,6,False,True,False,1.1749,0
listing_004614,user_00404,Apartment below market prepayment,"Delivery after deposit, no calls, messenger only.",49059.87,real_estate,Novosibirsk,7,1,17,False,1,1,False,True,True,0.6541,1
listing_004615,user_01128,Wooden desk in good condition,Available for inspection before purchase.,384.75,furniture,Saint Petersburg,626,0,2,False,0,4,False,False,False,0.855,0
listing_004616,user_01578,Winter jacket lightly used,"Personal item, can meet in person and answer questions.",141.32,fashion,Moscow,154,2,7,False,0,4,False,False,False,1.1777,0
listing_004617,user_01245,Studio for long term rent,Available for inspection before purchase.,94945.23,real_estate,Saint Petersburg,1208,1,5,True,1,5,False,False,False,1.2659,0
listing_004618,user_01222,Toyota Corolla 2016 clean documents,"Delivery after deposit, no calls, messenger only.",8593.14,vehicles,Moscow,156,0,4,False,0,4,False,True,True,1.011,0
listing_004619,user_00716,Rent urgent contact Telegram,"Urgent sale today, write outside the platform.",44145.28,real_estate,Moscow,18,5,9,False,2,1,True,True,True,0.5886,1
listing_004620,user_01698,Gaming laptop with warranty,Available for inspection before purchase.,862.78,electronics,Moscow,183,2,6,True,0,3,False,False,False,0.9586,0
listing_004621,user_01500,Dining table with chairs,Available for inspection before purchase.,379.29,furniture,Kazan,1272,4,15,True,0,6,False,False,False,0.8429,0
listing_004622,user_01360,Apartment below market prepayment,"Prepayment only, contact me in Telegram.",29843.67,real_estate,Sochi,10,10,22,False,0,1,True,True,True,0.3979,1
listing_004623,user_01348,Winter jacket lightly used,Available for inspection before purchase.,123.3,fashion,Moscow,371,2,6,True,0,5,False,False,False,1.0275,0
listing_004624,user_00763,Sneakers limited urgent,"Prepayment only, contact me in Telegram.",71.97,fashion,Saint Petersburg,9,7,20,False,2,1,True,True,True,0.5998,1
listing_004625,user_00732,Dining table with chairs,Available for inspection before purchase.,370.15,furniture,Novosibirsk,1039,0,4,False,1,5,False,False,False,0.8226,0
listing_004626,user_01658,Dining table with chairs,"Personal item, can meet in person and answer questions.",455.63,furniture,Sochi,937,0,3,True,0,3,False,False,False,1.0125,0
listing_004627,user_01352,MacBook sealed prepayment only,"Delivery after deposit, no calls, messenger only.",172.75,electronics,Sochi,17,9,21,True,2,1,False,True,True,0.1919,1
listing_004628,user_01760,MacBook sealed prepayment only,"Urgent sale today, write outside the platform.",457.85,electronics,Novosibirsk,18,6,18,True,1,1,False,True,True,0.5087,1
listing_004629,user_01437,Gaming laptop with warranty,"Personal item, can meet in person and answer questions.",1122.97,electronics,Novosibirsk,791,1,5,True,1,5,False,False,False,1.2477,0
listing_004630,user_00634,Scooter cheap today only,"Urgent sale today, write outside the platform.",3525.94,vehicles,Saint Petersburg,10,6,18,False,2,2,False,True,True,0.4148,1
listing_004631,user_00404,Studio for long term rent,Available for inspection before purchase.,87047.53,real_estate,Novosibirsk,305,0,4,True,0,3,False,False,False,1.1606,0
listing_004632,user_01382,Leather shoes size 42,Available for inspection before purchase.,142.21,fashion,Kazan,168,1,3,True,0,4,False,False,False,1.1851,0
listing_004633,user_00794,Wooden desk in good condition,"Used carefully, normal sale, local pickup is possible.",377.82,furniture,Saint Petersburg,907,1,4,True,0,5,False,False,False,0.8396,0
listing_004634,user_01292,Used iPhone 13 in good condition,"Used carefully, normal sale, local pickup is possible.",1081.48,electronics,Kazan,856,0,4,True,0,4,False,False,False,1.2016,0
listing_004635,user_00113,Used iPhone 13 in good condition,"Personal item, can meet in person and answer questions.",1095.72,electronics,Novosibirsk,985,1,5,True,0,2,False,False,False,1.2175,0
listing_004636,user_00129,Scooter cheap today only,Available for inspection before purchase.,9143.93,vehicles,Saint Petersburg,919,0,0,False,0,3,False,True,False,1.0758,0
listing_004637,user_00369,iPhone 15 Pro very cheap urgent,"Prepayment only, contact me in Telegram.",378.44,electronics,Novosibirsk,7,3,14,False,2,1,True,True,True,0.4205,1
listing_004638,user_00400,New table prepay reserve,"Urgent sale today, write outside the platform.",131.56,furniture,Kazan,11,7,19,False,1,1,False,True,True,0.2924,1
listing_004639,user_00475,Winter jacket lightly used,"Used carefully, normal sale, local pickup is possible.",127.71,fashion,Sochi,1413,0,2,True,0,6,False,False,False,1.0642,0
listing_004640,user_00953,Microwave oven,"Used carefully, normal sale, local pickup is possible.",815.79,home_appliances,Moscow,792,0,2,True,1,2,False,False,False,1.2551,0
listing_004641,user_00279,iPhone 15 Pro very cheap urgent,"Urgent sale today, write outside the platform.",201.09,electronics,Novosibirsk,18,7,16,False,0,1,False,True,True,0.2234,1
listing_004642,user_00963,Dining table with chairs,"Used carefully, normal sale, local pickup is possible.",499.1,furniture,Sochi,1476,1,1,True,0,4,False,False,False,1.1091,0
listing_004643,user_00905,Used city bike,"Personal item, can meet in person and answer questions.",7020.97,vehicles,Novosibirsk,450,0,1,True,0,2,False,False,False,0.826,0
listing_004644,user_00044,Leather shoes size 42,"Used carefully, normal sale, local pickup is possible.",137.35,fashion,Novosibirsk,365,0,4,True,0,4,False,False,False,1.1446,0
listing_004645,user_01218,Washer cheap Telegram,Available for inspection before purchase.,673.08,home_appliances,Kazan,668,0,4,True,0,6,True,False,True,1.0355,0
listing_004646,user_01551,Washer cheap Telegram,"Urgent sale today, write outside the platform.",328.04,home_appliances,Sochi,3,1,12,False,1,1,True,True,True,0.5047,1
listing_004647,user_00206,Microwave oven,"Personal item, can meet in person and answer questions.",640.21,home_appliances,Moscow,312,1,3,True,1,2,False,False,False,0.9849,0
listing_004648,user_00402,Dining table with chairs,"Delivery after deposit, no calls, messenger only.",369.81,furniture,Kazan,1024,1,4,True,0,3,False,True,True,0.8218,0
listing_004649,user_01329,Washing machine works well,Available for inspection before purchase.,800.18,home_appliances,Sochi,990,2,5,True,0,5,False,False,False,1.231,0
listing_004650,user_01042,Washing machine works well,"Used carefully, normal sale, local pickup is possible.",808.81,home_appliances,Sochi,818,2,5,True,0,2,False,False,False,1.2443,0
listing_004651,user_01293,New table prepay reserve,"Urgent sale today, write outside the platform.",85.74,furniture,Moscow,13,7,17,False,0,1,False,True,True,0.1905,1
listing_004652,user_00121,Studio for long term rent,"Used carefully, normal sale, local pickup is possible.",59337.59,real_estate,Novosibirsk,1418,1,2,True,0,4,False,False,False,0.7912,0
listing_004653,user_00360,iPhone 15 Pro very cheap urgent,"Delivery after deposit, no calls, messenger only.",534.04,electronics,Saint Petersburg,19,2,16,False,2,0,False,True,True,0.5934,1
listing_004654,user_00485,Used iPhone 13 in good condition,"Prepayment only, contact me in Telegram.",855.82,electronics,Saint Petersburg,1102,1,2,True,1,3,True,True,True,0.9509,0
listing_004655,user_00751,Gaming laptop with warranty,"Used carefully, normal sale, local pickup is possible.",921.08,electronics,Saint Petersburg,734,0,4,True,0,3,False,False,False,1.0234,0
listing_004656,user_01381,Used iPhone 13 in good condition,"Used carefully, normal sale, local pickup is possible.",888.08,electronics,Moscow,105,2,5,True,0,3,False,False,False,0.9868,0
listing_004657,user_01148,Sneakers limited urgent,"Delivery after deposit, no calls, messenger only.",58.93,fashion,Novosibirsk,17,6,14,False,1,0,False,True,True,0.4911,1
listing_004658,user_00014,New table prepay reserve,"Urgent sale today, write outside the platform.",288.81,furniture,Novosibirsk,14,5,12,False,2,2,False,True,True,0.6418,1
listing_004659,user_00311,Microwave oven,"Used carefully, normal sale, local pickup is possible.",652.23,home_appliances,Novosibirsk,731,1,1,False,0,2,False,False,False,1.0034,0
listing_004660,user_01363,Studio for long term rent,"Urgent sale today, write outside the platform.",106155.38,real_estate,Novosibirsk,1170,2,5,False,0,5,False,True,True,1.4154,0
listing_004661,user_00195,Wooden desk in good condition,"Personal item, can meet in person and answer questions.",423.21,furniture,Saint Petersburg,553,3,6,True,0,2,False,False,False,0.9405,0
listing_004662,user_01049,Microwave oven,"Used carefully, normal sale, local pickup is possible.",504.86,home_appliances,Sochi,652,2,2,True,0,3,False,False,False,0.7767,0
listing_004663,user_00587,One bedroom apartment near metro,"Personal item, can meet in person and answer questions.",105171.04,real_estate,Novosibirsk,1101,1,6,False,0,2,False,False,False,1.4023,0
listing_004664,user_00980,Rent urgent contact Telegram,"Prepayment only, contact me in Telegram.",34508.03,real_estate,Kazan,13,5,18,False,0,1,True,True,True,0.4601,1
listing_004665,user_00244,Gaming laptop with warranty,Available for inspection before purchase.,489.31,electronics,Kazan,780,0,1,True,0,3,False,False,False,0.5437,0
listing_004666,user_01254,One bedroom apartment near metro,Available for inspection before purchase.,91083.89,real_estate,Novosibirsk,454,0,5,True,0,2,False,False,False,1.2145,0
listing_004667,user_01028,Leather shoes size 42,Available for inspection before purchase.,102.37,fashion,Saint Petersburg,1453,0,4,True,0,5,False,False,False,0.8531,0
listing_004668,user_00796,Leather shoes size 42,"Used carefully, normal sale, local pickup is possible.",102.26,fashion,Saint Petersburg,1166,0,4,True,0,5,False,False,False,0.8522,0
listing_004669,user_01670,Microwave oven,"Used carefully, normal sale, local pickup is possible.",539.03,home_appliances,Sochi,1406,0,1,True,1,4,False,False,False,0.8293,0
listing_004670,user_00308,Studio for long term rent,"Used carefully, normal sale, local pickup is possible.",72626.08,real_estate,Sochi,1205,1,6,True,0,2,False,False,False,0.9683,0
listing_004671,user_01518,Sneakers limited urgent,"Urgent sale today, write outside the platform.",87.1,fashion,Kazan,0,8,17,False,2,2,False,True,True,0.7258,1
listing_004672,user_00089,Used city bike,"Personal item, can meet in person and answer questions.",10787.61,vehicles,Novosibirsk,83,0,1,True,0,5,False,False,False,1.2691,0
listing_004673,user_00174,Dining table with chairs,"Personal item, can meet in person and answer questions.",416.12,furniture,Sochi,773,0,1,False,1,3,False,False,False,0.9247,0
listing_004674,user_01237,Leather shoes size 42,Available for inspection before purchase.,152.44,fashion,Kazan,1433,0,3,True,0,5,False,False,False,1.2703,0
listing_004675,user_01380,Apartment below market prepayment,"Prepayment only, contact me in Telegram.",37057.24,real_estate,Novosibirsk,19,1,11,False,0,0,True,True,True,0.4941,1
listing_004676,user_01429,Wooden desk in good condition,"Personal item, can meet in person and answer questions.",498.0,furniture,Saint Petersburg,744,2,5,True,0,4,False,False,False,1.1067,0
listing_004677,user_00556,Rent urgent contact Telegram,"Delivery after deposit, no calls, messenger only.",43407.2,real_estate,Moscow,18,7,19,True,3,2,True,True,True,0.5788,1
listing_004678,user_01749,MacBook sealed prepayment only,"Delivery after deposit, no calls, messenger only.",352.59,electronics,Novosibirsk,17,2,13,False,5,0,False,True,True,0.3918,1
listing_004679,user_01439,Washing machine works well,Available for inspection before purchase.,392.83,home_appliances,Saint Petersburg,742,1,3,True,0,2,False,False,False,0.6044,0
listing_004680,user_00826,Winter jacket lightly used,Available for inspection before purchase.,136.68,fashion,Novosibirsk,170,0,2,True,0,4,False,False,False,1.139,0
listing_004681,user_01000,Studio for long term rent,Available for inspection before purchase.,93934.86,real_estate,Novosibirsk,558,0,3,True,1,4,False,False,False,1.2525,0
listing_004682,user_01536,Microwave oven,"Personal item, can meet in person and answer questions.",794.9,home_appliances,Sochi,449,2,6,True,0,5,False,False,False,1.2229,0
listing_004683,user_01277,Sneakers limited urgent,Available for inspection before purchase.,97.83,fashion,Sochi,1465,1,6,False,0,3,False,True,False,0.8153,0
listing_004684,user_01185,Studio for long term rent,"Personal item, can meet in person and answer questions.",82967.04,real_estate,Kazan,910,0,2,False,0,3,False,False,False,1.1062,0
listing_004685,user_00723,New fridge half price urgent,"Delivery after deposit, no calls, messenger only.",185.25,home_appliances,Moscow,4,3,19,False,3,0,False,True,True,0.285,1
listing_004686,user_00488,Washer cheap Telegram,"Prepayment only, contact me in Telegram.",338.21,home_appliances,Kazan,6,5,18,False,0,0,True,True,True,0.5203,1
listing_004687,user_00955,Wooden desk in good condition,"Personal item, can meet in person and answer questions.",445.21,furniture,Sochi,1378,0,4,True,0,3,False,False,False,0.9894,0
listing_004688,user_01205,Rent urgent contact Telegram,"Used carefully, normal sale, local pickup is possible.",86873.15,real_estate,Sochi,599,1,5,True,0,6,True,True,True,1.1583,0
listing_004689,user_00031,Washer cheap Telegram,"Delivery after deposit, no calls, messenger only.",330.81,home_appliances,Saint Petersburg,2,4,14,False,1,1,True,True,True,0.5089,1
listing_004690,user_01026,Winter jacket lightly used,"Personal item, can meet in person and answer questions.",146.25,fashion,Moscow,1234,0,4,False,1,5,False,False,False,1.2188,0
listing_004691,user_00337,Scooter cheap today only,"Delivery after deposit, no calls, messenger only.",6290.05,vehicles,Kazan,2,5,19,False,0,1,False,True,True,0.74,1
listing_004692,user_01242,Washing machine works well,Available for inspection before purchase.,870.89,home_appliances,Moscow,930,0,5,True,0,3,False,False,False,1.3398,0
listing_004693,user_00143,Wooden desk in good condition,"Prepayment only, contact me in Telegram.",495.12,furniture,Novosibirsk,1011,4,5,True,1,5,True,True,True,1.1003,0
listing_004694,user_01230,Car urgent sale no questions,"Prepayment only, contact me in Telegram.",4451.63,vehicles,Saint Petersburg,15,3,19,False,0,2,True,True,True,0.5237,1
listing_004695,user_00748,One bedroom apartment near metro,Available for inspection before purchase.,62831.16,real_estate,Saint Petersburg,952,0,5,True,1,3,False,False,False,0.8377,0
listing_004696,user_01249,Winter jacket lightly used,Available for inspection before purchase.,99.82,fashion,Kazan,1276,3,4,True,0,6,False,False,False,0.8318,0
listing_004697,user_01437,Washer cheap Telegram,"Delivery after deposit, no calls, messenger only.",488.36,home_appliances,Moscow,19,7,20,False,0,2,True,True,True,0.7513,1
listing_004698,user_01782,Leather shoes size 42,"Used carefully, normal sale, local pickup is possible.",162.11,fashion,Saint Petersburg,1068,0,6,True,0,4,False,False,False,1.3509,0
listing_004699,user_01535,Studio for long term rent,"Personal item, can meet in person and answer questions.",79923.72,real_estate,Kazan,449,1,3,True,0,2,False,False,False,1.0656,0
listing_004700,user_01139,Wooden desk in good condition,"Personal item, can meet in person and answer questions.",485.33,furniture,Sochi,176,1,3,True,0,5,False,False,False,1.0785,0
listing_004701,user_01553,Wooden desk in good condition,"Used carefully, normal sale, local pickup is possible.",430.63,furniture,Moscow,725,0,6,True,0,2,False,False,False,0.957,0
listing_004702,user_00695,Sneakers limited urgent,"Prepayment only, contact me in Telegram.",106.4,fashion,Saint Petersburg,1186,0,1,True,1,3,True,True,True,0.8867,0
listing_004703,user_01704,Winter jacket lightly used,"Used carefully, normal sale, local pickup is possible.",137.74,fashion,Saint Petersburg,1435,0,5,True,0,4,False,False,False,1.1478,0
listing_004704,user_00518,Washing machine works well,Available for inspection before purchase.,397.99,home_appliances,Novosibirsk,1200,0,2,True,1,6,False,False,False,0.6123,0
listing_004705,user_01243,Designer sofa very cheap urgent,"Delivery after deposit, no calls, messenger only.",140.04,furniture,Moscow,11,4,21,False,1,0,False,True,True,0.3112,1
listing_004706,user_00563,Wooden desk in good condition,"Personal item, can meet in person and answer questions.",366.73,furniture,Kazan,1027,1,7,True,1,2,False,False,False,0.815,0
listing_004707,user_00418,Designer sofa very cheap urgent,"Prepayment only, contact me in Telegram.",144.59,furniture,Moscow,1,5,17,False,5,0,True,True,True,0.3213,1
listing_004708,user_01300,Gaming laptop with warranty,"Used carefully, normal sale, local pickup is possible.",752.7,electronics,Moscow,689,1,6,True,0,6,False,False,False,0.8363,0
listing_004709,user_01267,MacBook sealed prepayment only,"Delivery after deposit, no calls, messenger only.",316.27,electronics,Moscow,1,2,19,False,2,1,False,True,True,0.3514,1
listing_004710,user_00447,Dining table with chairs,"Delivery after deposit, no calls, messenger only.",558.2,furniture,Kazan,726,1,2,False,0,5,False,True,True,1.2404,0
listing_004711,user_01511,Winter jacket lightly used,"Personal item, can meet in person and answer questions.",113.5,fashion,Sochi,942,0,0,True,0,3,False,False,False,0.9458,0
listing_004712,user_00098,Car urgent sale no questions,"Prepayment only, contact me in Telegram.",5100.54,vehicles,Sochi,17,7,18,False,1,0,True,True,True,0.6001,1
listing_004713,user_00670,Leather shoes size 42,"Personal item, can meet in person and answer questions.",114.32,fashion,Novosibirsk,470,0,1,True,0,6,False,False,False,0.9527,0
listing_004714,user_01106,Used iPhone 13 in good condition,"Personal item, can meet in person and answer questions.",844.87,electronics,Saint Petersburg,639,3,5,True,1,2,False,False,False,0.9387,0
listing_004715,user_00829,New fridge half price urgent,"Urgent sale today, write outside the platform.",290.29,home_appliances,Moscow,20,5,16,True,0,1,False,True,True,0.4466,1
listing_004716,user_01125,Apartment below market prepayment,"Delivery after deposit, no calls, messenger only.",47068.32,real_estate,Moscow,12,2,16,False,3,1,False,True,True,0.6276,1
listing_004717,user_00829,Used iPhone 13 in good condition,"Used carefully, normal sale, local pickup is possible.",818.46,electronics,Saint Petersburg,957,2,5,True,0,3,False,False,False,0.9094,0
listing_004718,user_00968,Rent urgent contact Telegram,"Delivery after deposit, no calls, messenger only.",31555.86,real_estate,Kazan,10,4,20,False,1,1,True,True,True,0.4207,1
listing_004719,user_01078,Washing machine works well,"Personal item, can meet in person and answer questions.",746.58,home_appliances,Saint Petersburg,1429,1,4,True,1,2,False,False,False,1.1486,0
listing_004720,user_00451,Microwave oven,"Personal item, can meet in person and answer questions.",707.84,home_appliances,Saint Petersburg,1080,2,10,True,1,4,False,False,False,1.089,0
listing_004721,user_00148,Used city bike,Available for inspection before purchase.,7964.91,vehicles,Kazan,1288,1,4,False,1,4,False,False,False,0.937,0
listing_004722,user_01489,Used city bike,"Personal item, can meet in person and answer questions.",6103.29,vehicles,Novosibirsk,842,1,5,False,0,3,False,False,False,0.718,0
listing_004723,user_01605,Car urgent sale no questions,"Urgent sale today, write outside the platform.",4832.66,vehicles,Moscow,0,3,12,False,2,1,False,True,True,0.5685,1
listing_004724,user_01672,New fridge half price urgent,"Used carefully, normal sale, local pickup is possible.",361.57,home_appliances,Sochi,948,2,5,True,0,5,False,True,False,0.5563,0
listing_004725,user_00234,Washing machine works well,"Personal item, can meet in person and answer questions.",667.32,home_appliances,Moscow,1221,2,5,True,1,3,False,False,False,1.0266,0
listing_004726,user_00609,Dining table with chairs,Available for inspection before purchase.,509.81,furniture,Saint Petersburg,498,1,9,True,1,4,False,False,False,1.1329,0
listing_004727,user_00294,Microwave oven,"Used carefully, normal sale, local pickup is possible.",525.86,home_appliances,Sochi,82,1,4,True,0,4,False,False,False,0.809,0
listing_004728,user_00940,Used city bike,"Used carefully, normal sale, local pickup is possible.",10527.74,vehicles,Novosibirsk,340,0,8,True,0,4,False,False,False,1.2386,0
listing_004729,user_01441,Dining table with chairs,"Urgent sale today, write outside the platform.",228.19,furniture,Sochi,482,0,1,True,0,2,False,True,True,0.5071,0
listing_004730,user_00741,Rent urgent contact Telegram,"Urgent sale today, write outside the platform.",49056.2,real_estate,Moscow,20,5,17,False,1,0,True,True,True,0.6541,1
listing_004731,user_00788,One bedroom apartment near metro,"Personal item, can meet in person and answer questions.",82185.28,real_estate,Sochi,696,1,3,False,0,6,False,False,False,1.0958,0
listing_004732,user_00943,Washing machine works well,Available for inspection before purchase.,624.64,home_appliances,Saint Petersburg,640,2,4,True,0,6,False,False,False,0.961,0
listing_004733,user_00974,Wooden desk in good condition,Available for inspection before purchase.,312.7,furniture,Kazan,889,0,1,False,0,5,False,False,False,0.6949,0
listing_004734,user_01095,MacBook sealed prepayment only,Available for inspection before purchase.,1097.15,electronics,Sochi,736,3,9,True,0,5,False,True,False,1.2191,0
listing_004735,user_00469,Winter jacket lightly used,"Personal item, can meet in person and answer questions.",133.7,fashion,Saint Petersburg,868,0,3,False,1,5,False,False,False,1.1142,0
listing_004736,user_01715,One bedroom apartment near metro,"Personal item, can meet in person and answer questions.",95058.47,real_estate,Novosibirsk,1144,2,3,True,0,2,False,False,False,1.2674,0
listing_004737,user_00770,One bedroom apartment near metro,Available for inspection before purchase.,66833.61,real_estate,Sochi,145,0,3,True,0,4,False,False,False,0.8911,0
listing_004738,user_00402,Sneakers limited urgent,"Urgent sale today, write outside the platform.",45.79,fashion,Moscow,2,4,12,False,1,1,False,True,True,0.3816,1
listing_004739,user_01077,New table prepay reserve,"Prepayment only, contact me in Telegram.",228.18,furniture,Saint Petersburg,20,4,12,True,2,1,True,True,True,0.5071,1
listing_004740,user_01292,Rent urgent contact Telegram,"Delivery after deposit, no calls, messenger only.",34036.69,real_estate,Saint Petersburg,18,4,12,False,3,1,True,True,True,0.4538,1
listing_004741,user_00508,Toyota Corolla 2016 clean documents,"Personal item, can meet in person and answer questions.",7364.05,vehicles,Saint Petersburg,965,1,4,False,0,2,False,False,False,0.8664,0
listing_004742,user_00937,Gaming laptop with warranty,Available for inspection before purchase.,419.46,electronics,Saint Petersburg,790,1,6,True,0,4,False,False,False,0.4661,0
listing_004743,user_00117,Microwave oven,Available for inspection before purchase.,520.95,home_appliances,Moscow,1490,0,2,True,1,6,False,False,False,0.8015,0
listing_004744,user_00606,Winter jacket lightly used,Available for inspection before purchase.,108.48,fashion,Moscow,545,1,1,True,0,2,False,False,False,0.904,0
listing_004745,user_01455,New table prepay reserve,"Prepayment only, contact me in Telegram.",167.53,furniture,Moscow,8,7,21,True,0,1,True,True,True,0.3723,1
listing_004746,user_00757,Washer cheap Telegram,"Prepayment only, contact me in Telegram.",376.13,home_appliances,Kazan,2,3,14,False,2,0,True,True,True,0.5787,1
listing_004747,user_00877,Microwave oven,"Personal item, can meet in person and answer questions.",839.74,home_appliances,Moscow,609,2,5,True,0,6,False,False,False,1.2919,0
listing_004748,user_00914,Used city bike,Available for inspection before purchase.,9413.86,vehicles,Moscow,606,1,2,True,0,5,False,False,False,1.1075,0
listing_004749,user_01538,Leather shoes size 42,"Personal item, can meet in person and answer questions.",147.27,fashion,Sochi,1328,3,4,False,0,2,False,False,False,1.2273,0
listing_004750,user_00089,Washer cheap Telegram,"Urgent sale today, write outside the platform.",243.0,home_appliances,Sochi,3,6,27,True,0,2,True,True,True,0.3738,1
listing_004751,user_01497,New table prepay reserve,"Delivery after deposit, no calls, messenger only.",235.65,furniture,Novosibirsk,14,9,23,False,0,1,False,True,True,0.5237,1
listing_004752,user_00332,Gaming laptop with warranty,Available for inspection before purchase.,931.37,electronics,Novosibirsk,1444,2,7,True,1,3,False,False,False,1.0349,0
listing_004753,user_00381,Microwave oven,"Used carefully, normal sale, local pickup is possible.",553.02,home_appliances,Sochi,613,0,2,True,1,6,False,False,False,0.8508,0
listing_004754,user_01715,Winter jacket lightly used,"Used carefully, normal sale, local pickup is possible.",152.9,fashion,Novosibirsk,937,0,1,False,0,5,False,False,False,1.2742,0
listing_004755,user_00483,Gaming laptop with warranty,"Used carefully, normal sale, local pickup is possible.",1187.91,electronics,Saint Petersburg,1201,1,5,True,0,4,False,False,False,1.3199,0
listing_004756,user_00478,Used city bike,"Prepayment only, contact me in Telegram.",3721.17,vehicles,Sochi,659,0,1,True,0,6,True,True,True,0.4378,1
listing_004757,user_00861,Studio for long term rent,"Used carefully, normal sale, local pickup is possible.",60248.11,real_estate,Kazan,846,1,4,True,0,2,False,False,False,0.8033,0
listing_004758,user_01268,Used iPhone 13 in good condition,Available for inspection before purchase.,777.22,electronics,Sochi,1307,1,3,True,0,5,False,False,False,0.8636,0
listing_004759,user_01484,Washing machine works well,"Personal item, can meet in person and answer questions.",835.72,home_appliances,Sochi,712,0,0,True,0,3,False,False,False,1.2857,0
listing_004760,user_00095,Dining table with chairs,"Used carefully, normal sale, local pickup is possible.",567.66,furniture,Sochi,477,0,2,True,1,5,False,False,False,1.2615,0
listing_004761,user_00375,One bedroom apartment near metro,"Personal item, can meet in person and answer questions.",68798.38,real_estate,Sochi,1104,2,3,True,0,3,False,False,False,0.9173,0
listing_004762,user_00883,Gaming laptop with warranty,"Personal item, can meet in person and answer questions.",1120.11,electronics,Moscow,385,3,5,True,1,6,False,False,False,1.2446,0
listing_004763,user_00641,Wooden desk in good condition,"Personal item, can meet in person and answer questions.",547.63,furniture,Sochi,646,0,4,True,1,3,False,False,False,1.217,0
listing_004764,user_01005,Microwave oven,Available for inspection before purchase.,851.3,home_appliances,Novosibirsk,124,1,2,False,0,5,False,False,False,1.3097,0
listing_004765,user_00207,Dining table with chairs,"Personal item, can meet in person and answer questions.",473.06,furniture,Novosibirsk,366,0,5,True,0,3,False,False,False,1.0512,0
listing_004766,user_01587,Used city bike,"Urgent sale today, write outside the platform.",8987.88,vehicles,Sochi,999,2,4,True,1,6,False,True,True,1.0574,0
listing_004767,user_01721,Winter jacket lightly used,Available for inspection before purchase.,131.19,fashion,Kazan,1108,0,4,True,1,2,False,False,False,1.0933,0
listing_004768,user_01239,iPhone 15 Pro very cheap urgent,"Prepayment only, contact me in Telegram.",502.35,electronics,Novosibirsk,17,4,14,True,2,2,True,True,True,0.5582,1
listing_004769,user_01170,Used city bike,Available for inspection before purchase.,10368.74,vehicles,Saint Petersburg,156,0,2,True,0,4,False,False,False,1.2199,0
listing_004770,user_00073,Scooter cheap today only,"Prepayment only, contact me in Telegram.",5643.53,vehicles,Kazan,5,4,13,True,1,2,True,True,True,0.6639,1
listing_004771,user_00186,Toyota Corolla 2016 clean documents,"Personal item, can meet in person and answer questions.",8019.29,vehicles,Kazan,229,2,3,True,0,4,False,False,False,0.9434,0
listing_004772,user_00434,iPhone 15 Pro very cheap urgent,"Urgent sale today, write outside the platform.",484.8,electronics,Kazan,9,5,17,False,0,1,False,True,True,0.5387,1
listing_004773,user_00433,Wooden desk in good condition,"Personal item, can meet in person and answer questions.",345.17,furniture,Novosibirsk,791,0,2,True,1,2,False,False,False,0.767,0
listing_004774,user_01460,Apartment below market prepayment,"Delivery after deposit, no calls, messenger only.",28834.9,real_estate,Moscow,13,0,5,False,0,0,False,True,True,0.3845,1
listing_004775,user_01776,Washer cheap Telegram,"Urgent sale today, write outside the platform.",303.38,home_appliances,Sochi,9,9,22,False,2,1,True,True,True,0.4667,1
listing_004776,user_01353,Gaming laptop with warranty,"Personal item, can meet in person and answer questions.",713.14,electronics,Saint Petersburg,390,1,5,True,0,6,False,False,False,0.7924,0
listing_004777,user_00106,Winter jacket lightly used,Available for inspection before purchase.,150.88,fashion,Kazan,858,3,5,False,0,5,False,False,False,1.2573,0
listing_004778,user_00635,Apartment below market prepayment,"Prepayment only, contact me in Telegram.",19764.86,real_estate,Moscow,6,2,14,True,3,0,True,True,True,0.2635,1
listing_004779,user_01236,Leather shoes size 42,"Personal item, can meet in person and answer questions.",65.31,fashion,Moscow,750,3,5,True,0,5,False,False,False,0.5443,0
listing_004780,user_01561,Scooter cheap today only,"Delivery after deposit, no calls, messenger only.",4936.8,vehicles,Kazan,7,3,15,True,0,1,False,True,True,0.5808,0
listing_004781,user_00059,Leather shoes size 42,"Used carefully, normal sale, local pickup is possible.",91.73,fashion,Novosibirsk,733,0,3,True,1,3,False,False,False,0.7644,0
listing_004782,user_01387,Microwave oven,Available for inspection before purchase.,522.71,home_appliances,Moscow,1445,0,4,True,0,4,False,False,False,0.8042,0
listing_004783,user_00143,Wooden desk in good condition,"Used carefully, normal sale, local pickup is possible.",335.91,furniture,Saint Petersburg,110,0,3,True,0,5,False,False,False,0.7465,0
listing_004784,user_00968,Toyota Corolla 2016 clean documents,"Personal item, can meet in person and answer questions.",11809.62,vehicles,Sochi,648,2,5,True,1,2,False,False,False,1.3894,0
listing_004785,user_00259,Toyota Corolla 2016 clean documents,"Personal item, can meet in person and answer questions.",6752.51,vehicles,Sochi,824,2,4,False,0,2,False,False,False,0.7944,0
listing_004786,user_00588,Microwave oven,"Used carefully, normal sale, local pickup is possible.",522.08,home_appliances,Kazan,970,0,3,True,0,2,False,False,False,0.8032,0
listing_004787,user_01034,Toyota Corolla 2016 clean documents,"Urgent sale today, write outside the platform.",10297.31,vehicles,Kazan,682,1,1,True,0,2,False,True,True,1.2114,0
listing_004788,user_00122,Winter jacket lightly used,"Personal item, can meet in person and answer questions.",102.63,fashion,Sochi,1463,2,3,True,0,4,False,False,False,0.8552,0
listing_004789,user_01266,Dining table with chairs,Available for inspection before purchase.,413.11,furniture,Sochi,312,1,8,True,0,2,False,False,False,0.918,0
listing_004790,user_00886,Studio for long term rent,"Personal item, can meet in person and answer questions.",95475.42,real_estate,Saint Petersburg,199,0,0,False,0,6,False,False,False,1.273,0
listing_004791,user_00820,Used iPhone 13 in good condition,"Personal item, can meet in person and answer questions.",733.06,electronics,Sochi,722,2,4,False,1,4,False,False,False,0.8145,0
listing_004792,user_01161,Wooden desk in good condition,"Personal item, can meet in person and answer questions.",374.79,furniture,Saint Petersburg,754,1,6,True,0,3,False,False,False,0.8329,0
listing_004793,user_00637,Car urgent sale no questions,"Prepayment only, contact me in Telegram.",4259.45,vehicles,Saint Petersburg,14,2,14,True,1,1,True,True,True,0.5011,1
listing_004794,user_01745,Scooter cheap today only,"Delivery after deposit, no calls, messenger only.",2029.41,vehicles,Kazan,20,7,17,False,2,1,False,True,True,0.2388,1
listing_004795,user_00894,Leather shoes size 42,"Used carefully, normal sale, local pickup is possible.",109.53,fashion,Moscow,1084,1,5,True,0,4,False,False,False,0.9128,0
listing_004796,user_01183,MacBook sealed prepayment only,"Prepayment only, contact me in Telegram.",593.29,electronics,Moscow,11,4,16,False,1,1,True,True,True,0.6592,1
listing_004797,user_00870,Wooden desk in good condition,"Used carefully, normal sale, local pickup is possible.",408.7,furniture,Sochi,1108,0,3,True,0,3,False,False,False,0.9082,0
listing_004798,user_00251,Gaming laptop with warranty,Available for inspection before purchase.,689.53,electronics,Moscow,287,3,4,True,0,4,False,False,False,0.7661,0
listing_004799,user_00086,Sneakers limited urgent,"Personal item, can meet in person and answer questions.",138.04,fashion,Kazan,1117,3,6,True,0,5,False,True,False,1.1503,0
listing_004800,user_01614,Wooden desk in good condition,"Used carefully, normal sale, local pickup is possible.",510.42,furniture,Sochi,1217,2,6,True,0,6,False,False,False,1.1343,0
listing_004801,user_01087,Used iPhone 13 in good condition,Available for inspection before purchase.,679.7,electronics,Saint Petersburg,887,1,4,True,0,4,False,False,False,0.7552,0
listing_004802,user_01541,Wooden desk in good condition,"Personal item, can meet in person and answer questions.",436.1,furniture,Kazan,1257,2,4,True,0,3,False,False,False,0.9691,0
listing_004803,user_00178,Toyota Corolla 2016 clean documents,"Personal item, can meet in person and answer questions.",6797.95,vehicles,Kazan,1324,1,4,True,0,5,False,False,False,0.7998,0
listing_004804,user_00467,Apartment below market prepayment,"Delivery after deposit, no calls, messenger only.",28475.75,real_estate,Kazan,20,2,18,False,0,2,False,True,True,0.3797,1
listing_004805,user_01764,Used iPhone 13 in good condition,Available for inspection before purchase.,760.65,electronics,Kazan,1309,2,5,True,0,6,False,False,False,0.8452,0
listing_004806,user_01367,Used iPhone 13 in good condition,"Personal item, can meet in person and answer questions.",851.73,electronics,Kazan,1183,0,6,True,0,6,False,False,False,0.9464,0
listing_004807,user_00092,Dining table with chairs,"Used carefully, normal sale, local pickup is possible.",444.75,furniture,Moscow,1444,1,3,False,0,4,False,False,False,0.9883,0
listing_004808,user_00430,Washer cheap Telegram,Available for inspection before purchase.,474.35,home_appliances,Novosibirsk,1424,1,6,True,1,6,True,False,True,0.7298,0
listing_004809,user_00679,Studio for long term rent,"Used carefully, normal sale, local pickup is possible.",96176.41,real_estate,Saint Petersburg,642,1,4,True,1,2,False,False,False,1.2824,0
listing_004810,user_01250,Car urgent sale no questions,"Prepayment only, contact me in Telegram.",4726.4,vehicles,Novosibirsk,11,7,17,False,2,1,True,True,True,0.556,1
listing_004811,user_01086,Gaming laptop with warranty,"Used carefully, normal sale, local pickup is possible.",921.07,electronics,Moscow,1252,1,4,True,0,6,False,False,False,1.0234,0
listing_004812,user_00975,Dining table with chairs,Available for inspection before purchase.,526.41,furniture,Novosibirsk,54,0,3,True,0,4,False,False,False,1.1698,0
listing_004813,user_00962,MacBook sealed prepayment only,"Delivery after deposit, no calls, messenger only.",693.84,electronics,Moscow,0,7,15,True,2,1,False,True,True,0.7709,1
listing_004814,user_01622,iPhone 15 Pro very cheap urgent,"Prepayment only, contact me in Telegram.",277.43,electronics,Moscow,16,8,13,True,2,2,True,True,True,0.3083,1
listing_004815,user_00549,Winter jacket lightly used,"Used carefully, normal sale, local pickup is possible.",144.44,fashion,Novosibirsk,583,0,3,True,0,3,False,False,False,1.2037,0
listing_004816,user_00041,Studio for long term rent,"Used carefully, normal sale, local pickup is possible.",87730.74,real_estate,Kazan,827,0,1,True,0,6,False,False,False,1.1697,0
listing_004817,user_00202,Rent urgent contact Telegram,"Delivery after deposit, no calls, messenger only.",35414.25,real_estate,Novosibirsk,9,8,25,False,3,1,True,True,True,0.4722,1
listing_004818,user_01595,Used iPhone 13 in good condition,"Personal item, can meet in person and answer questions.",1003.56,electronics,Sochi,1342,0,1,True,0,4,False,False,False,1.1151,0
listing_004819,user_00568,Wooden desk in good condition,"Delivery after deposit, no calls, messenger only.",500.41,furniture,Saint Petersburg,351,2,6,True,1,2,False,True,True,1.112,0
listing_004820,user_01530,New table prepay reserve,"Prepayment only, contact me in Telegram.",286.64,furniture,Sochi,8,2,7,False,1,2,True,True,True,0.637,1
listing_004821,user_01164,Used city bike,Available for inspection before purchase.,6716.19,vehicles,Moscow,869,1,7,True,0,2,False,False,False,0.7901,0
listing_004822,user_01214,Luxury jacket original cheap,"Urgent sale today, write outside the platform.",45.89,fashion,Sochi,17,10,26,True,0,1,False,True,True,0.3824,1
listing_004823,user_00201,Designer sofa very cheap urgent,"Urgent sale today, write outside the platform.",116.68,furniture,Novosibirsk,19,3,20,False,0,1,False,True,True,0.2593,1
listing_004824,user_00321,Used iPhone 13 in good condition,"Personal item, can meet in person and answer questions.",941.8,electronics,Sochi,1023,1,7,True,0,4,False,False,False,1.0464,0
listing_004825,user_01275,New fridge half price urgent,"Delivery after deposit, no calls, messenger only.",481.35,home_appliances,Moscow,6,6,19,False,1,1,False,True,True,0.7405,1
listing_004826,user_01321,Wooden desk in good condition,"Personal item, can meet in person and answer questions.",502.16,furniture,Moscow,609,3,8,True,0,5,False,False,False,1.1159,0
listing_004827,user_00055,Rent urgent contact Telegram,"Prepayment only, contact me in Telegram.",36040.8,real_estate,Moscow,10,8,18,False,0,0,True,True,True,0.4805,1
listing_004828,user_01652,Used city bike,Available for inspection before purchase.,9190.01,vehicles,Sochi,714,1,1,True,1,3,False,False,False,1.0812,0
listing_004829,user_01247,Wooden desk in good condition,"Used carefully, normal sale, local pickup is possible.",482.08,furniture,Moscow,348,5,7,True,0,3,False,False,False,1.0713,0
listing_004830,user_00851,Washer cheap Telegram,"Delivery after deposit, no calls, messenger only.",251.63,home_appliances,Saint Petersburg,8,3,11,True,1,1,True,True,True,0.3871,1
listing_004831,user_01247,Winter jacket lightly used,"Personal item, can meet in person and answer questions.",150.91,fashion,Saint Petersburg,116,2,4,True,0,4,False,False,False,1.2576,0
listing_004832,user_01395,Wooden desk in good condition,"Personal item, can meet in person and answer questions.",349.57,furniture,Saint Petersburg,553,2,4,False,0,3,False,False,False,0.7768,0
listing_004833,user_01592,Wooden desk in good condition,"Used carefully, normal sale, local pickup is possible.",355.1,furniture,Novosibirsk,263,2,4,True,0,3,False,False,False,0.7891,0
listing_004834,user_01119,Microwave oven,Available for inspection before purchase.,857.76,home_appliances,Novosibirsk,318,1,3,False,0,5,False,False,False,1.3196,0
listing_004835,user_01476,New table prepay reserve,"Delivery after deposit, no calls, messenger only.",434.37,furniture,Kazan,1492,1,2,True,0,5,False,True,True,0.9653,0
listing_004836,user_00003,Gaming laptop with warranty,Available for inspection before purchase.,343.27,electronics,Kazan,1334,2,4,True,0,6,False,False,False,0.3814,0
listing_004837,user_01413,Used city bike,Available for inspection before purchase.,7627.31,vehicles,Moscow,1193,1,6,True,1,3,False,False,False,0.8973,0
listing_004838,user_00762,New table prepay reserve,"Urgent sale today, write outside the platform.",125.4,furniture,Novosibirsk,19,4,14,False,2,1,False,True,True,0.2787,1
listing_004839,user_00230,Winter jacket lightly used,"Delivery after deposit, no calls, messenger only.",136.44,fashion,Sochi,610,1,4,True,0,6,False,True,True,1.137,0
listing_004840,user_01781,Gaming laptop with warranty,Available for inspection before purchase.,1058.13,electronics,Sochi,1157,2,6,True,0,5,False,False,False,1.1757,0
listing_004841,user_00201,Wooden desk in good condition,Available for inspection before purchase.,456.2,furniture,Sochi,553,0,4,True,1,2,False,False,False,1.0138,0
listing_004842,user_01653,MacBook sealed prepayment only,"Prepayment only, contact me in Telegram.",673.35,electronics,Kazan,12,5,16,True,3,1,True,True,True,0.7482,1
listing_004843,user_00343,Used iPhone 13 in good condition,"Used carefully, normal sale, local pickup is possible.",949.19,electronics,Saint Petersburg,100,2,2,True,0,4,False,False,False,1.0547,0
listing_004844,user_00824,Dining table with chairs,Available for inspection before purchase.,428.66,furniture,Sochi,781,1,4,False,0,2,False,False,False,0.9526,0
listing_004845,user_00355,Gaming laptop with warranty,Available for inspection before purchase.,1201.94,electronics,Moscow,569,1,6,False,0,3,False,False,False,1.3355,0
listing_004846,user_00877,Scooter cheap today only,"Used carefully, normal sale, local pickup is possible.",6658.81,vehicles,Novosibirsk,756,0,4,True,0,5,False,True,False,0.7834,0
listing_004847,user_00368,Microwave oven,"Used carefully, normal sale, local pickup is possible.",680.02,home_appliances,Moscow,1418,0,2,True,0,6,False,False,False,1.0462,0
listing_004848,user_00528,Rent urgent contact Telegram,"Prepayment only, contact me in Telegram.",29749.21,real_estate,Sochi,16,6,18,False,1,1,True,True,True,0.3967,1
listing_004849,user_00827,Studio for long term rent,"Personal item, can meet in person and answer questions.",87608.6,real_estate,Sochi,1245,1,3,True,0,5,False,False,False,1.1681,0
listing_004850,user_00882,Wooden desk in good condition,Available for inspection before purchase.,350.1,furniture,Sochi,778,0,4,False,0,6,False,False,False,0.778,0
listing_004851,user_01470,Microwave oven,"Used carefully, normal sale, local pickup is possible.",871.84,home_appliances,Novosibirsk,35,0,2,False,0,6,False,False,False,1.3413,0
listing_004852,user_01532,Car urgent sale no questions,"Delivery after deposit, no calls, messenger only.",2938.55,vehicles,Kazan,20,7,21,False,0,1,False,True,True,0.3457,1
listing_004853,user_00104,Wooden desk in good condition,"Personal item, can meet in person and answer questions.",499.67,furniture,Moscow,439,0,1,True,0,2,False,False,False,1.1104,0
listing_004854,user_00646,New fridge half price urgent,"Delivery after deposit, no calls, messenger only.",268.29,home_appliances,Sochi,9,4,21,False,1,1,False,True,True,0.4128,1
listing_004855,user_01159,New table prepay reserve,"Prepayment only, contact me in Telegram.",125.92,furniture,Kazan,17,2,11,False,1,1,True,True,True,0.2798,1
listing_004856,user_01264,Dining table with chairs,"Used carefully, normal sale, local pickup is possible.",535.53,furniture,Sochi,538,2,7,True,1,5,False,False,False,1.1901,0
listing_004857,user_00090,Used iPhone 13 in good condition,"Used carefully, normal sale, local pickup is possible.",1137.72,electronics,Sochi,179,0,2,True,1,3,False,False,False,1.2641,0
listing_004858,user_00260,Used city bike,"Used carefully, normal sale, local pickup is possible.",10189.98,vehicles,Novosibirsk,544,1,6,True,0,6,False,False,False,1.1988,0
listing_004859,user_01340,Wooden desk in good condition,"Personal item, can meet in person and answer questions.",469.59,furniture,Kazan,1227,1,4,True,1,2,False,False,False,1.0435,0
listing_004860,user_00117,Used city bike,"Prepayment only, contact me in Telegram.",11172.42,vehicles,Moscow,712,0,6,True,0,6,True,True,True,1.3144,0
listing_004861,user_01558,Apartment below market prepayment,"Prepayment only, contact me in Telegram.",22012.23,real_estate,Kazan,1,7,15,False,3,1,True,True,True,0.2935,1
listing_004862,user_00422,Wooden desk in good condition,"Personal item, can meet in person and answer questions.",371.41,furniture,Kazan,1166,0,4,True,0,5,False,False,False,0.8254,0
listing_004863,user_01219,Winter jacket lightly used,"Personal item, can meet in person and answer questions.",96.84,fashion,Sochi,1182,1,2,False,0,3,False,False,False,0.807,0
listing_004864,user_01695,Leather shoes size 42,Available for inspection before purchase.,138.56,fashion,Kazan,778,2,7,False,0,6,False,False,False,1.1547,0
listing_004865,user_01340,Apartment below market prepayment,Available for inspection before purchase.,68292.48,real_estate,Novosibirsk,748,1,4,True,0,6,False,False,False,0.9106,0
listing_004866,user_01601,New table prepay reserve,"Delivery after deposit, no calls, messenger only.",279.79,furniture,Moscow,19,5,19,False,2,2,False,True,True,0.6218,1
listing_004867,user_01184,Wooden desk in good condition,Available for inspection before purchase.,555.17,furniture,Saint Petersburg,585,1,3,True,0,5,False,False,False,1.2337,0
listing_004868,user_00781,Leather shoes size 42,"Personal item, can meet in person and answer questions.",107.95,fashion,Novosibirsk,1225,1,3,False,0,3,False,False,False,0.8996,0
listing_004869,user_01645,Used iPhone 13 in good condition,Available for inspection before purchase.,970.41,electronics,Saint Petersburg,141,0,4,True,1,3,False,False,False,1.0782,0
listing_004870,user_00705,New table prepay reserve,"Prepayment only, contact me in Telegram.",233.56,furniture,Saint Petersburg,18,5,13,False,1,2,True,True,True,0.519,1
listing_004871,user_00397,Leather shoes size 42,"Prepayment only, contact me in Telegram.",129.56,fashion,Novosibirsk,382,2,6,False,1,4,True,True,True,1.0797,1
listing_004872,user_00276,Dining table with chairs,"Used carefully, normal sale, local pickup is possible.",357.49,furniture,Moscow,916,0,5,True,1,5,False,False,False,0.7944,0
listing_004873,user_00190,One bedroom apartment near metro,"Used carefully, normal sale, local pickup is possible.",63291.58,real_estate,Saint Petersburg,935,0,5,True,0,3,False,False,False,0.8439,0
listing_004874,user_00947,Studio for long term rent,Available for inspection before purchase.,90280.05,real_estate,Sochi,1101,2,5,True,0,3,False,False,False,1.2037,0
listing_004875,user_00738,Wooden desk in good condition,"Personal item, can meet in person and answer questions.",274.57,furniture,Moscow,430,2,6,True,0,3,False,False,False,0.6102,0
listing_004876,user_01782,Car urgent sale no questions,"Urgent sale today, write outside the platform.",5041.49,vehicles,Novosibirsk,9,2,15,False,0,1,False,True,True,0.5931,0
listing_004877,user_00022,Car urgent sale no questions,"Delivery after deposit, no calls, messenger only.",2756.89,vehicles,Sochi,2,7,13,False,0,1,False,True,True,0.3243,1
listing_004878,user_00969,Dining table with chairs,"Personal item, can meet in person and answer questions.",519.99,furniture,Moscow,404,1,4,True,0,2,False,False,False,1.1555,0
listing_004879,user_00558,Wooden desk in good condition,"Personal item, can meet in person and answer questions.",497.66,furniture,Kazan,56,2,7,True,0,5,False,False,False,1.1059,0
listing_004880,user_00927,Leather shoes size 42,"Used carefully, normal sale, local pickup is possible.",121.25,fashion,Novosibirsk,437,0,4,True,0,6,False,False,False,1.0104,0
listing_004881,user_01528,Used iPhone 13 in good condition,"Personal item, can meet in person and answer questions.",1008.9,electronics,Sochi,1344,0,1,True,1,4,False,False,False,1.121,0
listing_004882,user_00434,Studio for long term rent,"Used carefully, normal sale, local pickup is possible.",83431.01,real_estate,Novosibirsk,131,2,4,True,0,6,False,False,False,1.1124,0
listing_004883,user_00111,Studio for long term rent,"Used carefully, normal sale, local pickup is possible.",97409.92,real_estate,Sochi,403,0,1,True,1,2,False,False,False,1.2988,0
listing_004884,user_00695,Apartment below market prepayment,"Urgent sale today, write outside the platform.",38646.53,real_estate,Sochi,7,5,17,False,0,1,False,True,True,0.5153,1
listing_004885,user_01169,One bedroom apartment near metro,Available for inspection before purchase.,71589.05,real_estate,Sochi,644,0,1,True,0,2,False,False,False,0.9545,0
listing_004886,user_00996,Apartment below market prepayment,"Urgent sale today, write outside the platform.",23559.18,real_estate,Novosibirsk,7,8,16,False,1,2,False,True,True,0.3141,1
listing_004887,user_01703,New table prepay reserve,"Delivery after deposit, no calls, messenger only.",289.06,furniture,Kazan,18,5,18,False,1,1,False,True,True,0.6424,1
listing_004888,user_01085,Car urgent sale no questions,"Prepayment only, contact me in Telegram.",3145.42,vehicles,Moscow,13,6,18,False,0,1,True,True,True,0.37,1
listing_004889,user_01049,New fridge half price urgent,"Prepayment only, contact me in Telegram.",386.47,home_appliances,Novosibirsk,10,4,15,True,2,2,True,True,True,0.5946,1
listing_004890,user_00972,Washing machine works well,"Used carefully, normal sale, local pickup is possible.",808.05,home_appliances,Kazan,829,1,3,True,1,3,False,False,False,1.2432,0
listing_004891,user_01095,Used city bike,Available for inspection before purchase.,8377.57,vehicles,Novosibirsk,1410,0,4,True,1,6,False,False,False,0.9856,0
listing_004892,user_00336,iPhone 15 Pro very cheap urgent,"Urgent sale today, write outside the platform.",164.09,electronics,Moscow,5,5,17,False,0,2,False,True,True,0.1823,1
listing_004893,user_01760,Used city bike,"Personal item, can meet in person and answer questions.",7770.07,vehicles,Saint Petersburg,1430,0,3,True,0,2,False,False,False,0.9141,0
listing_004894,user_01704,Rent urgent contact Telegram,"Urgent sale today, write outside the platform.",22753.1,real_estate,Kazan,8,5,22,False,2,1,True,True,True,0.3034,1
listing_004895,user_00034,Used iPhone 13 in good condition,Available for inspection before purchase.,916.24,electronics,Sochi,1165,0,3,True,1,6,False,False,False,1.018,0
listing_004896,user_00531,Microwave oven,"Personal item, can meet in person and answer questions.",543.93,home_appliances,Moscow,127,2,5,False,0,6,False,False,False,0.8368,0
listing_004897,user_01304,Washing machine works well,"Urgent sale today, write outside the platform.",764.03,home_appliances,Moscow,921,0,5,False,0,3,False,True,True,1.1754,0
listing_004898,user_00714,Microwave oven,"Used carefully, normal sale, local pickup is possible.",549.22,home_appliances,Kazan,459,0,3,True,0,3,False,False,False,0.845,0
listing_004899,user_01246,Used city bike,"Used carefully, normal sale, local pickup is possible.",8011.9,vehicles,Sochi,811,1,2,True,1,2,False,False,False,0.9426,0
listing_004900,user_00025,Used iPhone 13 in good condition,Available for inspection before purchase.,691.77,electronics,Moscow,826,4,9,True,0,4,False,False,False,0.7686,0
listing_004901,user_00668,Winter jacket lightly used,"Urgent sale today, write outside the platform.",124.15,fashion,Kazan,427,1,2,True,0,6,False,True,True,1.0346,0
listing_004902,user_00980,Used city bike,"Delivery after deposit, no calls, messenger only.",8965.7,vehicles,Moscow,376,1,2,True,0,3,False,True,True,1.0548,0
listing_004903,user_00878,Apartment below market prepayment,"Prepayment only, contact me in Telegram.",25201.49,real_estate,Moscow,12,3,15,False,1,1,True,True,True,0.336,1
listing_004904,user_00337,Used city bike,"Personal item, can meet in person and answer questions.",8231.5,vehicles,Kazan,470,3,4,True,0,5,False,False,False,0.9684,0
listing_004905,user_01182,Washing machine works well,"Personal item, can meet in person and answer questions.",678.84,home_appliances,Moscow,799,1,4,True,0,5,False,False,False,1.0444,0
listing_004906,user_00126,Sneakers limited urgent,"Delivery after deposit, no calls, messenger only.",63.34,fashion,Saint Petersburg,5,6,16,False,2,2,False,True,True,0.5278,1
listing_004907,user_01247,Washing machine works well,"Personal item, can meet in person and answer questions.",641.9,home_appliances,Kazan,827,0,1,True,0,5,False,False,False,0.9875,0
listing_004908,user_01064,New fridge half price urgent,"Delivery after deposit, no calls, messenger only.",376.42,home_appliances,Novosibirsk,0,3,9,False,0,1,False,True,True,0.5791,1
listing_004909,user_00757,Luxury jacket original cheap,"Prepayment only, contact me in Telegram.",42.25,fashion,Saint Petersburg,14,4,18,True,3,2,True,True,True,0.3521,1
listing_004910,user_01033,Studio for long term rent,Available for inspection before purchase.,84842.05,real_estate,Saint Petersburg,1435,2,7,True,0,3,False,False,False,1.1312,0
listing_004911,user_00383,One bedroom apartment near metro,"Used carefully, normal sale, local pickup is possible.",71688.15,real_estate,Novosibirsk,519,2,3,False,0,2,False,False,False,0.9558,0
listing_004912,user_00429,Used iPhone 13 in good condition,"Used carefully, normal sale, local pickup is possible.",770.22,electronics,Moscow,252,0,6,True,0,5,False,False,False,0.8558,0
listing_004913,user_00434,Studio for long term rent,"Used carefully, normal sale, local pickup is possible.",95374.22,real_estate,Sochi,717,0,2,False,0,4,False,False,False,1.2717,0
listing_004914,user_01534,Winter jacket lightly used,"Used carefully, normal sale, local pickup is possible.",166.41,fashion,Novosibirsk,901,0,1,True,1,2,False,False,False,1.3867,0
listing_004915,user_00457,Leather shoes size 42,"Delivery after deposit, no calls, messenger only.",89.23,fashion,Novosibirsk,1319,1,4,True,1,5,False,True,True,0.7436,0
listing_004916,user_00994,One bedroom apartment near metro,Available for inspection before purchase.,88229.25,real_estate,Sochi,696,2,4,True,0,2,False,False,False,1.1764,0
listing_004917,user_01204,Rent urgent contact Telegram,"Prepayment only, contact me in Telegram.",57193.68,real_estate,Novosibirsk,18,5,19,True,1,2,True,True,True,0.7626,1
listing_004918,user_00342,Winter jacket lightly used,Available for inspection before purchase.,84.2,fashion,Novosibirsk,301,1,3,False,0,5,False,False,False,0.7017,0
listing_004919,user_01111,Washer cheap Telegram,"Delivery after deposit, no calls, messenger only.",477.15,home_appliances,Saint Petersburg,14,8,14,False,4,1,True,True,True,0.7341,1
listing_004920,user_01393,Scooter cheap today only,"Delivery after deposit, no calls, messenger only.",1588.04,vehicles,Moscow,17,5,16,False,5,2,False,True,True,0.1868,1
listing_004921,user_00473,Studio for long term rent,Available for inspection before purchase.,90166.78,real_estate,Saint Petersburg,546,0,3,True,0,5,False,False,False,1.2022,0
listing_004922,user_01358,Studio for long term rent,Available for inspection before purchase.,85790.94,real_estate,Novosibirsk,1347,0,2,True,0,3,False,False,False,1.1439,0
listing_004923,user_00834,Dining table with chairs,"Used carefully, normal sale, local pickup is possible.",525.54,furniture,Saint Petersburg,1447,3,8,True,0,3,False,False,False,1.1679,0
listing_004924,user_00749,Used iPhone 13 in good condition,"Delivery after deposit, no calls, messenger only.",696.97,electronics,Saint Petersburg,748,1,3,False,0,6,False,True,True,0.7744,0
listing_004925,user_01715,New fridge half price urgent,"Urgent sale today, write outside the platform.",171.36,home_appliances,Saint Petersburg,5,3,11,False,2,1,False,True,True,0.2636,1
listing_004926,user_00280,Leather shoes size 42,"Used carefully, normal sale, local pickup is possible.",113.73,fashion,Moscow,215,3,5,True,0,6,False,False,False,0.9477,0
listing_004927,user_01397,iPhone 15 Pro very cheap urgent,"Prepayment only, contact me in Telegram.",225.56,electronics,Saint Petersburg,10,6,15,False,1,1,True,True,True,0.2506,1
listing_004928,user_00749,Used iPhone 13 in good condition,"Used carefully, normal sale, local pickup is possible.",1060.17,electronics,Kazan,526,0,1,True,1,2,False,False,False,1.178,0
listing_004929,user_00043,Winter jacket lightly used,"Personal item, can meet in person and answer questions.",86.58,fashion,Novosibirsk,1324,0,4,True,1,3,False,False,False,0.7215,0
listing_004930,user_01012,Apartment below market prepayment,"Prepayment only, contact me in Telegram.",53031.55,real_estate,Saint Petersburg,4,5,16,False,2,2,True,True,True,0.7071,1
listing_004931,user_01459,Used city bike,"Personal item, can meet in person and answer questions.",7625.65,vehicles,Moscow,600,1,3,False,0,2,False,False,False,0.8971,0
listing_004932,user_00765,Rent urgent contact Telegram,"Prepayment only, contact me in Telegram.",18775.38,real_estate,Novosibirsk,11,5,19,True,2,0,True,True,True,0.2503,1
listing_004933,user_01132,Car urgent sale no questions,"Delivery after deposit, no calls, messenger only.",2045.52,vehicles,Moscow,7,2,12,False,0,1,False,True,True,0.2406,1
listing_004934,user_00075,Used city bike,"Personal item, can meet in person and answer questions.",6781.65,vehicles,Moscow,1413,0,0,True,0,2,False,False,False,0.7978,0
listing_004935,user_01177,Gaming laptop with warranty,"Used carefully, normal sale, local pickup is possible.",810.94,electronics,Sochi,848,2,4,False,0,6,False,False,False,0.901,0
listing_004936,user_01033,Studio for long term rent,"Personal item, can meet in person and answer questions.",83914.35,real_estate,Sochi,150,0,5,True,0,3,False,False,False,1.1189,0
listing_004937,user_01438,Winter jacket lightly used,"Used carefully, normal sale, local pickup is possible.",133.43,fashion,Kazan,1476,1,5,True,0,2,False,False,False,1.1119,0
listing_004938,user_01039,Gaming laptop with warranty,"Used carefully, normal sale, local pickup is possible.",996.32,electronics,Kazan,709,0,3,True,1,6,False,False,False,1.107,0
listing_004939,user_01696,New table prepay reserve,"Urgent sale today, write outside the platform.",261.94,furniture,Moscow,7,11,20,False,2,0,False,True,True,0.5821,1
listing_004940,user_00362,Used city bike,Available for inspection before purchase.,9632.51,vehicles,Saint Petersburg,1452,1,3,False,0,2,False,False,False,1.1332,0
listing_004941,user_00753,Scooter cheap today only,Available for inspection before purchase.,8897.69,vehicles,Kazan,174,2,6,True,0,6,False,True,False,1.0468,0
listing_004942,user_01789,Leather shoes size 42,"Personal item, can meet in person and answer questions.",105.87,fashion,Saint Petersburg,686,1,4,True,1,2,False,False,False,0.8823,0
listing_004943,user_01511,Gaming laptop with warranty,"Prepayment only, contact me in Telegram.",348.14,electronics,Sochi,281,0,3,False,0,3,True,True,True,0.3868,1
listing_004944,user_00995,Dining table with chairs,"Personal item, can meet in person and answer questions.",480.92,furniture,Saint Petersburg,1123,3,8,True,1,4,False,False,False,1.0687,0
listing_004945,user_00294,Used city bike,Available for inspection before purchase.,6227.91,vehicles,Sochi,36,1,3,True,0,5,False,False,False,0.7327,0
listing_004946,user_01438,One bedroom apartment near metro,"Personal item, can meet in person and answer questions.",92208.5,real_estate,Saint Petersburg,302,0,4,True,0,2,False,False,False,1.2294,0
listing_004947,user_01457,Used iPhone 13 in good condition,"Prepayment only, contact me in Telegram.",1010.43,electronics,Kazan,887,2,6,True,0,6,True,True,True,1.1227,0
listing_004948,user_01402,Wooden desk in good condition,"Personal item, can meet in person and answer questions.",519.33,furniture,Novosibirsk,473,1,5,False,0,2,False,False,False,1.1541,0
listing_004949,user_00945,Wooden desk in good condition,Available for inspection before purchase.,434.23,furniture,Moscow,961,2,4,True,0,6,False,False,False,0.965,0
listing_004950,user_00773,Luxury jacket original cheap,"Urgent sale today, write outside the platform.",37.52,fashion,Novosibirsk,6,3,18,True,1,0,False,True,True,0.3127,1
listing_004951,user_00329,Gaming laptop with warranty,"Used carefully, normal sale, local pickup is possible.",700.77,electronics,Novosibirsk,1059,1,2,True,0,2,False,False,False,0.7786,0
listing_004952,user_00503,Microwave oven,Available for inspection before purchase.,764.33,home_appliances,Moscow,125,0,2,True,1,5,False,False,False,1.1759,0
listing_004953,user_01766,Washing machine works well,Available for inspection before purchase.,721.92,home_appliances,Sochi,1496,1,6,False,0,2,False,False,False,1.1106,0
listing_004954,user_01158,Microwave oven,"Used carefully, normal sale, local pickup is possible.",857.07,home_appliances,Moscow,891,3,5,True,0,2,False,False,False,1.3186,0
listing_004955,user_00730,New table prepay reserve,"Delivery after deposit, no calls, messenger only.",340.35,furniture,Novosibirsk,7,7,25,False,0,2,False,True,True,0.7563,1
listing_004956,user_01040,New fridge half price urgent,"Prepayment only, contact me in Telegram.",394.37,home_appliances,Saint Petersburg,16,5,18,False,2,2,True,True,True,0.6067,1
listing_004957,user_00299,One bedroom apartment near metro,Available for inspection before purchase.,77188.62,real_estate,Novosibirsk,406,1,5,True,0,3,False,False,False,1.0292,0
listing_004958,user_00336,Washing machine works well,"Personal item, can meet in person and answer questions.",867.18,home_appliances,Saint Petersburg,372,0,1,True,0,4,False,False,False,1.3341,0
listing_004959,user_00616,Wooden desk in good condition,"Used carefully, normal sale, local pickup is possible.",522.31,furniture,Novosibirsk,355,2,5,False,0,4,False,False,False,1.1607,0
listing_004960,user_01615,Winter jacket lightly used,"Delivery after deposit, no calls, messenger only.",125.18,fashion,Saint Petersburg,351,2,3,True,1,2,False,True,True,1.0432,0
listing_004961,user_01046,Studio for long term rent,Available for inspection before purchase.,65315.28,real_estate,Moscow,326,2,3,True,1,6,False,False,False,0.8709,0
listing_004962,user_00010,Car urgent sale no questions,"Urgent sale today, write outside the platform.",5055.3,vehicles,Moscow,5,5,15,False,0,1,False,True,True,0.5947,1
listing_004963,user_00199,Wooden desk in good condition,Available for inspection before purchase.,397.8,furniture,Novosibirsk,553,0,5,False,1,4,False,False,False,0.884,0
listing_004964,user_01121,Leather shoes size 42,Available for inspection before purchase.,163.87,fashion,Sochi,318,1,1,True,0,6,False,False,False,1.3656,0
listing_004965,user_01136,Used iPhone 13 in good condition,"Personal item, can meet in person and answer questions.",823.23,electronics,Kazan,1311,0,2,False,0,6,False,False,False,0.9147,0
listing_004966,user_01028,Wooden desk in good condition,"Personal item, can meet in person and answer questions.",404.91,furniture,Novosibirsk,1279,1,3,True,0,5,False,False,False,0.8998,0
listing_004967,user_01532,Used iPhone 13 in good condition,"Used carefully, normal sale, local pickup is possible.",1097.87,electronics,Moscow,1258,1,5,True,0,5,False,False,False,1.2199,0
listing_004968,user_00920,Toyota Corolla 2016 clean documents,"Used carefully, normal sale, local pickup is possible.",9445.49,vehicles,Novosibirsk,1491,1,5,True,0,3,False,False,False,1.1112,0
listing_004969,user_01075,Washing machine works well,Available for inspection before purchase.,695.04,home_appliances,Novosibirsk,1341,1,5,True,0,5,False,False,False,1.0693,0
listing_004970,user_01657,Car urgent sale no questions,"Delivery after deposit, no calls, messenger only.",1950.08,vehicles,Saint Petersburg,2,7,17,False,1,1,False,True,True,0.2294,1
listing_004971,user_01646,Winter jacket lightly used,"Used carefully, normal sale, local pickup is possible.",53.19,fashion,Moscow,1484,0,8,False,0,3,False,False,False,0.4432,0
listing_004972,user_00979,One bedroom apartment near metro,"Personal item, can meet in person and answer questions.",90080.31,real_estate,Kazan,1153,0,2,True,0,3,False,False,False,1.2011,0
listing_004973,user_00061,Used iPhone 13 in good condition,"Personal item, can meet in person and answer questions.",945.6,electronics,Novosibirsk,766,1,2,False,0,4,False,False,False,1.0507,0
listing_004974,user_00222,Leather shoes size 42,"Personal item, can meet in person and answer questions.",101.34,fashion,Kazan,1363,1,2,True,0,4,False,False,False,0.8445,0
listing_004975,user_01482,Toyota Corolla 2016 clean documents,"Used carefully, normal sale, local pickup is possible.",6429.84,vehicles,Sochi,212,1,1,True,1,2,False,False,False,0.7565,0
listing_004976,user_01064,Winter jacket lightly used,Available for inspection before purchase.,142.11,fashion,Saint Petersburg,1484,0,3,True,1,4,False,False,False,1.1843,0
listing_004977,user_00701,Rent urgent contact Telegram,"Delivery after deposit, no calls, messenger only.",41641.73,real_estate,Sochi,13,6,22,False,0,0,True,True,True,0.5552,1
listing_004978,user_01233,Washing machine works well,Available for inspection before purchase.,670.62,home_appliances,Kazan,1296,3,7,True,0,5,False,False,False,1.0317,0
listing_004979,user_00997,Studio for long term rent,Available for inspection before purchase.,96810.28,real_estate,Moscow,832,0,2,True,0,2,False,False,False,1.2908,0
listing_004980,user_00606,Luxury jacket original cheap,"Prepayment only, contact me in Telegram.",27.01,fashion,Moscow,2,2,17,True,2,1,True,True,True,0.2251,1
listing_004981,user_00031,Studio for long term rent,"Used carefully, normal sale, local pickup is possible.",58011.13,real_estate,Kazan,706,0,1,True,0,2,False,False,False,0.7735,0
listing_004982,user_01290,Wooden desk in good condition,"Personal item, can meet in person and answer questions.",550.15,furniture,Kazan,595,0,3,False,1,6,False,False,False,1.2226,0
listing_004983,user_00729,Microwave oven,"Personal item, can meet in person and answer questions.",527.27,home_appliances,Novosibirsk,589,0,0,True,0,5,False,False,False,0.8112,0
listing_004984,user_00136,Used iPhone 13 in good condition,"Personal item, can meet in person and answer questions.",1231.91,electronics,Kazan,1140,1,1,True,1,3,False,False,False,1.3688,0
listing_004985,user_01221,Leather shoes size 42,Available for inspection before purchase.,143.4,fashion,Novosibirsk,457,1,3,True,0,3,False,False,False,1.195,0
listing_004986,user_01328,Used city bike,Available for inspection before purchase.,6506.55,vehicles,Moscow,1294,1,4,True,0,4,False,False,False,0.7655,0
listing_004987,user_01072,Washing machine works well,"Personal item, can meet in person and answer questions.",622.63,home_appliances,Kazan,1050,1,3,True,1,2,False,False,False,0.9579,0
listing_004988,user_01058,Apartment below market prepayment,"Urgent sale today, write outside the platform.",52585.46,real_estate,Saint Petersburg,11,4,17,False,2,0,False,True,True,0.7011,1
listing_004989,user_01459,Gaming laptop with warranty,"Personal item, can meet in person and answer questions.",1095.47,electronics,Moscow,417,1,6,True,0,5,False,False,False,1.2172,0
listing_004990,user_01572,Gaming laptop with warranty,Available for inspection before purchase.,611.08,electronics,Sochi,471,1,7,False,1,4,False,False,False,0.679,0
listing_004991,user_01669,Rent urgent contact Telegram,"Urgent sale today, write outside the platform.",27571.99,real_estate,Saint Petersburg,15,7,15,False,1,1,True,True,True,0.3676,1
listing_004992,user_00195,Used city bike,"Personal item, can meet in person and answer questions.",11777.92,vehicles,Moscow,1257,0,3,True,0,2,False,False,False,1.3856,0
listing_004993,user_01404,New fridge half price urgent,"Urgent sale today, write outside the platform.",119.87,home_appliances,Kazan,6,7,15,False,1,0,False,True,True,0.1844,1
listing_004994,user_00341,Used iPhone 13 in good condition,"Personal item, can meet in person and answer questions.",363.15,electronics,Moscow,1428,0,3,False,1,3,False,False,False,0.4035,0
listing_004995,user_01547,Gaming laptop with warranty,"Personal item, can meet in person and answer questions.",652.13,electronics,Saint Petersburg,540,1,3,True,1,5,False,False,False,0.7246,0
listing_004996,user_01335,Sneakers limited urgent,"Delivery after deposit, no calls, messenger only.",78.16,fashion,Novosibirsk,20,8,22,False,4,1,False,True,True,0.6513,1
listing_004997,user_01600,iPhone 15 Pro very cheap urgent,"Delivery after deposit, no calls, messenger only.",574.79,electronics,Saint Petersburg,12,7,20,True,1,1,False,True,True,0.6387,1
listing_004998,user_00063,Apartment below market prepayment,"Prepayment only, contact me in Telegram.",50740.3,real_estate,Saint Petersburg,7,6,19,False,0,1,True,True,True,0.6765,1
listing_004999,user_00312,Wooden desk in good condition,"Personal item, can meet in person and answer questions.",379.09,furniture,Saint Petersburg,202,0,1,True,0,5,False,False,False,0.8424,0
listing_005000,user_00488,Dining table with chairs,"Used carefully, normal sale, local pickup is possible.",383.24,furniture,Kazan,1367,0,4,False,1,3,False,False,False,0.8516,0
